  0
SECTION
  2
HEADER
  9
$ACADVER
  1
AC1009
  9
$FILLMODE
 70
0
  9
$EXTMIN
 10
-11.6635
 20
-13.9408
 30
0.0000
  9
$EXTMAX
 10
59.6608
 20
108.3906
 30
0.0000
  0
ENDSEC
  0
SECTION
  2
TABLES
  0
TABLE
  2
LTYPE
 70
1
  0
LTYPE
  2
CONTINUOUS
 70
64
  3
Solid line
 72
65
 73
0
 40
0
  0
ENDTAB
  0
TABLE
  2
LAYER
 70
255
  0
LAYER
  2
19
 70
64
 62
53
  6
CONTINUOUS
  0
LAYER
  2
20
 70
64
 62
30
  6
CONTINUOUS
  0
LAYER
  2
21
 70
64
 62
253
  6
CONTINUOUS
  0
LAYER
  2
48
 70
64
 62
213
  6
CONTINUOUS
  0
LAYER
  2
51
 70
64
 62
253
  6
CONTINUOUS
  0
ENDTAB
  0
ENDSEC
  0
SECTION
  2
BLOCKS
  0
BLOCK
  8
0
  2
RECT
 70
64
 10
0.0000
 20
0.0000
 30
0.0000
  3
RECT
  0
SOLID
  8
0
 10
-0.5000
 20
-0.5000
 30
0.0000
 11
0.5000
 21
-0.5000
 31
0.0000
 12
-0.5000
 22
0.5000
 32
0.0000
 13
0.5000
 23
0.5000
 33
0.0000
  0
ENDBLK
  8
0
  0
BLOCK
  8
0
  2
PIE
 70
64
 10
0.0000
 20
0.0000
 30
0.0000
  3
PIE
  0
CIRCLE
  8
0
 10
0.0000
 20
0.0000
 30
0.0000
 40
0.5000
  0
ENDBLK
  8
0
  0
BLOCK
  8
0
  2
OCTAGONP
 70
64
 10
0.0000
 20
0.0000
 30
0.0000
  3
OCTAGONP
  0
POLYLINE
  8
0
 66
1
 10
0.0000
 20
0.0000
 30
0.0000
 40
0.0000
 41
0.0000
 70
1
  0
VERTEX
  8
0
 10
-0.5000
 20
-0.2071
 30
0.0000
  0
VERTEX
  8
0
 10
-0.5000
 20
0.2071
 30
0.0000
  0
VERTEX
  8
0
 10
-0.2071
 20
0.5000
 30
0.0000
  0
VERTEX
  8
0
 10
0.2071
 20
0.5000
 30
0.0000
  0
VERTEX
  8
0
 10
0.5000
 20
0.2071
 30
0.0000
  0
VERTEX
  8
0
 10
0.5000
 20
-0.2071
 30
0.0000
  0
VERTEX
  8
0
 10
0.2071
 20
-0.5000
 30
0.0000
  0
VERTEX
  8
0
 10
-0.2071
 20
-0.5000
 30
0.0000
  0
SEQEND
  8
0
  0
ENDBLK
  8
0
  0
BLOCK
  8
0
  2
SQUAREP
 70
64
 10
0.0000
 20
0.0000
 30
0.0000
  3
SQUAREP
  0
SOLID
  8
0
 10
-0.5000
 20
-0.5000
 30
0.0000
 11
0.5000
 21
-0.5000
 31
0.0000
 12
-0.5000
 22
0.5000
 32
0.0000
 13
0.5000
 23
0.5000
 33
0.0000
  0
ENDBLK
  8
0
  0
BLOCK
  8
0
  2
ROUNDP
 70
64
 10
0.0000
 20
0.0000
 30
0.0000
  3
ROUNDP
  0
CIRCLE
  8
0
 10
0.0000
 20
0.0000
 30
0.0000
 40
0.5000
  0
ENDBLK
  8
0
  0
BLOCK
  8
0
  2
ANNULUSP
 70
64
 10
0.0000
 20
0.0000
 30
0.0000
  3
ANNULUSP
  0
CIRCLE
  8
0
 10
0.0000
 20
0.0000
 30
0.0000
 40
0.5000
  0
ENDBLK
  8
0
  0
BLOCK
  8
0
  2
THERMALP
 70
64
 10
0.0000
 20
0.0000
 30
0.0000
  3
THERMALP
  0
LINE
  8
0
 10
-0.2379
 20
0.4500
 30
0.0000
 11
0.2379
 21
0.4500
 31
0.0000
  0
LINE
  8
0
 10
0.4500
 20
0.2379
 30
0.0000
 11
0.4500
 21
-0.2379
 31
0.0000
  0
LINE
  8
0
 10
0.2379
 20
-0.4500
 30
0.0000
 11
-0.2379
 21
-0.4500
 31
0.0000
  0
LINE
  8
0
 10
-0.4500
 20
-0.2379
 30
0.0000
 11
-0.4500
 21
0.2379
 31
0.0000
  0
ENDBLK
  8
0
  0
BLOCK
  8
0
  2
OCTAGONV
 70
64
 10
0.0000
 20
0.0000
 30
0.0000
  3
OCTAGONV
  0
POLYLINE
  8
0
 66
1
 10
0.0000
 20
0.0000
 30
0.0000
 40
0.0000
 41
0.0000
 70
1
  0
VERTEX
  8
0
 10
-0.5000
 20
-0.2071
 30
0.0000
  0
VERTEX
  8
0
 10
-0.5000
 20
0.2071
 30
0.0000
  0
VERTEX
  8
0
 10
-0.2071
 20
0.5000
 30
0.0000
  0
VERTEX
  8
0
 10
0.2071
 20
0.5000
 30
0.0000
  0
VERTEX
  8
0
 10
0.5000
 20
0.2071
 30
0.0000
  0
VERTEX
  8
0
 10
0.5000
 20
-0.2071
 30
0.0000
  0
VERTEX
  8
0
 10
0.2071
 20
-0.5000
 30
0.0000
  0
VERTEX
  8
0
 10
-0.2071
 20
-0.5000
 30
0.0000
  0
SEQEND
  8
0
  0
ENDBLK
  8
0
  0
BLOCK
  8
0
  2
SQUAREV
 70
64
 10
0.0000
 20
0.0000
 30
0.0000
  3
SQUAREV
  0
SOLID
  8
0
 10
-0.5000
 20
-0.5000
 30
0.0000
 11
0.5000
 21
-0.5000
 31
0.0000
 12
-0.5000
 22
0.5000
 32
0.0000
 13
0.5000
 23
0.5000
 33
0.0000
  0
ENDBLK
  8
0
  0
BLOCK
  8
0
  2
ROUNDV
 70
64
 10
0.0000
 20
0.0000
 30
0.0000
  3
ROUNDV
  0
CIRCLE
  8
0
 10
0.0000
 20
0.0000
 30
0.0000
 40
0.5000
  0
ENDBLK
  8
0
  0
BLOCK
  8
0
  2
ANNULUSV
 70
64
 10
0.0000
 20
0.0000
 30
0.0000
  3
ANNULUSV
  0
CIRCLE
  8
0
 10
0.0000
 20
0.0000
 30
0.0000
 40
0.5000
  0
ENDBLK
  8
0
  0
BLOCK
  8
0
  2
THERMALV
 70
64
 10
0.0000
 20
0.0000
 30
0.0000
  3
THERMALV
  0
LINE
  8
0
 10
-0.2379
 20
0.4500
 30
0.0000
 11
0.2379
 21
0.4500
 31
0.0000
  0
LINE
  8
0
 10
0.4500
 20
0.2379
 30
0.0000
 11
0.4500
 21
-0.2379
 31
0.0000
  0
LINE
  8
0
 10
0.2379
 20
-0.4500
 30
0.0000
 11
-0.2379
 21
-0.4500
 31
0.0000
  0
LINE
  8
0
 10
-0.4500
 20
-0.2379
 30
0.0000
 11
-0.4500
 21
0.2379
 31
0.0000
  0
ENDBLK
  8
0
  0
ENDSEC
  0
SECTION
  2
ENTITIES
  0
LINE
  8
20
 10
0.0000
 20
0.0000
 30
0.0000
 11
43.0000
 21
0.0000
 31
0.0000
  0
LINE
  8
20
 10
0.0000
 20
71.0000
 30
0.0000
 11
0.0000
 21
0.0000
 31
0.0000
  0
LINE
  8
20
 10
0.0000
 20
71.0000
 30
0.0000
 11
43.0000
 21
71.0000
 31
0.0000
  0
ARC
  8
21
 10
41.3163
 20
12.8131
 30
0.0000
 40
0.8586
 50
303.6901
 51
236.3099
  0
LINE
  8
21
 10
41.3163
 20
12.8131
 30
0.0000
 11
41.3163
 21
11.2256
 31
0.0000
  0
LINE
  8
21
 10
41.3163
 20
13.6863
 30
0.0000
 11
41.3163
 21
14.9563
 31
0.0000
  0
LINE
  8
20
 10
43.0000
 20
0.0000
 30
0.0000
 11
43.0000
 21
71.0000
 31
0.0000
  0
LINE
  8
21
 10
14.8717
 20
11.4496
 30
0.0000
 11
13.7033
 21
11.4496
 31
0.0000
  0
LINE
  8
21
 10
14.0928
 20
11.4496
 30
0.0000
 11
14.0928
 21
11.7741
 31
0.0000
  0
ARC
  8
21
 10
14.2875
 20
11.7741
 30
0.0000
 40
0.1947
 50
90.0009
 51
180.0000
  0
LINE
  8
21
 10
14.2875
 20
11.9688
 30
0.0000
 11
14.8717
 21
11.9688
 31
0.0000
  0
LINE
  8
21
 10
14.0928
 20
12.3815
 30
0.0000
 11
14.0928
 21
12.7710
 31
0.0000
  0
LINE
  8
21
 10
13.7033
 20
12.5113
 30
0.0000
 11
14.6770
 21
12.5113
 31
0.0000
  0
ARC
  8
21
 10
14.6770
 20
12.7061
 30
0.0000
 40
0.1947
 50
270.0000
 51
0.0000
  0
LINE
  8
21
 10
14.8717
 20
12.7061
 30
0.0000
 11
14.8717
 21
12.7710
 31
0.0000
  0
LINE
  8
21
 10
14.0928
 20
13.1054
 30
0.0000
 11
14.0928
 21
13.4949
 31
0.0000
  0
LINE
  8
21
 10
13.7033
 20
13.2352
 30
0.0000
 11
14.6770
 21
13.2352
 31
0.0000
  0
ARC
  8
21
 10
14.6770
 20
13.4300
 30
0.0000
 40
0.1947
 50
270.0000
 51
0.0000
  0
LINE
  8
21
 10
14.8717
 20
13.4300
 30
0.0000
 11
14.8717
 21
13.4949
 31
0.0000
  0
LINE
  8
21
 10
15.2612
 20
13.9700
 30
0.0000
 11
14.0928
 21
13.9700
 31
0.0000
  0
LINE
  8
21
 10
14.0928
 20
13.9700
 30
0.0000
 11
14.0928
 21
14.2946
 31
0.0000
  0
ARC
  8
21
 10
14.2875
 20
14.2946
 30
0.0000
 40
0.1947
 50
90.0009
 51
180.0000
  0
LINE
  8
21
 10
14.2875
 20
14.4893
 30
0.0000
 11
14.6770
 21
14.4893
 31
0.0000
  0
ARC
  8
21
 10
14.6770
 20
14.2946
 30
0.0000
 40
0.1947
 50
0.0000
 51
90.0000
  0
LINE
  8
21
 10
14.8717
 20
14.2946
 30
0.0000
 11
14.8717
 21
13.9700
 31
0.0000
  0
LINE
  8
21
 10
14.7743
 20
14.9533
 30
0.0000
 11
14.7094
 21
14.9533
 31
0.0000
  0
LINE
  8
21
 10
14.7094
 20
14.9533
 30
0.0000
 11
14.7094
 21
15.0182
 31
0.0000
  0
LINE
  8
21
 10
14.7094
 20
15.0182
 30
0.0000
 11
14.7743
 21
15.0182
 31
0.0000
  0
LINE
  8
21
 10
14.7743
 20
15.0182
 30
0.0000
 11
14.7743
 21
14.9533
 31
0.0000
  0
LINE
  8
21
 10
14.2550
 20
14.9533
 30
0.0000
 11
14.1901
 21
14.9533
 31
0.0000
  0
LINE
  8
21
 10
14.1901
 20
14.9533
 30
0.0000
 11
14.1901
 21
15.0182
 31
0.0000
  0
LINE
  8
21
 10
14.1901
 20
15.0182
 30
0.0000
 11
14.2550
 21
15.0182
 31
0.0000
  0
LINE
  8
21
 10
14.2550
 20
15.0182
 30
0.0000
 11
14.2550
 21
14.9533
 31
0.0000
  0
LINE
  8
21
 10
15.0015
 20
15.4500
 30
0.0000
 11
13.5735
 21
15.9693
 31
0.0000
  0
LINE
  8
21
 10
15.0015
 20
16.3644
 30
0.0000
 11
13.5735
 21
16.8837
 31
0.0000
  0
LINE
  8
21
 10
14.8717
 20
17.8303
 30
0.0000
 11
14.8717
 21
17.5058
 31
0.0000
  0
ARC
  8
21
 10
14.6770
 20
17.5058
 30
0.0000
 40
0.1947
 50
270.0000
 51
0.0000
  0
LINE
  8
21
 10
14.6770
 20
17.3110
 30
0.0000
 11
14.2875
 21
17.3110
 31
0.0000
  0
ARC
  8
21
 10
14.2875
 20
17.5058
 30
0.0000
 40
0.1947
 50
180.0000
 51
270.0000
  0
LINE
  8
21
 10
14.0928
 20
17.5058
 30
0.0000
 11
14.0928
 21
17.8303
 31
0.0000
  0
LINE
  8
21
 10
14.0928
 20
17.8303
 30
0.0000
 11
15.0664
 21
17.8303
 31
0.0000
  0
ARC
  8
21
 10
15.0664
 20
17.6356
 30
0.0000
 40
0.1947
 50
0.0000
 51
90.0000
  0
LINE
  8
21
 10
15.2612
 20
17.6356
 30
0.0000
 11
15.2612
 21
17.3760
 31
0.0000
  0
LINE
  8
21
 10
14.8717
 20
18.3386
 30
0.0000
 11
14.0928
 21
18.3386
 31
0.0000
  0
LINE
  8
21
 10
13.7682
 20
18.3061
 30
0.0000
 11
13.7033
 21
18.3061
 31
0.0000
  0
LINE
  8
21
 10
13.7033
 20
18.3061
 30
0.0000
 11
13.7033
 21
18.3710
 31
0.0000
  0
LINE
  8
21
 10
13.7033
 20
18.3710
 30
0.0000
 11
13.7682
 21
18.3710
 31
0.0000
  0
LINE
  8
21
 10
13.7682
 20
18.3710
 30
0.0000
 11
13.7682
 21
18.3061
 31
0.0000
  0
LINE
  8
21
 10
14.0928
 20
18.7061
 30
0.0000
 11
14.0928
 21
19.0956
 31
0.0000
  0
LINE
  8
21
 10
13.7033
 20
18.8359
 30
0.0000
 11
14.6770
 21
18.8359
 31
0.0000
  0
ARC
  8
21
 10
14.6770
 20
19.0307
 30
0.0000
 40
0.1947
 50
270.0000
 51
0.0000
  0
LINE
  8
21
 10
14.8717
 20
19.0307
 30
0.0000
 11
14.8717
 21
19.0956
 31
0.0000
  0
LINE
  8
21
 10
14.8717
 20
19.5648
 30
0.0000
 11
13.7033
 21
19.5648
 31
0.0000
  0
LINE
  8
21
 10
14.0928
 20
19.5648
 30
0.0000
 11
14.0928
 21
19.8894
 31
0.0000
  0
ARC
  8
21
 10
14.2875
 20
19.8894
 30
0.0000
 40
0.1947
 50
90.0009
 51
180.0000
  0
LINE
  8
21
 10
14.2875
 20
20.0841
 30
0.0000
 11
14.8717
 21
20.0841
 31
0.0000
  0
LINE
  8
21
 10
14.0928
 20
20.6316
 30
0.0000
 11
14.6770
 21
20.6316
 31
0.0000
  0
ARC
  8
21
 10
14.6770
 20
20.8264
 30
0.0000
 40
0.1947
 50
270.0000
 51
0.0000
  0
LINE
  8
21
 10
14.8717
 20
20.8264
 30
0.0000
 11
14.8717
 21
21.1509
 31
0.0000
  0
LINE
  8
21
 10
14.8717
 20
21.1509
 30
0.0000
 11
14.0928
 21
21.1509
 31
0.0000
  0
LINE
  8
21
 10
13.7033
 20
21.7043
 30
0.0000
 11
14.8717
 21
21.7043
 31
0.0000
  0
LINE
  8
21
 10
14.8717
 20
21.7043
 30
0.0000
 11
14.8717
 21
22.0289
 31
0.0000
  0
ARC
  8
21
 10
14.6770
 20
22.0289
 30
0.0000
 40
0.1947
 50
0.0000
 51
90.0000
  0
LINE
  8
21
 10
14.6770
 20
22.2236
 30
0.0000
 11
14.2875
 21
22.2236
 31
0.0000
  0
ARC
  8
21
 10
14.2875
 20
22.0289
 30
0.0000
 40
0.1947
 50
90.0000
 51
180.0000
  0
LINE
  8
21
 10
14.0928
 20
22.0289
 30
0.0000
 11
14.0928
 21
21.7043
 31
0.0000
  0
LINE
  8
21
 10
14.8717
 20
22.6495
 30
0.0000
 11
14.8068
 21
22.6495
 31
0.0000
  0
LINE
  8
21
 10
14.8068
 20
22.6495
 30
0.0000
 11
14.8068
 21
22.7144
 31
0.0000
  0
LINE
  8
21
 10
14.8068
 20
22.7144
 30
0.0000
 11
14.8717
 21
22.7144
 31
0.0000
  0
LINE
  8
21
 10
14.8717
 20
22.7144
 30
0.0000
 11
14.8717
 21
22.6495
 31
0.0000
  0
LINE
  8
21
 10
14.8717
 20
23.6019
 30
0.0000
 11
14.8717
 21
23.3423
 31
0.0000
  0
ARC
  8
21
 10
14.6770
 20
23.3423
 30
0.0000
 40
0.1947
 50
270.0000
 51
0.0000
  0
LINE
  8
21
 10
14.6770
 20
23.1476
 30
0.0000
 11
14.2875
 21
23.1476
 31
0.0000
  0
ARC
  8
21
 10
14.2875
 20
23.3423
 30
0.0000
 40
0.1947
 50
180.0000
 51
270.0000
  0
LINE
  8
21
 10
14.0928
 20
23.3423
 30
0.0000
 11
14.0928
 21
23.6019
 31
0.0000
  0
LINE
  8
21
 10
14.6121
 20
24.0225
 30
0.0000
 11
14.3524
 21
24.0225
 31
0.0000
  0
ARC
  8
21
 10
14.3524
 20
24.2822
 30
0.0000
 40
0.2596
 50
90.0000
 51
270.0000
  0
LINE
  8
21
 10
14.3524
 20
24.5418
 30
0.0000
 11
14.6121
 21
24.5418
 31
0.0000
  0
ARC
  8
21
 10
14.6121
 20
24.2822
 30
0.0000
 40
0.2596
 50
270.0000
 51
90.0000
  0
LINE
  8
21
 10
14.8717
 20
25.0738
 30
0.0000
 11
14.0928
 21
25.0738
 31
0.0000
  0
LINE
  8
21
 10
14.0928
 20
25.0738
 30
0.0000
 11
14.0928
 21
25.6580
 31
0.0000
  0
ARC
  8
21
 10
14.2875
 20
25.6580
 30
0.0000
 40
0.1947
 50
90.0000
 51
180.0000
  0
LINE
  8
21
 10
14.2875
 20
25.8527
 30
0.0000
 11
14.8717
 21
25.8527
 31
0.0000
  0
LINE
  8
21
 10
14.8717
 20
25.4633
 30
0.0000
 11
14.0928
 21
25.4633
 31
0.0000
  0
LINE
  8
21
 10
15.0015
 20
26.3466
 30
0.0000
 11
13.5735
 21
26.8659
 31
0.0000
  0
LINE
  8
21
 10
16.4521
 20
11.9039
 30
0.0000
 11
16.3223
 21
11.5794
 31
0.0000
  0
ARC
  8
21
 10
16.1661
 20
11.6419
 30
0.0000
 40
0.1683
 50
179.1818
 51
338.1989
  0
ARC
  8
21
 10
16.7348
 20
11.6338
 30
0.0000
 40
0.7371
 50
155.7611
 51
179.1819
  0
ARC
  8
21
 10
16.6084
 20
11.8414
 30
0.0000
 40
0.1683
 50
359.1819
 51
158.1986
  0
ARC
  8
21
 10
15.6760
 20
11.8547
 30
0.0000
 40
1.1008
 50
340.2090
 51
359.1819
  0
LINE
  8
21
 10
15.9978
 20
12.4345
 30
0.0000
 11
16.7767
 21
12.6942
 31
0.0000
  0
LINE
  8
21
 10
16.7767
 20
12.6942
 30
0.0000
 11
15.9978
 21
12.9538
 31
0.0000
  0
LINE
  8
21
 10
16.7767
 20
13.9063
 30
0.0000
 11
16.7767
 21
13.5817
 31
0.0000
  0
ARC
  8
21
 10
16.5820
 20
13.5817
 30
0.0000
 40
0.1947
 50
270.0000
 51
0.0000
  0
LINE
  8
21
 10
16.5820
 20
13.3870
 30
0.0000
 11
16.2574
 21
13.3870
 31
0.0000
  0
ARC
  8
21
 10
16.2574
 20
13.6467
 30
0.0000
 40
0.2596
 50
90.0000
 51
270.0000
  0
LINE
  8
21
 10
16.2574
 20
13.9063
 30
0.0000
 11
16.3872
 21
13.9063
 31
0.0000
  0
LINE
  8
21
 10
16.3872
 20
13.9063
 30
0.0000
 11
16.3872
 21
13.3870
 31
0.0000
  0
LINE
  8
21
 10
16.7767
 20
14.4157
 30
0.0000
 11
15.9978
 21
14.4157
 31
0.0000
  0
LINE
  8
21
 10
15.9978
 20
14.4157
 30
0.0000
 11
15.9978
 21
14.7403
 31
0.0000
  0
ARC
  8
21
 10
16.1925
 20
14.7403
 30
0.0000
 40
0.1947
 50
90.0009
 51
180.0000
  0
LINE
  8
21
 10
16.1925
 20
14.9350
 30
0.0000
 11
16.7767
 21
14.9350
 31
0.0000
  0
LINE
  8
21
 10
17.1662
 20
15.4884
 30
0.0000
 11
15.9978
 21
15.4884
 31
0.0000
  0
LINE
  8
21
 10
15.9978
 20
15.4884
 30
0.0000
 11
15.9978
 21
15.8129
 31
0.0000
  0
ARC
  8
21
 10
16.1925
 20
15.8129
 30
0.0000
 40
0.1947
 50
90.0009
 51
180.0000
  0
LINE
  8
21
 10
16.1925
 20
16.0077
 30
0.0000
 11
16.5820
 21
16.0077
 31
0.0000
  0
ARC
  8
21
 10
16.5820
 20
15.8129
 30
0.0000
 40
0.1947
 50
0.0000
 51
90.0000
  0
LINE
  8
21
 10
16.7767
 20
15.8129
 30
0.0000
 11
16.7767
 21
15.4884
 31
0.0000
  0
LINE
  8
21
 10
16.7767
 20
16.9924
 30
0.0000
 11
16.7767
 21
16.6678
 31
0.0000
  0
ARC
  8
21
 10
16.5820
 20
16.6678
 30
0.0000
 40
0.1947
 50
270.0000
 51
0.0000
  0
LINE
  8
21
 10
16.5820
 20
16.4731
 30
0.0000
 11
16.2574
 21
16.4731
 31
0.0000
  0
ARC
  8
21
 10
16.2574
 20
16.7327
 30
0.0000
 40
0.2596
 50
90.0000
 51
270.0000
  0
LINE
  8
21
 10
16.2574
 20
16.9924
 30
0.0000
 11
16.3872
 21
16.9924
 31
0.0000
  0
LINE
  8
21
 10
16.3872
 20
16.9924
 30
0.0000
 11
16.3872
 21
16.4731
 31
0.0000
  0
LINE
  8
21
 10
15.9978
 20
17.3670
 30
0.0000
 11
15.9978
 21
17.7564
 31
0.0000
  0
LINE
  8
21
 10
15.6083
 20
17.4968
 30
0.0000
 11
16.5820
 21
17.4968
 31
0.0000
  0
ARC
  8
21
 10
16.5820
 20
17.6915
 30
0.0000
 40
0.1947
 50
270.0000
 51
0.0000
  0
LINE
  8
21
 10
16.7767
 20
17.6915
 30
0.0000
 11
16.7767
 21
17.7564
 31
0.0000
  0
LINE
  8
21
 10
16.7767
 20
18.7069
 30
0.0000
 11
16.7767
 21
18.3823
 31
0.0000
  0
ARC
  8
21
 10
16.5820
 20
18.3823
 30
0.0000
 40
0.1947
 50
270.0000
 51
0.0000
  0
LINE
  8
21
 10
16.5820
 20
18.1876
 30
0.0000
 11
16.2574
 21
18.1876
 31
0.0000
  0
ARC
  8
21
 10
16.2574
 20
18.4472
 30
0.0000
 40
0.2596
 50
90.0000
 51
270.0000
  0
LINE
  8
21
 10
16.2574
 20
18.7069
 30
0.0000
 11
16.3872
 21
18.7069
 31
0.0000
  0
LINE
  8
21
 10
16.3872
 20
18.7069
 30
0.0000
 11
16.3872
 21
18.1876
 31
0.0000
  0
LINE
  8
21
 10
16.7767
 20
19.2229
 30
0.0000
 11
15.9978
 21
19.2229
 31
0.0000
  0
LINE
  8
21
 10
15.9978
 20
19.2229
 30
0.0000
 11
15.9978
 21
19.6124
 31
0.0000
  0
LINE
  8
21
 10
15.9978
 20
19.6124
 30
0.0000
 11
16.1276
 21
19.6124
 31
0.0000
  0
LINE
  8
21
 10
16.4521
 20
20.4002
 30
0.0000
 11
16.3223
 21
20.0757
 31
0.0000
  0
ARC
  8
21
 10
16.1661
 20
20.1382
 30
0.0000
 40
0.1683
 50
179.1818
 51
338.1989
  0
ARC
  8
21
 10
16.7348
 20
20.1301
 30
0.0000
 40
0.7371
 50
155.7611
 51
179.1819
  0
ARC
  8
21
 10
16.6084
 20
20.3377
 30
0.0000
 40
0.1683
 50
359.1819
 51
158.1986
  0
ARC
  8
21
 10
15.6760
 20
20.3510
 30
0.0000
 40
1.1008
 50
340.2090
 51
359.1819
  0
LINE
  8
21
 10
16.7767
 20
21.4882
 30
0.0000
 11
16.7767
 21
21.1636
 31
0.0000
  0
ARC
  8
21
 10
16.5820
 20
21.1636
 30
0.0000
 40
0.1947
 50
270.0000
 51
0.0000
  0
LINE
  8
21
 10
16.5820
 20
20.9689
 30
0.0000
 11
16.2574
 21
20.9689
 31
0.0000
  0
ARC
  8
21
 10
16.2574
 20
21.2285
 30
0.0000
 40
0.2596
 50
90.0000
 51
270.0000
  0
LINE
  8
21
 10
16.2574
 20
21.4882
 30
0.0000
 11
16.3872
 21
21.4882
 31
0.0000
  0
LINE
  8
21
 10
16.3872
 20
21.4882
 30
0.0000
 11
16.3872
 21
20.9689
 31
0.0000
  0
LINE
  8
21
 10
16.7767
 20
21.9976
 30
0.0000
 11
15.9978
 21
21.9976
 31
0.0000
  0
LINE
  8
21
 10
15.9978
 20
21.9976
 30
0.0000
 11
15.9978
 21
22.3222
 31
0.0000
  0
ARC
  8
21
 10
16.1925
 20
22.3222
 30
0.0000
 40
0.1947
 50
90.0009
 51
180.0000
  0
LINE
  8
21
 10
16.1925
 20
22.5169
 30
0.0000
 11
16.7767
 21
22.5169
 31
0.0000
  0
LINE
  8
21
 10
15.8679
 20
23.0376
 30
0.0000
 11
15.6083
 21
23.3621
 31
0.0000
  0
LINE
  8
21
 10
15.6083
 20
23.3621
 30
0.0000
 11
16.7767
 21
23.3621
 31
0.0000
  0
LINE
  8
21
 10
16.7767
 20
23.0376
 30
0.0000
 11
16.7767
 21
23.6867
 31
0.0000
  0
LINE
  8
21
 10
16.2574
 20
24.8297
 30
0.0000
 11
16.2574
 21
24.4402
 31
0.0000
  0
ARC
  8
21
 10
15.9978
 20
24.4402
 30
0.0000
 40
0.2596
 50
270.0000
 51
0.0000
  0
LINE
  8
21
 10
15.9978
 20
24.1806
 30
0.0000
 11
15.9329
 21
24.1806
 31
0.0000
  0
ARC
  8
21
 10
15.9329
 20
24.5051
 30
0.0000
 40
0.3246
 50
90.0000
 51
270.0000
  0
LINE
  8
21
 10
15.9329
 20
24.8297
 30
0.0000
 11
16.2574
 21
24.8297
 31
0.0000
  0
ARC
  8
21
 10
16.2574
 20
24.3104
 30
0.0000
 40
0.5193
 50
0.0000
 51
90.0000
  0
LINE
  8
21
 10
16.1276
 20
25.3236
 30
0.0000
 11
16.1276
 21
25.7130
 31
0.0000
  0
ARC
  8
21
 10
16.3872
 20
25.7130
 30
0.0000
 40
0.2596
 50
90.0000
 51
180.0000
  0
LINE
  8
21
 10
16.3872
 20
25.9727
 30
0.0000
 11
16.4521
 21
25.9727
 31
0.0000
  0
ARC
  8
21
 10
16.4521
 20
25.6481
 30
0.0000
 40
0.3246
 50
270.0000
 51
90.0000
  0
LINE
  8
21
 10
16.4521
 20
25.3236
 30
0.0000
 11
16.1276
 21
25.3236
 31
0.0000
  0
ARC
  8
21
 10
16.1276
 20
25.8429
 30
0.0000
 40
0.5193
 50
180.0007
 51
270.0000
  0
LINE
  8
21
 10
16.7767
 20
26.4666
 30
0.0000
 11
16.7767
 21
26.8560
 31
0.0000
  0
ARC
  8
21
 10
16.5171
 20
26.8560
 30
0.0000
 40
0.2596
 50
0.0000
 51
90.0000
  0
LINE
  8
21
 10
16.5171
 20
27.1157
 30
0.0000
 11
16.3872
 21
27.1157
 31
0.0000
  0
ARC
  8
21
 10
16.3872
 20
26.8560
 30
0.0000
 40
0.2596
 50
90.0000
 51
180.0000
  0
LINE
  8
21
 10
16.1276
 20
26.8560
 30
0.0000
 11
16.1276
 21
26.4666
 31
0.0000
  0
LINE
  8
21
 10
16.1276
 20
26.4666
 30
0.0000
 11
15.6083
 21
26.4666
 31
0.0000
  0
LINE
  8
21
 10
15.6083
 20
26.4666
 30
0.0000
 11
15.6083
 21
27.1157
 31
0.0000
  0
LINE
  8
21
 10
9.8306
 20
11.4749
 30
0.0000
 11
8.2050
 21
11.4749
 31
0.0000
  0
LINE
  8
21
 10
8.2050
 20
11.4749
 30
0.0000
 11
8.2050
 21
11.9265
 31
0.0000
  0
ARC
  8
21
 10
8.6565
 20
11.9265
 30
0.0000
 40
0.4516
 50
0.0000
 51
180.0000
  0
LINE
  8
21
 10
9.1081
 20
11.9265
 30
0.0000
 11
9.1081
 21
11.4749
 31
0.0000
  0
LINE
  8
21
 10
9.8306
 20
13.7424
 30
0.0000
 11
9.8306
 21
13.0200
 31
0.0000
  0
LINE
  8
21
 10
9.8306
 20
13.0200
 30
0.0000
 11
8.2050
 21
13.0200
 31
0.0000
  0
LINE
  8
21
 10
8.2050
 20
13.0200
 30
0.0000
 11
8.2050
 21
13.7424
 31
0.0000
  0
LINE
  8
21
 10
8.9274
 20
13.0200
 30
0.0000
 11
8.9274
 21
13.5618
 31
0.0000
  0
LINE
  8
21
 10
9.8306
 20
14.6669
 30
0.0000
 11
8.2050
 21
14.6669
 31
0.0000
  0
LINE
  8
21
 10
8.2050
 20
14.2154
 30
0.0000
 11
8.2050
 21
15.1185
 31
0.0000
  0
ARC
  8
21
 10
9.4693
 20
16.9977
 30
0.0000
 40
0.3612
 50
0.0000
 51
90.0000
  0
ARC
  8
21
 10
9.0674
 20
16.9977
 30
0.0000
 40
0.7631
 50
314.7608
 51
359.9999
  0
ARC
  8
21
 10
8.5662
 20
16.8622
 30
0.0000
 40
0.3612
 50
180.0000
 51
270.0000
  0
ARC
  8
21
 10
8.8823
 20
16.8622
 30
0.0000
 40
0.6773
 50
143.1296
 51
180.0000
  0
ARC
  8
21
 10
8.5662
 20
16.8679
 30
0.0000
 40
0.3669
 50
269.9998
 51
329.4900
  0
ARC
  8
21
 10
9.4693
 20
16.9921
 30
0.0000
 40
0.3669
 50
90.0000
 51
149.4898
  0
LINE
  8
21
 10
9.1532
 20
17.1783
 30
0.0000
 11
8.8823
 21
16.6816
 31
0.0000
  0
LINE
  8
21
 10
9.8306
 20
18.0190
 30
0.0000
 11
8.2050
 21
18.0190
 31
0.0000
  0
LINE
  8
21
 10
8.2050
 20
18.0190
 30
0.0000
 11
9.8306
 21
18.9221
 31
0.0000
  0
LINE
  8
21
 10
9.8306
 20
18.9221
 30
0.0000
 11
8.2050
 21
18.9221
 31
0.0000
  0
LINE
  8
21
 10
9.8306
 20
20.4118
 30
0.0000
 11
9.8306
 21
19.6893
 31
0.0000
  0
LINE
  8
21
 10
9.8306
 20
19.6893
 30
0.0000
 11
8.2050
 21
19.6893
 31
0.0000
  0
LINE
  8
21
 10
8.2050
 20
19.6893
 30
0.0000
 11
8.2050
 21
20.4118
 31
0.0000
  0
LINE
  8
21
 10
8.9274
 20
19.6893
 30
0.0000
 11
8.9274
 21
20.2311
 31
0.0000
  0
ARC
  8
21
 10
9.4693
 20
21.4787
 30
0.0000
 40
0.3612
 50
0.0000
 51
90.0000
  0
ARC
  8
21
 10
9.0674
 20
21.4787
 30
0.0000
 40
0.7631
 50
314.7608
 51
359.9999
  0
ARC
  8
21
 10
8.5662
 20
21.3432
 30
0.0000
 40
0.3612
 50
180.0000
 51
270.0000
  0
ARC
  8
21
 10
8.8823
 20
21.3432
 30
0.0000
 40
0.6773
 50
143.1296
 51
180.0000
  0
ARC
  8
21
 10
8.5662
 20
21.3488
 30
0.0000
 40
0.3669
 50
269.9998
 51
329.4900
  0
ARC
  8
21
 10
9.4693
 20
21.4730
 30
0.0000
 40
0.3669
 50
90.0000
 51
149.4898
  0
LINE
  8
21
 10
9.1532
 20
21.6593
 30
0.0000
 11
8.8823
 21
21.1626
 31
0.0000
  0
LINE
  8
21
 10
8.9274
 20
23.9658
 30
0.0000
 11
8.9274
 21
24.2367
 31
0.0000
  0
LINE
  8
21
 10
8.9274
 20
24.2367
 30
0.0000
 11
9.8306
 21
24.2367
 31
0.0000
  0
LINE
  8
21
 10
9.8306
 20
24.2367
 30
0.0000
 11
9.8306
 21
23.6948
 31
0.0000
  0
ARC
  8
21
 10
9.4693
 20
23.6948
 30
0.0000
 40
0.3612
 50
270.0000
 51
0.0000
  0
LINE
  8
21
 10
9.4693
 20
23.3336
 30
0.0000
 11
8.5662
 21
23.3336
 31
0.0000
  0
ARC
  8
21
 10
8.5662
 20
23.6948
 30
0.0000
 40
0.3613
 50
180.0010
 51
270.0000
  0
LINE
  8
21
 10
8.2050
 20
23.6948
 30
0.0000
 11
8.2050
 21
24.2367
 31
0.0000
  0
LINE
  8
21
 10
9.1984
 20
25.6501
 30
0.0000
 11
9.1984
 21
25.2437
 31
0.0000
  0
ARC
  8
21
 10
9.5145
 20
25.2437
 30
0.0000
 40
0.3161
 50
180.0000
 51
0.0000
  0
LINE
  8
21
 10
9.8306
 20
25.2437
 30
0.0000
 11
9.8306
 21
25.6501
 31
0.0000
  0
LINE
  8
21
 10
9.8306
 20
25.6501
 30
0.0000
 11
9.0178
 21
25.6501
 31
0.0000
  0
ARC
  8
21
 10
9.0178
 20
25.3791
 30
0.0000
 40
0.2709
 50
90.0000
 51
180.0000
  0
LINE
  8
21
 10
8.7468
 20
25.3791
 30
0.0000
 11
8.7468
 21
25.0179
 31
0.0000
  0
LINE
  8
21
 10
9.8306
 20
26.4216
 30
0.0000
 11
8.7468
 21
26.4216
 31
0.0000
  0
LINE
  8
21
 10
8.7468
 20
26.4216
 30
0.0000
 11
8.7468
 21
27.2344
 31
0.0000
  0
ARC
  8
21
 10
9.0178
 20
27.2344
 30
0.0000
 40
0.2709
 50
90.0000
 51
180.0000
  0
LINE
  8
21
 10
9.0178
 20
27.5054
 30
0.0000
 11
9.8306
 21
27.5054
 31
0.0000
  0
LINE
  8
21
 10
9.8306
 20
26.9635
 30
0.0000
 11
8.7468
 21
26.9635
 31
0.0000
  0
LINE
  8
21
 10
9.8306
 20
28.9400
 30
0.0000
 11
9.8306
 21
28.4884
 31
0.0000
  0
ARC
  8
21
 10
9.5596
 20
28.4884
 30
0.0000
 40
0.2709
 50
270.0000
 51
0.0000
  0
LINE
  8
21
 10
9.5596
 20
28.2175
 30
0.0000
 11
9.1081
 21
28.2175
 31
0.0000
  0
ARC
  8
21
 10
9.1081
 20
28.5787
 30
0.0000
 40
0.3612
 50
90.0000
 51
270.0000
  0
LINE
  8
21
 10
9.1081
 20
28.9400
 30
0.0000
 11
9.2887
 21
28.9400
 31
0.0000
  0
LINE
  8
21
 10
9.2887
 20
28.9400
 30
0.0000
 11
9.2887
 21
28.2175
 31
0.0000
  0
LINE
  8
21
 10
10.3724
 20
29.6316
 30
0.0000
 11
8.7468
 21
29.6316
 31
0.0000
  0
LINE
  8
21
 10
8.7468
 20
29.6316
 30
0.0000
 11
8.7468
 21
30.0832
 31
0.0000
  0
ARC
  8
21
 10
9.0178
 20
30.0832
 30
0.0000
 40
0.2709
 50
90.0007
 51
180.0000
  0
LINE
  8
21
 10
9.0178
 20
30.3541
 30
0.0000
 11
9.5596
 21
30.3541
 31
0.0000
  0
ARC
  8
21
 10
9.5596
 20
30.0832
 30
0.0000
 40
0.2709
 50
0.0000
 51
90.0000
  0
LINE
  8
21
 10
9.8306
 20
30.0832
 30
0.0000
 11
9.8306
 21
29.6316
 31
0.0000
  0
LINE
  8
21
 10
9.1984
 20
31.6942
 30
0.0000
 11
9.1984
 21
31.2878
 31
0.0000
  0
ARC
  8
21
 10
9.5145
 20
31.2878
 30
0.0000
 40
0.3161
 50
180.0000
 51
0.0000
  0
LINE
  8
21
 10
9.8306
 20
31.2878
 30
0.0000
 11
9.8306
 21
31.6942
 31
0.0000
  0
LINE
  8
21
 10
9.8306
 20
31.6942
 30
0.0000
 11
9.0178
 21
31.6942
 31
0.0000
  0
ARC
  8
21
 10
9.0178
 20
31.4232
 30
0.0000
 40
0.2709
 50
90.0000
 51
180.0000
  0
LINE
  8
21
 10
8.7468
 20
31.4232
 30
0.0000
 11
8.7468
 21
31.0620
 31
0.0000
  0
LINE
  8
21
 10
8.2050
 20
33.1010
 30
0.0000
 11
9.8306
 21
33.1010
 31
0.0000
  0
LINE
  8
21
 10
9.8306
 20
33.1010
 30
0.0000
 11
9.8306
 21
32.6494
 31
0.0000
  0
ARC
  8
21
 10
9.5596
 20
32.6494
 30
0.0000
 40
0.2709
 50
270.0000
 51
0.0000
  0
LINE
  8
21
 10
9.5596
 20
32.3785
 30
0.0000
 11
9.0178
 21
32.3785
 31
0.0000
  0
ARC
  8
21
 10
9.0178
 20
32.6494
 30
0.0000
 40
0.2709
 50
180.0000
 51
270.0000
  0
LINE
  8
21
 10
8.7468
 20
32.6494
 30
0.0000
 11
8.7468
 21
33.1010
 31
0.0000
  0
LINE
  8
21
 10
12.4976
 20
11.4749
 30
0.0000
 11
10.8720
 21
12.0168
 31
0.0000
  0
LINE
  8
21
 10
10.8720
 20
12.0168
 30
0.0000
 11
12.4976
 21
12.5587
 31
0.0000
  0
LINE
  8
21
 10
12.0912
 20
12.4232
 30
0.0000
 11
12.0912
 21
11.6104
 31
0.0000
  0
LINE
  8
21
 10
10.8720
 20
13.8296
 30
0.0000
 11
12.4976
 21
13.8296
 31
0.0000
  0
LINE
  8
21
 10
12.4976
 20
13.8296
 30
0.0000
 11
12.4976
 21
13.3781
 31
0.0000
  0
ARC
  8
21
 10
12.2266
 20
13.3781
 30
0.0000
 40
0.2709
 50
270.0000
 51
0.0000
  0
LINE
  8
21
 10
12.2266
 20
13.1072
 30
0.0000
 11
11.6848
 21
13.1072
 31
0.0000
  0
ARC
  8
21
 10
11.6848
 20
13.3781
 30
0.0000
 40
0.2709
 50
180.0000
 51
270.0000
  0
LINE
  8
21
 10
11.4138
 20
13.3781
 30
0.0000
 11
11.4138
 21
13.8296
 31
0.0000
  0
LINE
  8
21
 10
11.8654
 20
15.2365
 30
0.0000
 11
11.8654
 21
14.8301
 31
0.0000
  0
ARC
  8
21
 10
12.1815
 20
14.8301
 30
0.0000
 40
0.3161
 50
180.0000
 51
0.0000
  0
LINE
  8
21
 10
12.4976
 20
14.8301
 30
0.0000
 11
12.4976
 21
15.2365
 31
0.0000
  0
LINE
  8
21
 10
12.4976
 20
15.2365
 30
0.0000
 11
11.6848
 21
15.2365
 31
0.0000
  0
ARC
  8
21
 10
11.6848
 20
14.9655
 30
0.0000
 40
0.2709
 50
90.0000
 51
180.0000
  0
LINE
  8
21
 10
11.4138
 20
14.9655
 30
0.0000
 11
11.4138
 21
14.6043
 31
0.0000
  0
LINE
  8
21
 10
13.0394
 20
15.9875
 30
0.0000
 11
11.4138
 21
15.9875
 31
0.0000
  0
LINE
  8
21
 10
11.4138
 20
15.9875
 30
0.0000
 11
11.4138
 21
16.4391
 31
0.0000
  0
ARC
  8
21
 10
11.6848
 20
16.4391
 30
0.0000
 40
0.2709
 50
90.0007
 51
180.0000
  0
LINE
  8
21
 10
11.6848
 20
16.7100
 30
0.0000
 11
12.2266
 21
16.7100
 31
0.0000
  0
ARC
  8
21
 10
12.2266
 20
16.4391
 30
0.0000
 40
0.2709
 50
0.0000
 51
90.0000
  0
LINE
  8
21
 10
12.4976
 20
16.4391
 30
0.0000
 11
12.4976
 21
15.9875
 31
0.0000
  0
LINE
  8
21
 10
11.4138
 20
17.2052
 30
0.0000
 11
11.4138
 21
17.7471
 31
0.0000
  0
LINE
  8
21
 10
10.8720
 20
17.3858
 30
0.0000
 11
12.2266
 21
17.3858
 31
0.0000
  0
ARC
  8
21
 10
12.2266
 20
17.6567
 30
0.0000
 40
0.2709
 50
270.0000
 51
0.0000
  0
LINE
  8
21
 10
12.4976
 20
17.6567
 30
0.0000
 11
12.4976
 21
17.7471
 31
0.0000
  0
LINE
  8
21
 10
12.4976
 20
19.0474
 30
0.0000
 11
12.4976
 21
18.5958
 31
0.0000
  0
ARC
  8
21
 10
12.2266
 20
18.5958
 30
0.0000
 40
0.2709
 50
270.0000
 51
0.0000
  0
LINE
  8
21
 10
12.2266
 20
18.3249
 30
0.0000
 11
11.7751
 21
18.3249
 31
0.0000
  0
ARC
  8
21
 10
11.7751
 20
18.6861
 30
0.0000
 40
0.3612
 50
90.0000
 51
270.0000
  0
LINE
  8
21
 10
11.7751
 20
19.0474
 30
0.0000
 11
11.9557
 21
19.0474
 31
0.0000
  0
LINE
  8
21
 10
11.9557
 20
19.0474
 30
0.0000
 11
11.9557
 21
18.3249
 31
0.0000
  0
LINE
  8
21
 10
12.4976
 20
19.7402
 30
0.0000
 11
11.4138
 21
19.7402
 31
0.0000
  0
LINE
  8
21
 10
11.4138
 20
19.7402
 30
0.0000
 11
11.4138
 21
20.2821
 31
0.0000
  0
LINE
  8
21
 10
11.4138
 20
20.2821
 30
0.0000
 11
11.5944
 21
20.2821
 31
0.0000
  0
LINE
  8
21
 10
12.4976
 20
21.6826
 30
0.0000
 11
10.8720
 21
21.6826
 31
0.0000
  0
LINE
  8
21
 10
10.8720
 20
21.6826
 30
0.0000
 11
10.8720
 21
22.1342
 31
0.0000
  0
ARC
  8
21
 10
11.3235
 20
22.1342
 30
0.0000
 40
0.4516
 50
0.0000
 51
180.0000
  0
LINE
  8
21
 10
11.7751
 20
22.1342
 30
0.0000
 11
11.7751
 21
21.6826
 31
0.0000
  0
LINE
  8
21
 10
12.4976
 20
22.5857
 30
0.0000
 11
11.7751
 21
22.2245
 31
0.0000
  0
LINE
  8
21
 10
12.4976
 20
23.9452
 30
0.0000
 11
12.4976
 21
23.4936
 31
0.0000
  0
ARC
  8
21
 10
12.2266
 20
23.4936
 30
0.0000
 40
0.2709
 50
270.0000
 51
0.0000
  0
LINE
  8
21
 10
12.2266
 20
23.2227
 30
0.0000
 11
11.7751
 21
23.2227
 31
0.0000
  0
ARC
  8
21
 10
11.7751
 20
23.5839
 30
0.0000
 40
0.3612
 50
90.0000
 51
270.0000
  0
LINE
  8
21
 10
11.7751
 20
23.9452
 30
0.0000
 11
11.9557
 21
23.9452
 31
0.0000
  0
LINE
  8
21
 10
11.9557
 20
23.9452
 30
0.0000
 11
11.9557
 21
23.2227
 31
0.0000
  0
LINE
  8
21
 10
11.4138
 20
24.5253
 30
0.0000
 11
12.4976
 21
24.8865
 31
0.0000
  0
LINE
  8
21
 10
12.4976
 20
24.8865
 30
0.0000
 11
11.4138
 21
25.2478
 31
0.0000
  0
LINE
  8
21
 10
12.4976
 20
25.7792
 30
0.0000
 11
12.4072
 21
25.7792
 31
0.0000
  0
LINE
  8
21
 10
12.4072
 20
25.7792
 30
0.0000
 11
12.4072
 21
25.8695
 31
0.0000
  0
LINE
  8
21
 10
12.4072
 20
25.8695
 30
0.0000
 11
12.4976
 21
25.8695
 31
0.0000
  0
LINE
  8
21
 10
12.4976
 20
25.8695
 30
0.0000
 11
12.4976
 21
25.7792
 31
0.0000
  0
ARC
  8
21
 10
11.6848
 20
28.6403
 30
0.0000
 40
1.3396
 50
244.0110
 51
269.9999
  0
ARC
  8
21
 10
11.2061
 20
27.7522
 30
0.0000
 40
0.3341
 50
179.9998
 51
251.0758
  0
ARC
  8
21
 10
11.2061
 20
27.7522
 30
0.0000
 40
0.3342
 50
108.9243
 51
180.0000
  0
ARC
  8
21
 10
11.6848
 20
26.8642
 30
0.0000
 40
1.3396
 50
90.0001
 51
115.9890
  0
ARC
  8
21
 10
11.6848
 20
28.6403
 30
0.0000
 40
1.3396
 50
270.0000
 51
295.9889
  0
ARC
  8
21
 10
12.1634
 20
27.7522
 30
0.0000
 40
0.3342
 50
288.9250
 51
0.0000
  0
ARC
  8
21
 10
11.6848
 20
26.8642
 30
0.0000
 40
1.3396
 50
64.0111
 51
90.0000
  0
ARC
  8
21
 10
12.1634
 20
27.7522
 30
0.0000
 40
0.3342
 50
359.9999
 51
71.0745
  0
LINE
  8
21
 10
12.1363
 20
27.3910
 30
0.0000
 11
11.2332
 21
28.1135
 31
0.0000
  0
LINE
  8
21
 10
17.9902
 20
13.2308
 30
0.0000
 11
18.3147
 21
13.4905
 31
0.0000
  0
LINE
  8
21
 10
18.3147
 20
13.4905
 30
0.0000
 11
18.3147
 21
12.3221
 31
0.0000
  0
LINE
  8
21
 10
17.9902
 20
12.3221
 30
0.0000
 11
18.6393
 21
12.3221
 31
0.0000
  0
LINE
  8
21
 10
19.1205
 20
12.4194
 30
0.0000
 11
19.1205
 21
12.4843
 31
0.0000
  0
LINE
  8
21
 10
19.1205
 20
12.4843
 30
0.0000
 11
19.1854
 21
12.4843
 31
0.0000
  0
LINE
  8
21
 10
19.1854
 20
12.4843
 30
0.0000
 11
19.1854
 21
12.4194
 31
0.0000
  0
LINE
  8
21
 10
19.1854
 20
12.4194
 30
0.0000
 11
19.1205
 21
12.4194
 31
0.0000
  0
LINE
  8
21
 10
19.1205
 20
12.9387
 30
0.0000
 11
19.1205
 21
13.0036
 31
0.0000
  0
LINE
  8
21
 10
19.1205
 20
13.0036
 30
0.0000
 11
19.1854
 21
13.0036
 31
0.0000
  0
LINE
  8
21
 10
19.1854
 20
13.0036
 30
0.0000
 11
19.1854
 21
12.9387
 31
0.0000
  0
LINE
  8
21
 10
19.1854
 20
12.9387
 30
0.0000
 11
19.1205
 21
12.9387
 31
0.0000
  0
LINE
  8
21
 10
20.7686
 20
12.9712
 30
0.0000
 11
20.9634
 21
12.9712
 31
0.0000
  0
LINE
  8
21
 10
20.9634
 20
12.9712
 30
0.0000
 11
20.9634
 21
12.3221
 31
0.0000
  0
LINE
  8
21
 10
20.9634
 20
12.3221
 30
0.0000
 11
20.5739
 21
12.3221
 31
0.0000
  0
ARC
  8
21
 10
20.5739
 20
12.5817
 30
0.0000
 40
0.2596
 50
180.0000
 51
270.0000
  0
LINE
  8
21
 10
20.3143
 20
12.5817
 30
0.0000
 11
20.3143
 21
13.2308
 31
0.0000
  0
ARC
  8
21
 10
20.5739
 20
13.2308
 30
0.0000
 40
0.2596
 50
90.0007
 51
180.0000
  0
LINE
  8
21
 10
20.5739
 20
13.4905
 30
0.0000
 11
20.9634
 21
13.4905
 31
0.0000
  0
LINE
  8
21
 10
21.5335
 20
12.3221
 30
0.0000
 11
21.5335
 21
13.4905
 31
0.0000
  0
LINE
  8
21
 10
21.5335
 20
13.4905
 30
0.0000
 11
22.1826
 21
12.3221
 31
0.0000
  0
LINE
  8
21
 10
22.1826
 20
12.3221
 30
0.0000
 11
22.1826
 21
13.4905
 31
0.0000
  0
LINE
  8
21
 10
22.7527
 20
12.3221
 30
0.0000
 11
22.7527
 21
13.4905
 31
0.0000
  0
LINE
  8
21
 10
22.7527
 20
13.4905
 30
0.0000
 11
23.0772
 21
13.4905
 31
0.0000
  0
ARC
  8
21
 10
23.0772
 20
13.1659
 30
0.0000
 40
0.3246
 50
0.0000
 51
90.0000
  0
LINE
  8
21
 10
23.4018
 20
13.1659
 30
0.0000
 11
23.4018
 21
12.6466
 31
0.0000
  0
ARC
  8
21
 10
23.0772
 20
12.6466
 30
0.0000
 40
0.3246
 50
269.9994
 51
0.0000
  0
LINE
  8
21
 10
23.0772
 20
12.3221
 30
0.0000
 11
22.7527
 21
12.3221
 31
0.0000
  0
ARC
  8
21
 10
18.3472
 20
11.2934
 30
0.0000
 40
0.2921
 50
0.0000
 51
90.0000
  0
ARC
  8
21
 10
18.3472
 20
11.2102
 30
0.0000
 40
0.3753
 50
90.0001
 51
162.0549
  0
ARC
  8
21
 10
18.3255
 20
11.2934
 30
0.0000
 40
0.3138
 50
313.6040
 51
359.9996
  0
LINE
  8
21
 10
18.5419
 20
11.0662
 30
0.0000
 11
17.9902
 21
10.4170
 31
0.0000
  0
LINE
  8
21
 10
17.9902
 20
10.4170
 30
0.0000
 11
18.6393
 21
10.4170
 31
0.0000
  0
LINE
  8
21
 10
19.1205
 20
10.5144
 30
0.0000
 11
19.1205
 21
10.5793
 31
0.0000
  0
LINE
  8
21
 10
19.1205
 20
10.5793
 30
0.0000
 11
19.1854
 21
10.5793
 31
0.0000
  0
LINE
  8
21
 10
19.1854
 20
10.5793
 30
0.0000
 11
19.1854
 21
10.5144
 31
0.0000
  0
LINE
  8
21
 10
19.1854
 20
10.5144
 30
0.0000
 11
19.1205
 21
10.5144
 31
0.0000
  0
LINE
  8
21
 10
19.1205
 20
11.0337
 30
0.0000
 11
19.1205
 21
11.0986
 31
0.0000
  0
LINE
  8
21
 10
19.1205
 20
11.0986
 30
0.0000
 11
19.1854
 21
11.0986
 31
0.0000
  0
LINE
  8
21
 10
19.1854
 20
11.0986
 30
0.0000
 11
19.1854
 21
11.0337
 31
0.0000
  0
LINE
  8
21
 10
19.1854
 20
11.0337
 30
0.0000
 11
19.1205
 21
11.0337
 31
0.0000
  0
LINE
  8
21
 10
20.2875
 20
10.8714
 30
0.0000
 11
21.0664
 21
10.8714
 31
0.0000
  0
LINE
  8
21
 10
20.6769
 20
10.4820
 30
0.0000
 11
20.6769
 21
11.2609
 31
0.0000
  0
LINE
  8
21
 10
21.5716
 20
10.4170
 30
0.0000
 11
21.9610
 21
10.4170
 31
0.0000
  0
ARC
  8
21
 10
21.9610
 20
10.6767
 30
0.0000
 40
0.2596
 50
270.0000
 51
0.0000
  0
LINE
  8
21
 10
22.2207
 20
10.6767
 30
0.0000
 11
22.2207
 21
10.8065
 31
0.0000
  0
ARC
  8
21
 10
21.9610
 20
10.8065
 30
0.0000
 40
0.2596
 50
0.0000
 51
90.0000
  0
LINE
  8
21
 10
21.9610
 20
11.0662
 30
0.0000
 11
21.5716
 21
11.0662
 31
0.0000
  0
LINE
  8
21
 10
21.5716
 20
11.0662
 30
0.0000
 11
21.5716
 21
11.5854
 31
0.0000
  0
LINE
  8
21
 10
21.5716
 20
11.5854
 30
0.0000
 11
22.2207
 21
11.5854
 31
0.0000
  0
LINE
  8
21
 10
22.6497
 20
11.5854
 30
0.0000
 11
23.0391
 21
10.4170
 31
0.0000
  0
LINE
  8
21
 10
23.0391
 20
10.4170
 30
0.0000
 11
23.4286
 21
11.5854
 31
0.0000
  0
LINE
  8
21
 10
41.4461
 20
7.6368
 30
0.0000
 11
41.4461
 21
8.4158
 31
0.0000
  0
LINE
  8
21
 10
41.8355
 20
8.0263
 30
0.0000
 11
41.0566
 21
8.0263
 31
0.0000
  0
LINE
  8
21
 10
41.9004
 20
8.9209
 30
0.0000
 11
41.9004
 21
9.3104
 31
0.0000
  0
ARC
  8
21
 10
41.6408
 20
9.3104
 30
0.0000
 40
0.2596
 50
0.0000
 51
90.0000
  0
LINE
  8
21
 10
41.6408
 20
9.5700
 30
0.0000
 11
41.5110
 21
9.5700
 31
0.0000
  0
ARC
  8
21
 10
41.5110
 20
9.3104
 30
0.0000
 40
0.2596
 50
90.0000
 51
180.0000
  0
LINE
  8
21
 10
41.2513
 20
9.3104
 30
0.0000
 11
41.2513
 21
8.9209
 31
0.0000
  0
LINE
  8
21
 10
41.2513
 20
8.9209
 30
0.0000
 11
40.7321
 21
8.9209
 31
0.0000
  0
LINE
  8
21
 10
40.7321
 20
8.9209
 30
0.0000
 11
40.7321
 21
9.5700
 31
0.0000
  0
LINE
  8
21
 10
40.7321
 20
9.9990
 30
0.0000
 11
41.9004
 21
10.3885
 31
0.0000
  0
LINE
  8
21
 10
41.9004
 20
10.3885
 30
0.0000
 11
40.7321
 21
10.7780
 31
0.0000
  0
LINE
  8
21
 10
41.2513
 20
15.9377
 30
0.0000
 11
41.2513
 21
16.1324
 31
0.0000
  0
LINE
  8
21
 10
41.2513
 20
16.1324
 30
0.0000
 11
41.9004
 21
16.1324
 31
0.0000
  0
LINE
  8
21
 10
41.9004
 20
16.1324
 30
0.0000
 11
41.9004
 21
15.7429
 31
0.0000
  0
ARC
  8
21
 10
41.6408
 20
15.7429
 30
0.0000
 40
0.2596
 50
270.0000
 51
0.0000
  0
LINE
  8
21
 10
41.6408
 20
15.4833
 30
0.0000
 11
40.9917
 21
15.4833
 31
0.0000
  0
ARC
  8
21
 10
40.9917
 20
15.7430
 30
0.0000
 40
0.2596
 50
180.0014
 51
270.0000
  0
LINE
  8
21
 10
40.7321
 20
15.7429
 30
0.0000
 11
40.7321
 21
16.1324
 31
0.0000
  0
LINE
  8
21
 10
41.9004
 20
16.7025
 30
0.0000
 11
40.7321
 21
16.7025
 31
0.0000
  0
LINE
  8
21
 10
40.7321
 20
16.7025
 30
0.0000
 11
41.9004
 21
17.3516
 31
0.0000
  0
LINE
  8
21
 10
41.9004
 20
17.3516
 30
0.0000
 11
40.7321
 21
17.3516
 31
0.0000
  0
LINE
  8
21
 10
41.9004
 20
17.9217
 30
0.0000
 11
40.7321
 21
17.9217
 31
0.0000
  0
LINE
  8
21
 10
40.7321
 20
17.9217
 30
0.0000
 11
40.7321
 21
18.2462
 31
0.0000
  0
ARC
  8
21
 10
41.0566
 20
18.2462
 30
0.0000
 40
0.3246
 50
90.0000
 51
180.0000
  0
LINE
  8
21
 10
41.0566
 20
18.5708
 30
0.0000
 11
41.5759
 21
18.5708
 31
0.0000
  0
ARC
  8
21
 10
41.5759
 20
18.2462
 30
0.0000
 40
0.3246
 50
359.9994
 51
90.0000
  0
LINE
  8
21
 10
41.9004
 20
18.2462
 30
0.0000
 11
41.9004
 21
17.9217
 31
0.0000
  0
ARC
  8
48
 10
3.7747
 20
105.7038
 30
0.0000
 40
0.3612
 50
270.0000
 51
0.0000
  0
ARC
  8
48
 10
3.7747
 20
106.1057
 30
0.0000
 40
0.7631
 50
224.7608
 51
269.9999
  0
ARC
  8
48
 10
3.6392
 20
106.6069
 30
0.0000
 40
0.3612
 50
89.9995
 51
180.0000
  0
ARC
  8
48
 10
3.6392
 20
106.2908
 30
0.0000
 40
0.6773
 50
53.1301
 51
89.9995
  0
ARC
  8
48
 10
3.6449
 20
106.6069
 30
0.0000
 40
0.3669
 50
179.9998
 51
239.4900
  0
ARC
  8
48
 10
3.7691
 20
105.7038
 30
0.0000
 40
0.3669
 50
0.0000
 51
59.4898
  0
LINE
  8
48
 10
3.9553
 20
106.0199
 30
0.0000
 11
3.4586
 21
106.2908
 31
0.0000
  0
LINE
  8
48
 10
4.6778
 20
106.4263
 30
0.0000
 11
5.0391
 21
105.3426
 31
0.0000
  0
LINE
  8
48
 10
5.0391
 20
105.3426
 30
0.0000
 11
5.4003
 21
106.4263
 31
0.0000
  0
LINE
  8
48
 10
6.7029
 20
105.3426
 30
0.0000
 11
6.2514
 21
105.3426
 31
0.0000
  0
ARC
  8
48
 10
6.2514
 20
105.6135
 30
0.0000
 40
0.2709
 50
180.0000
 51
270.0000
  0
LINE
  8
48
 10
5.9804
 20
105.6135
 30
0.0000
 11
5.9804
 21
106.0651
 31
0.0000
  0
ARC
  8
48
 10
6.3417
 20
106.0651
 30
0.0000
 40
0.3612
 50
0.0000
 51
180.0000
  0
LINE
  8
48
 10
6.7029
 20
106.0651
 30
0.0000
 11
6.7029
 21
105.8844
 31
0.0000
  0
LINE
  8
48
 10
6.7029
 20
105.8844
 30
0.0000
 11
5.9804
 21
105.8844
 31
0.0000
  0
LINE
  8
48
 10
7.3873
 20
105.3426
 30
0.0000
 11
7.3873
 21
106.4263
 31
0.0000
  0
LINE
  8
48
 10
7.3873
 20
106.4263
 30
0.0000
 11
7.8388
 21
106.4263
 31
0.0000
  0
ARC
  8
48
 10
7.8388
 20
106.1554
 30
0.0000
 40
0.2709
 50
0.0007
 51
90.0000
  0
LINE
  8
48
 10
8.1097
 20
106.1554
 30
0.0000
 11
8.1097
 21
105.3426
 31
0.0000
  0
LINE
  8
48
 10
9.7148
 20
105.3426
 30
0.0000
 11
9.7148
 21
106.9682
 31
0.0000
  0
LINE
  8
48
 10
9.7148
 20
106.9682
 30
0.0000
 11
10.1664
 21
106.9682
 31
0.0000
  0
ARC
  8
48
 10
10.1664
 20
106.5166
 30
0.0000
 40
0.4516
 50
270.0000
 51
90.0000
  0
LINE
  8
48
 10
10.1664
 20
106.0651
 30
0.0000
 11
9.7148
 21
106.0651
 31
0.0000
  0
LINE
  8
48
 10
11.9133
 20
105.3426
 30
0.0000
 11
11.4618
 21
105.3426
 31
0.0000
  0
ARC
  8
48
 10
11.4618
 20
105.6135
 30
0.0000
 40
0.2709
 50
180.0000
 51
270.0000
  0
LINE
  8
48
 10
11.1909
 20
105.6135
 30
0.0000
 11
11.1909
 21
106.0651
 31
0.0000
  0
ARC
  8
48
 10
11.5521
 20
106.0651
 30
0.0000
 40
0.3612
 50
0.0000
 51
180.0000
  0
LINE
  8
48
 10
11.9133
 20
106.0651
 30
0.0000
 11
11.9133
 21
105.8844
 31
0.0000
  0
LINE
  8
48
 10
11.9133
 20
105.8844
 30
0.0000
 11
11.1909
 21
105.8844
 31
0.0000
  0
LINE
  8
48
 10
12.4158
 20
106.4263
 30
0.0000
 11
12.9577
 21
106.4263
 31
0.0000
  0
LINE
  8
48
 10
12.5965
 20
106.9682
 30
0.0000
 11
12.5965
 21
105.6135
 31
0.0000
  0
ARC
  8
48
 10
12.8674
 20
105.6135
 30
0.0000
 40
0.2709
 50
180.0000
 51
270.0000
  0
LINE
  8
48
 10
12.8674
 20
105.3426
 30
0.0000
 11
12.9577
 21
105.3426
 31
0.0000
  0
LINE
  8
48
 10
14.2580
 20
105.3426
 30
0.0000
 11
13.8065
 21
105.3426
 31
0.0000
  0
ARC
  8
48
 10
13.8065
 20
105.6135
 30
0.0000
 40
0.2709
 50
180.0000
 51
270.0000
  0
LINE
  8
48
 10
13.5355
 20
105.6135
 30
0.0000
 11
13.5355
 21
106.0651
 31
0.0000
  0
ARC
  8
48
 10
13.8968
 20
106.0651
 30
0.0000
 40
0.3612
 50
0.0000
 51
180.0000
  0
LINE
  8
48
 10
14.2580
 20
106.0651
 30
0.0000
 11
14.2580
 21
105.8844
 31
0.0000
  0
LINE
  8
48
 10
14.2580
 20
105.8844
 30
0.0000
 11
13.5355
 21
105.8844
 31
0.0000
  0
LINE
  8
48
 10
14.9508
 20
105.3426
 30
0.0000
 11
14.9508
 21
106.4263
 31
0.0000
  0
LINE
  8
48
 10
14.9508
 20
106.4263
 30
0.0000
 11
15.4927
 21
106.4263
 31
0.0000
  0
LINE
  8
48
 10
15.4927
 20
106.4263
 30
0.0000
 11
15.4927
 21
106.2457
 31
0.0000
  0
LINE
  8
48
 10
16.5714
 20
105.7941
 30
0.0000
 11
16.1199
 21
105.9748
 31
0.0000
  0
ARC
  8
48
 10
16.2069
 20
106.1922
 30
0.0000
 40
0.2342
 50
89.1818
 51
248.1988
  0
ARC
  8
48
 10
16.1956
 20
105.4008
 30
0.0000
 40
1.0256
 50
65.7611
 51
89.1818
  0
ARC
  8
48
 10
16.4845
 20
105.5767
 30
0.0000
 40
0.2342
 50
269.1818
 51
68.1988
  0
ARC
  8
48
 10
16.5030
 20
106.8740
 30
0.0000
 40
1.5316
 50
250.2089
 51
269.1818
  0
LINE
  8
48
 10
18.0616
 20
105.3426
 30
0.0000
 11
17.6101
 21
105.3426
 31
0.0000
  0
ARC
  8
48
 10
17.6101
 20
105.6135
 30
0.0000
 40
0.2709
 50
180.0000
 51
270.0000
  0
LINE
  8
48
 10
17.3391
 20
105.6135
 30
0.0000
 11
17.3391
 21
106.0651
 31
0.0000
  0
ARC
  8
48
 10
17.7004
 20
106.0651
 30
0.0000
 40
0.3612
 50
0.0000
 51
180.0000
  0
LINE
  8
48
 10
18.0616
 20
106.0651
 30
0.0000
 11
18.0616
 21
105.8844
 31
0.0000
  0
LINE
  8
48
 10
18.0616
 20
105.8844
 30
0.0000
 11
17.3391
 21
105.8844
 31
0.0000
  0
LINE
  8
48
 10
18.7459
 20
105.3426
 30
0.0000
 11
18.7459
 21
106.4263
 31
0.0000
  0
LINE
  8
48
 10
18.7459
 20
106.4263
 30
0.0000
 11
19.1975
 21
106.4263
 31
0.0000
  0
ARC
  8
48
 10
19.1975
 20
106.1554
 30
0.0000
 40
0.2709
 50
0.0007
 51
90.0000
  0
LINE
  8
48
 10
19.4684
 20
106.1554
 30
0.0000
 11
19.4684
 21
105.3426
 31
0.0000
  0
ARC
  8
48
 10
9.0511
 20
103.8948
 30
0.0000
 40
0.4064
 50
0.0000
 51
90.0000
  0
ARC
  8
48
 10
9.0511
 20
103.7791
 30
0.0000
 40
0.5221
 50
90.0001
 51
162.0549
  0
ARC
  8
48
 10
9.0210
 20
103.8948
 30
0.0000
 40
0.4365
 50
313.6036
 51
359.9997
  0
LINE
  8
48
 10
9.3220
 20
103.5787
 30
0.0000
 11
8.5544
 21
102.6756
 31
0.0000
  0
LINE
  8
48
 10
8.5544
 20
102.6756
 30
0.0000
 11
9.4575
 21
102.6756
 31
0.0000
  0
ARC
  8
48
 10
11.4571
 20
103.4884
 30
0.0000
 40
1.3396
 50
154.0109
 51
180.0001
  0
ARC
  8
48
 10
10.5691
 20
103.9670
 30
0.0000
 40
0.3342
 50
90.0001
 51
161.0756
  0
ARC
  8
48
 10
10.5691
 20
103.9670
 30
0.0000
 40
0.3342
 50
18.9248
 51
90.0000
  0
ARC
  8
48
 10
9.6810
 20
103.4884
 30
0.0000
 40
1.3396
 50
360.0000
 51
25.9891
  0
ARC
  8
48
 10
11.4571
 20
103.4884
 30
0.0000
 40
1.3396
 50
180.0000
 51
205.9889
  0
ARC
  8
48
 10
10.5691
 20
103.0097
 30
0.0000
 40
0.3342
 50
198.9250
 51
270.0000
  0
ARC
  8
48
 10
9.6810
 20
103.4884
 30
0.0000
 40
1.3396
 50
334.0111
 51
360.0000
  0
ARC
  8
48
 10
10.5691
 20
103.0097
 30
0.0000
 40
0.3342
 50
269.9999
 51
341.0745
  0
LINE
  8
48
 10
10.2078
 20
103.0368
 30
0.0000
 11
10.9303
 21
103.9399
 31
0.0000
  0
ARC
  8
48
 10
12.1773
 20
103.8948
 30
0.0000
 40
0.4064
 50
0.0000
 51
90.0000
  0
ARC
  8
48
 10
12.1773
 20
103.7791
 30
0.0000
 40
0.5221
 50
90.0001
 51
162.0549
  0
ARC
  8
48
 10
12.1472
 20
103.8948
 30
0.0000
 40
0.4365
 50
313.6036
 51
359.9997
  0
LINE
  8
48
 10
12.4483
 20
103.5787
 30
0.0000
 11
11.6806
 21
102.6756
 31
0.0000
  0
LINE
  8
48
 10
11.6806
 20
102.6756
 30
0.0000
 11
12.5837
 21
102.6756
 31
0.0000
  0
LINE
  8
48
 10
13.2438
 20
102.6756
 30
0.0000
 11
13.7856
 21
102.6756
 31
0.0000
  0
ARC
  8
48
 10
13.7856
 20
103.0368
 30
0.0000
 40
0.3612
 50
270.0000
 51
0.0000
  0
LINE
  8
48
 10
14.1469
 20
103.0368
 30
0.0000
 11
14.1469
 21
103.2174
 31
0.0000
  0
ARC
  8
48
 10
13.7856
 20
103.2174
 30
0.0000
 40
0.3612
 50
0.0000
 51
90.0000
  0
LINE
  8
48
 10
13.7856
 20
103.5787
 30
0.0000
 11
13.2438
 21
103.5787
 31
0.0000
  0
LINE
  8
48
 10
13.2438
 20
103.5787
 30
0.0000
 11
13.2438
 21
104.3012
 31
0.0000
  0
LINE
  8
48
 10
13.2438
 20
104.3012
 30
0.0000
 11
14.1469
 21
104.3012
 31
0.0000
  0
ARC
  8
48
 10
36.5298
 20
107.0698
 30
0.0000
 40
0.4064
 50
0.0000
 51
90.0000
  0
ARC
  8
48
 10
36.5298
 20
106.9541
 30
0.0000
 40
0.5221
 50
90.0001
 51
162.0549
  0
ARC
  8
48
 10
36.4997
 20
107.0698
 30
0.0000
 40
0.4365
 50
313.6036
 51
359.9997
  0
LINE
  8
48
 10
36.8007
 20
106.7537
 30
0.0000
 11
36.0331
 21
105.8506
 31
0.0000
  0
LINE
  8
48
 10
36.0331
 20
105.8506
 30
0.0000
 11
36.9362
 21
105.8506
 31
0.0000
  0
ARC
  8
48
 10
38.0929
 20
107.0698
 30
0.0000
 40
0.4064
 50
0.0000
 51
90.0000
  0
ARC
  8
48
 10
38.0929
 20
106.9541
 30
0.0000
 40
0.5221
 50
90.0001
 51
162.0549
  0
ARC
  8
48
 10
38.0628
 20
107.0698
 30
0.0000
 40
0.4365
 50
313.6036
 51
359.9997
  0
LINE
  8
48
 10
38.3638
 20
106.7537
 30
0.0000
 11
37.5962
 21
105.8506
 31
0.0000
  0
LINE
  8
48
 10
37.5962
 20
105.8506
 30
0.0000
 11
38.4993
 21
105.8506
 31
0.0000
  0
LINE
  8
48
 10
39.1593
 20
107.1149
 30
0.0000
 11
39.6109
 21
107.4762
 31
0.0000
  0
LINE
  8
48
 10
39.6109
 20
107.4762
 30
0.0000
 11
39.6109
 21
105.8506
 31
0.0000
  0
LINE
  8
48
 10
39.1593
 20
105.8506
 30
0.0000
 11
40.0624
 21
105.8506
 31
0.0000
  0
LINE
  8
48
 10
40.7363
 20
106.4828
 30
0.0000
 11
41.8201
 21
106.4828
 31
0.0000
  0
ARC
  8
48
 10
42.9907
 20
107.0698
 30
0.0000
 40
0.4064
 50
0.0000
 51
90.0000
  0
ARC
  8
48
 10
42.9907
 20
106.9541
 30
0.0000
 40
0.5221
 50
90.0001
 51
162.0549
  0
ARC
  8
48
 10
42.9606
 20
107.0698
 30
0.0000
 40
0.4365
 50
313.6036
 51
359.9997
  0
LINE
  8
48
 10
43.2616
 20
106.7537
 30
0.0000
 11
42.4940
 21
105.8506
 31
0.0000
  0
LINE
  8
48
 10
42.4940
 20
105.8506
 30
0.0000
 11
43.3971
 21
105.8506
 31
0.0000
  0
LINE
  8
48
 10
44.0710
 20
106.4828
 30
0.0000
 11
45.1547
 21
106.4828
 31
0.0000
  0
ARC
  8
48
 10
47.1683
 20
106.6634
 30
0.0000
 40
1.3396
 50
154.0109
 51
180.0001
  0
ARC
  8
48
 10
46.2802
 20
107.1420
 30
0.0000
 40
0.3342
 50
90.0001
 51
161.0756
  0
ARC
  8
48
 10
46.2802
 20
107.1420
 30
0.0000
 40
0.3342
 50
18.9248
 51
90.0000
  0
ARC
  8
48
 10
45.3921
 20
106.6634
 30
0.0000
 40
1.3396
 50
360.0000
 51
25.9891
  0
ARC
  8
48
 10
47.1683
 20
106.6634
 30
0.0000
 40
1.3396
 50
180.0000
 51
205.9889
  0
ARC
  8
48
 10
46.2802
 20
106.1847
 30
0.0000
 40
0.3342
 50
198.9250
 51
270.0000
  0
ARC
  8
48
 10
45.3921
 20
106.6634
 30
0.0000
 40
1.3396
 50
334.0111
 51
360.0000
  0
ARC
  8
48
 10
46.2802
 20
106.1847
 30
0.0000
 40
0.3342
 50
269.9999
 51
341.0745
  0
LINE
  8
48
 10
45.9189
 20
106.2118
 30
0.0000
 11
46.6414
 21
107.1149
 31
0.0000
  0
LINE
  8
48
 10
47.3918
 20
107.1149
 30
0.0000
 11
47.8433
 21
107.4762
 31
0.0000
  0
LINE
  8
48
 10
47.8433
 20
107.4762
 30
0.0000
 11
47.8433
 21
105.8506
 31
0.0000
  0
LINE
  8
48
 10
47.3918
 20
105.8506
 30
0.0000
 11
48.2949
 21
105.8506
 31
0.0000
  0
LINE
  8
48
 10
48.9688
 20
106.4828
 30
0.0000
 11
50.0525
 21
106.4828
 31
0.0000
  0
ARC
  8
48
 10
52.0660
 20
106.6634
 30
0.0000
 40
1.3396
 50
154.0109
 51
180.0001
  0
ARC
  8
48
 10
51.1780
 20
107.1420
 30
0.0000
 40
0.3342
 50
90.0001
 51
161.0756
  0
ARC
  8
48
 10
51.1780
 20
107.1420
 30
0.0000
 40
0.3342
 50
18.9248
 51
90.0000
  0
ARC
  8
48
 10
50.2899
 20
106.6634
 30
0.0000
 40
1.3396
 50
360.0000
 51
25.9891
  0
ARC
  8
48
 10
52.0661
 20
106.6634
 30
0.0000
 40
1.3396
 50
180.0000
 51
205.9889
  0
ARC
  8
48
 10
51.1780
 20
106.1847
 30
0.0000
 40
0.3342
 50
198.9250
 51
270.0000
  0
ARC
  8
48
 10
50.2899
 20
106.6634
 30
0.0000
 40
1.3396
 50
334.0111
 51
360.0000
  0
ARC
  8
48
 10
51.1780
 20
106.1847
 30
0.0000
 40
0.3342
 50
269.9999
 51
341.0745
  0
LINE
  8
48
 10
50.8167
 20
106.2118
 30
0.0000
 11
51.5392
 21
107.1149
 31
0.0000
  0
ARC
  8
48
 10
53.6292
 20
106.6634
 30
0.0000
 40
1.3396
 50
154.0109
 51
180.0001
  0
ARC
  8
48
 10
52.7411
 20
107.1420
 30
0.0000
 40
0.3342
 50
90.0001
 51
161.0756
  0
ARC
  8
48
 10
52.7411
 20
107.1420
 30
0.0000
 40
0.3342
 50
18.9248
 51
90.0000
  0
ARC
  8
48
 10
51.8530
 20
106.6634
 30
0.0000
 40
1.3396
 50
360.0000
 51
25.9891
  0
ARC
  8
48
 10
53.6292
 20
106.6634
 30
0.0000
 40
1.3396
 50
180.0000
 51
205.9889
  0
ARC
  8
48
 10
52.7411
 20
106.1847
 30
0.0000
 40
0.3342
 50
198.9250
 51
270.0000
  0
ARC
  8
48
 10
51.8530
 20
106.6634
 30
0.0000
 40
1.3396
 50
334.0111
 51
360.0000
  0
ARC
  8
48
 10
52.7411
 20
106.1847
 30
0.0000
 40
0.3342
 50
269.9999
 51
341.0745
  0
LINE
  8
48
 10
52.3799
 20
106.2118
 30
0.0000
 11
53.1023
 21
107.1149
 31
0.0000
  0
LINE
  8
48
 10
29.6831
 20
102.6756
 30
0.0000
 11
30.1346
 21
102.6756
 31
0.0000
  0
ARC
  8
48
 10
30.1346
 20
103.1271
 30
0.0000
 40
0.4516
 50
270.0000
 51
90.0000
  0
LINE
  8
48
 10
29.6831
 20
104.3012
 30
0.0000
 11
30.2249
 21
104.3012
 31
0.0000
  0
ARC
  8
48
 10
30.2249
 20
103.9399
 30
0.0000
 40
0.3612
 50
270.0000
 51
90.0000
  0
LINE
  8
48
 10
30.2249
 20
103.5787
 30
0.0000
 11
29.8637
 21
103.5787
 31
0.0000
  0
LINE
  8
48
 10
31.2462
 20
102.6756
 30
0.0000
 11
31.7881
 21
102.6756
 31
0.0000
  0
ARC
  8
48
 10
31.7881
 20
103.0368
 30
0.0000
 40
0.3612
 50
270.0000
 51
0.0000
  0
LINE
  8
48
 10
32.1493
 20
103.0368
 30
0.0000
 11
32.1493
 21
103.2174
 31
0.0000
  0
ARC
  8
48
 10
31.7881
 20
103.2174
 30
0.0000
 40
0.3612
 50
0.0000
 51
90.0000
  0
LINE
  8
48
 10
31.7881
 20
103.5787
 30
0.0000
 11
31.2462
 21
103.5787
 31
0.0000
  0
LINE
  8
48
 10
31.2462
 20
103.5787
 30
0.0000
 11
31.2462
 21
104.3012
 31
0.0000
  0
LINE
  8
48
 10
31.2462
 20
104.3012
 30
0.0000
 11
32.1493
 21
104.3012
 31
0.0000
  0
LINE
  8
48
 10
32.8987
 20
102.1337
 30
0.0000
 11
32.8987
 21
103.7593
 31
0.0000
  0
LINE
  8
48
 10
33.6212
 20
103.7593
 30
0.0000
 11
33.6212
 21
103.0368
 31
0.0000
  0
ARC
  8
48
 10
33.2600
 20
103.0368
 30
0.0000
 40
0.3612
 50
180.0000
 51
0.0000
  0
LINE
  8
48
 10
33.6212
 20
103.0368
 30
0.0000
 11
33.6212
 21
102.8562
 31
0.0000
  0
ARC
  8
48
 10
33.8018
 20
102.8562
 30
0.0000
 40
0.1806
 50
180.0000
 51
270.0000
  0
LINE
  8
48
 10
34.3863
 20
102.6756
 30
0.0000
 11
34.3863
 21
103.7593
 31
0.0000
  0
LINE
  8
48
 10
34.3863
 20
103.7593
 30
0.0000
 11
35.1991
 21
103.7593
 31
0.0000
  0
ARC
  8
48
 10
35.1991
 20
103.4884
 30
0.0000
 40
0.2709
 50
0.0000
 51
90.0000
  0
LINE
  8
48
 10
35.4701
 20
103.4884
 30
0.0000
 11
35.4701
 21
102.6756
 31
0.0000
  0
LINE
  8
48
 10
34.9282
 20
102.6756
 30
0.0000
 11
34.9282
 21
103.7593
 31
0.0000
  0
ARC
  8
48
 10
52.0079
 20
103.8154
 30
0.0000
 40
0.4064
 50
0.0000
 51
90.0000
  0
ARC
  8
48
 10
52.0079
 20
103.6997
 30
0.0000
 40
0.5221
 50
90.0001
 51
162.0549
  0
ARC
  8
48
 10
51.9778
 20
103.8154
 30
0.0000
 40
0.4365
 50
313.6036
 51
359.9997
  0
LINE
  8
48
 10
52.2788
 20
103.4993
 30
0.0000
 11
51.5112
 21
102.5962
 31
0.0000
  0
LINE
  8
48
 10
51.5112
 20
102.5962
 30
0.0000
 11
52.4143
 21
102.5962
 31
0.0000
  0
ARC
  8
48
 10
46.5802
 20
97.1384
 30
0.0000
 40
1.3396
 50
154.0109
 51
180.0001
  0
ARC
  8
48
 10
45.6921
 20
97.6170
 30
0.0000
 40
0.3342
 50
90.0001
 51
161.0756
  0
ARC
  8
48
 10
45.6921
 20
97.6170
 30
0.0000
 40
0.3342
 50
18.9248
 51
90.0000
  0
ARC
  8
48
 10
44.8041
 20
97.1384
 30
0.0000
 40
1.3396
 50
360.0000
 51
25.9891
  0
ARC
  8
48
 10
46.5802
 20
97.1384
 30
0.0000
 40
1.3396
 50
180.0000
 51
205.9889
  0
ARC
  8
48
 10
45.6921
 20
96.6597
 30
0.0000
 40
0.3342
 50
198.9250
 51
270.0000
  0
ARC
  8
48
 10
44.8040
 20
97.1384
 30
0.0000
 40
1.3396
 50
334.0111
 51
360.0000
  0
ARC
  8
48
 10
45.6921
 20
96.6597
 30
0.0000
 40
0.3342
 50
269.9999
 51
341.0745
  0
LINE
  8
48
 10
45.3309
 20
96.6868
 30
0.0000
 11
46.0534
 21
97.5899
 31
0.0000
  0
CIRCLE
  8
21
 10
41.3163
 20
12.8131
 30
0.0000
 40
0.3550
  0
LINE
  8
21
 10
40.4713
 20
20.4050
 30
0.0000
 11
35.3912
 21
20.4050
 31
0.0000
  0
LINE
  8
21
 10
35.3912
 20
22.9450
 30
0.0000
 11
35.3912
 21
20.4050
 31
0.0000
  0
LINE
  8
21
 10
35.3912
 20
22.9450
 30
0.0000
 11
40.4713
 21
22.9450
 31
0.0000
  0
LINE
  8
21
 10
40.4713
 20
20.4050
 30
0.0000
 11
40.4713
 21
22.9450
 31
0.0000
  0
LINE
  8
21
 10
35.4113
 20
27.1875
 30
0.0000
 11
40.4913
 21
27.1875
 31
0.0000
  0
LINE
  8
21
 10
40.4913
 20
24.6475
 30
0.0000
 11
40.4913
 21
27.1875
 31
0.0000
  0
LINE
  8
21
 10
40.4913
 20
24.6475
 30
0.0000
 11
35.4113
 21
24.6475
 31
0.0000
  0
LINE
  8
21
 10
35.4113
 20
27.1875
 30
0.0000
 11
35.4113
 21
24.6475
 31
0.0000
  0
LINE
  8
21
 10
35.4113
 20
31.2825
 30
0.0000
 11
40.4913
 21
31.2825
 31
0.0000
  0
LINE
  8
21
 10
40.4913
 20
28.7425
 30
0.0000
 11
40.4913
 21
31.2825
 31
0.0000
  0
LINE
  8
21
 10
40.4913
 20
28.7425
 30
0.0000
 11
35.4113
 21
28.7425
 31
0.0000
  0
LINE
  8
21
 10
35.4113
 20
31.2825
 30
0.0000
 11
35.4113
 21
28.7425
 31
0.0000
  0
LINE
  8
21
 10
15.1784
 20
47.3689
 30
0.0000
 11
15.9573
 21
47.3689
 31
0.0000
  0
LINE
  8
21
 10
15.5679
 20
46.9795
 30
0.0000
 11
15.5679
 21
47.7584
 31
0.0000
  0
LINE
  8
21
 10
15.1785
 20
50.0677
 30
0.0000
 11
15.9574
 21
50.0677
 31
0.0000
  0
LINE
  8
21
 10
15.5680
 20
49.6783
 30
0.0000
 11
15.5680
 21
50.4572
 31
0.0000
  0
CIRCLE
  8
21
 10
14.4206
 20
48.7688
 30
0.0000
 40
2.6988
  0
LINE
  8
21
 10
35.4113
 20
35.3137
 30
0.0000
 11
40.4913
 21
35.3137
 31
0.0000
  0
LINE
  8
21
 10
40.4913
 20
32.7737
 30
0.0000
 11
40.4913
 21
35.3137
 31
0.0000
  0
LINE
  8
21
 10
40.4913
 20
32.7737
 30
0.0000
 11
35.4113
 21
32.7737
 31
0.0000
  0
LINE
  8
21
 10
35.4113
 20
35.3137
 30
0.0000
 11
35.4113
 21
32.7737
 31
0.0000
  0
CIRCLE
  8
21
 10
5.0000
 20
4.0000
 30
0.0000
 40
3.1789
  0
CIRCLE
  8
21
 10
5.0000
 20
4.0000
 30
0.0000
 40
1.7463
  0
CIRCLE
  8
21
 10
39.0000
 20
4.0000
 30
0.0000
 40
3.1789
  0
CIRCLE
  8
21
 10
39.0000
 20
4.0000
 30
0.0000
 40
1.7463
  0
CIRCLE
  8
21
 10
39.0000
 20
67.0000
 30
0.0000
 40
3.1789
  0
CIRCLE
  8
21
 10
39.0000
 20
67.0000
 30
0.0000
 40
1.7463
  0
CIRCLE
  8
21
 10
5.0000
 20
67.0000
 30
0.0000
 40
3.1789
  0
CIRCLE
  8
21
 10
5.0000
 20
67.0000
 30
0.0000
 40
1.7463
  0
LINE
  8
51
 10
0.1000
 20
12.7200
 30
0.0000
 11
4.0000
 21
12.7200
 31
0.0000
  0
LINE
  8
51
 10
0.1000
 20
14.7200
 30
0.0000
 11
4.0000
 21
14.7200
 31
0.0000
  0
ARC
  8
51
 10
4.0000
 20
13.7200
 30
0.0000
 40
1.0000
 50
270.0000
 51
90.0000
  0
ARC
  8
51
 10
3.0000
 20
13.7200
 30
0.0000
 40
0.5000
 50
270.0000
 51
90.0000
  0
LINE
  8
51
 10
3.0000
 20
13.2200
 30
0.0000
 11
2.0000
 21
13.2200
 31
0.0000
  0
LINE
  8
51
 10
3.0000
 20
14.2200
 30
0.0000
 11
2.0000
 21
14.2200
 31
0.0000
  0
ARC
  8
51
 10
2.0000
 20
13.7200
 30
0.0000
 40
0.5000
 50
90.0000
 51
270.0000
  0
LINE
  8
21
 10
0.1000
 20
12.7200
 30
0.0000
 11
-1.0000
 21
12.7200
 31
0.0000
  0
LINE
  8
21
 10
0.1000
 20
14.7200
 30
0.0000
 11
-1.0000
 21
14.7200
 31
0.0000
  0
LINE
  8
21
 10
-1.0000
 20
15.4500
 30
0.0000
 11
0.0000
 21
15.4500
 31
0.0000
  0
LINE
  8
21
 10
0.0000
 20
15.4500
 30
0.0000
 11
0.0000
 21
15.9500
 31
0.0000
  0
LINE
  8
21
 10
0.0000
 20
15.9500
 30
0.0000
 11
-1.0000
 21
15.9500
 31
0.0000
  0
LINE
  8
21
 10
-1.0000
 20
11.4900
 30
0.0000
 11
0.0000
 21
11.4900
 31
0.0000
  0
LINE
  8
21
 10
0.0000
 20
11.4900
 30
0.0000
 11
0.0000
 21
11.9900
 31
0.0000
  0
LINE
  8
21
 10
0.0000
 20
11.9900
 30
0.0000
 11
-1.0000
 21
11.9900
 31
0.0000
  0
LINE
  8
51
 10
0.1000
 20
16.6800
 30
0.0000
 11
4.0000
 21
16.6800
 31
0.0000
  0
LINE
  8
51
 10
0.1000
 20
18.6800
 30
0.0000
 11
4.0000
 21
18.6800
 31
0.0000
  0
ARC
  8
51
 10
4.0000
 20
17.6800
 30
0.0000
 40
1.0000
 50
270.0000
 51
90.0000
  0
ARC
  8
51
 10
3.0000
 20
17.6800
 30
0.0000
 40
0.5000
 50
270.0000
 51
90.0000
  0
LINE
  8
51
 10
3.0000
 20
17.1800
 30
0.0000
 11
2.0000
 21
17.1800
 31
0.0000
  0
LINE
  8
51
 10
3.0000
 20
18.1800
 30
0.0000
 11
2.0000
 21
18.1800
 31
0.0000
  0
ARC
  8
51
 10
2.0000
 20
17.6800
 30
0.0000
 40
0.5000
 50
90.0000
 51
270.0000
  0
LINE
  8
21
 10
0.1000
 20
16.6800
 30
0.0000
 11
-1.0000
 21
16.6800
 31
0.0000
  0
LINE
  8
21
 10
0.1000
 20
18.6800
 30
0.0000
 11
-1.0000
 21
18.6800
 31
0.0000
  0
LINE
  8
21
 10
-1.0000
 20
19.4100
 30
0.0000
 11
0.0000
 21
19.4100
 31
0.0000
  0
LINE
  8
21
 10
0.0000
 20
19.4100
 30
0.0000
 11
0.0000
 21
19.9100
 31
0.0000
  0
LINE
  8
21
 10
0.0000
 20
19.9100
 30
0.0000
 11
-1.0000
 21
19.9100
 31
0.0000
  0
LINE
  8
51
 10
0.1000
 20
20.6400
 30
0.0000
 11
4.0000
 21
20.6400
 31
0.0000
  0
LINE
  8
51
 10
0.1000
 20
22.6400
 30
0.0000
 11
4.0000
 21
22.6400
 31
0.0000
  0
ARC
  8
51
 10
4.0000
 20
21.6400
 30
0.0000
 40
1.0000
 50
270.0000
 51
90.0000
  0
ARC
  8
51
 10
3.0000
 20
21.6400
 30
0.0000
 40
0.5000
 50
270.0000
 51
90.0000
  0
LINE
  8
51
 10
3.0000
 20
21.1400
 30
0.0000
 11
2.0000
 21
21.1400
 31
0.0000
  0
LINE
  8
51
 10
3.0000
 20
22.1400
 30
0.0000
 11
2.0000
 21
22.1400
 31
0.0000
  0
ARC
  8
51
 10
2.0000
 20
21.6400
 30
0.0000
 40
0.5000
 50
90.0000
 51
270.0000
  0
LINE
  8
21
 10
0.1000
 20
20.6400
 30
0.0000
 11
-1.0000
 21
20.6400
 31
0.0000
  0
LINE
  8
21
 10
0.1000
 20
22.6400
 30
0.0000
 11
-1.0000
 21
22.6400
 31
0.0000
  0
LINE
  8
21
 10
-1.0000
 20
23.3700
 30
0.0000
 11
0.0000
 21
23.3700
 31
0.0000
  0
LINE
  8
21
 10
0.0000
 20
23.3700
 30
0.0000
 11
0.0000
 21
23.8700
 31
0.0000
  0
LINE
  8
21
 10
0.0000
 20
23.8700
 30
0.0000
 11
-1.0000
 21
23.8700
 31
0.0000
  0
LINE
  8
51
 10
0.1000
 20
24.6000
 30
0.0000
 11
4.0000
 21
24.6000
 31
0.0000
  0
LINE
  8
51
 10
0.1000
 20
26.6000
 30
0.0000
 11
4.0000
 21
26.6000
 31
0.0000
  0
ARC
  8
51
 10
4.0000
 20
25.6000
 30
0.0000
 40
1.0000
 50
270.0000
 51
90.0000
  0
ARC
  8
51
 10
3.0000
 20
25.6000
 30
0.0000
 40
0.5000
 50
270.0000
 51
90.0000
  0
LINE
  8
51
 10
3.0000
 20
25.1000
 30
0.0000
 11
2.0000
 21
25.1000
 31
0.0000
  0
LINE
  8
51
 10
3.0000
 20
26.1000
 30
0.0000
 11
2.0000
 21
26.1000
 31
0.0000
  0
ARC
  8
51
 10
2.0000
 20
25.6000
 30
0.0000
 40
0.5000
 50
90.0000
 51
270.0000
  0
LINE
  8
21
 10
0.1000
 20
24.6000
 30
0.0000
 11
-1.0000
 21
24.6000
 31
0.0000
  0
LINE
  8
21
 10
0.1000
 20
26.6000
 30
0.0000
 11
-1.0000
 21
26.6000
 31
0.0000
  0
LINE
  8
21
 10
-1.0000
 20
27.3300
 30
0.0000
 11
0.0000
 21
27.3300
 31
0.0000
  0
LINE
  8
21
 10
0.0000
 20
27.3300
 30
0.0000
 11
0.0000
 21
27.8300
 31
0.0000
  0
LINE
  8
21
 10
0.0000
 20
27.8300
 30
0.0000
 11
-1.0000
 21
27.8300
 31
0.0000
  0
LINE
  8
51
 10
0.1000
 20
28.5600
 30
0.0000
 11
4.0000
 21
28.5600
 31
0.0000
  0
LINE
  8
51
 10
0.1000
 20
30.5600
 30
0.0000
 11
4.0000
 21
30.5600
 31
0.0000
  0
ARC
  8
51
 10
4.0000
 20
29.5600
 30
0.0000
 40
1.0000
 50
270.0000
 51
90.0000
  0
ARC
  8
51
 10
3.0000
 20
29.5600
 30
0.0000
 40
0.5000
 50
270.0000
 51
90.0000
  0
LINE
  8
51
 10
3.0000
 20
29.0600
 30
0.0000
 11
2.0000
 21
29.0600
 31
0.0000
  0
LINE
  8
51
 10
3.0000
 20
30.0600
 30
0.0000
 11
2.0000
 21
30.0600
 31
0.0000
  0
ARC
  8
51
 10
2.0000
 20
29.5600
 30
0.0000
 40
0.5000
 50
90.0000
 51
270.0000
  0
LINE
  8
21
 10
0.1000
 20
28.5600
 30
0.0000
 11
-1.0000
 21
28.5600
 31
0.0000
  0
LINE
  8
21
 10
0.1000
 20
30.5600
 30
0.0000
 11
-1.0000
 21
30.5600
 31
0.0000
  0
LINE
  8
21
 10
-1.0000
 20
31.2900
 30
0.0000
 11
0.0000
 21
31.2900
 31
0.0000
  0
LINE
  8
21
 10
0.0000
 20
31.2900
 30
0.0000
 11
0.0000
 21
31.7900
 31
0.0000
  0
LINE
  8
21
 10
0.0000
 20
31.7900
 30
0.0000
 11
-1.0000
 21
31.7900
 31
0.0000
  0
LINE
  8
51
 10
0.1000
 20
32.5200
 30
0.0000
 11
4.0000
 21
32.5200
 31
0.0000
  0
LINE
  8
51
 10
0.1000
 20
34.5200
 30
0.0000
 11
4.0000
 21
34.5200
 31
0.0000
  0
ARC
  8
51
 10
4.0000
 20
33.5200
 30
0.0000
 40
1.0000
 50
270.0000
 51
90.0000
  0
ARC
  8
51
 10
3.0000
 20
33.5200
 30
0.0000
 40
0.5000
 50
270.0000
 51
90.0000
  0
LINE
  8
51
 10
3.0000
 20
33.0200
 30
0.0000
 11
2.0000
 21
33.0200
 31
0.0000
  0
LINE
  8
51
 10
3.0000
 20
34.0200
 30
0.0000
 11
2.0000
 21
34.0200
 31
0.0000
  0
ARC
  8
51
 10
2.0000
 20
33.5200
 30
0.0000
 40
0.5000
 50
90.0000
 51
270.0000
  0
LINE
  8
21
 10
0.1000
 20
32.5200
 30
0.0000
 11
-1.0000
 21
32.5200
 31
0.0000
  0
LINE
  8
21
 10
0.1000
 20
34.5200
 30
0.0000
 11
-1.0000
 21
34.5200
 31
0.0000
  0
LINE
  8
21
 10
-1.0000
 20
35.2500
 30
0.0000
 11
0.0000
 21
35.2500
 31
0.0000
  0
LINE
  8
21
 10
0.0000
 20
35.2500
 30
0.0000
 11
0.0000
 21
35.7500
 31
0.0000
  0
LINE
  8
21
 10
0.0000
 20
35.7500
 30
0.0000
 11
-1.0000
 21
35.7500
 31
0.0000
  0
LINE
  8
51
 10
0.1000
 20
36.4800
 30
0.0000
 11
4.0000
 21
36.4800
 31
0.0000
  0
LINE
  8
51
 10
0.1000
 20
38.4800
 30
0.0000
 11
4.0000
 21
38.4800
 31
0.0000
  0
ARC
  8
51
 10
4.0000
 20
37.4800
 30
0.0000
 40
1.0000
 50
270.0000
 51
90.0000
  0
ARC
  8
51
 10
3.0000
 20
37.4800
 30
0.0000
 40
0.5000
 50
270.0000
 51
90.0000
  0
LINE
  8
51
 10
3.0000
 20
36.9800
 30
0.0000
 11
2.0000
 21
36.9800
 31
0.0000
  0
LINE
  8
51
 10
3.0000
 20
37.9800
 30
0.0000
 11
2.0000
 21
37.9800
 31
0.0000
  0
ARC
  8
51
 10
2.0000
 20
37.4800
 30
0.0000
 40
0.5000
 50
90.0000
 51
270.0000
  0
LINE
  8
21
 10
0.1000
 20
36.4800
 30
0.0000
 11
-1.0000
 21
36.4800
 31
0.0000
  0
LINE
  8
21
 10
0.1000
 20
38.4800
 30
0.0000
 11
-1.0000
 21
38.4800
 31
0.0000
  0
LINE
  8
21
 10
-1.0000
 20
39.2100
 30
0.0000
 11
0.0000
 21
39.2100
 31
0.0000
  0
LINE
  8
21
 10
0.0000
 20
39.2100
 30
0.0000
 11
0.0000
 21
39.7100
 31
0.0000
  0
LINE
  8
21
 10
0.0000
 20
39.7100
 30
0.0000
 11
-1.0000
 21
39.7100
 31
0.0000
  0
LINE
  8
51
 10
0.1000
 20
40.4400
 30
0.0000
 11
4.0000
 21
40.4400
 31
0.0000
  0
LINE
  8
51
 10
0.1000
 20
42.4400
 30
0.0000
 11
4.0000
 21
42.4400
 31
0.0000
  0
ARC
  8
51
 10
4.0000
 20
41.4400
 30
0.0000
 40
1.0000
 50
270.0000
 51
90.0000
  0
ARC
  8
51
 10
3.0000
 20
41.4400
 30
0.0000
 40
0.5000
 50
270.0000
 51
90.0000
  0
LINE
  8
51
 10
3.0000
 20
40.9400
 30
0.0000
 11
2.0000
 21
40.9400
 31
0.0000
  0
LINE
  8
51
 10
3.0000
 20
41.9400
 30
0.0000
 11
2.0000
 21
41.9400
 31
0.0000
  0
ARC
  8
51
 10
2.0000
 20
41.4400
 30
0.0000
 40
0.5000
 50
90.0000
 51
270.0000
  0
LINE
  8
21
 10
0.1000
 20
40.4400
 30
0.0000
 11
-1.0000
 21
40.4400
 31
0.0000
  0
LINE
  8
21
 10
0.1000
 20
42.4400
 30
0.0000
 11
-1.0000
 21
42.4400
 31
0.0000
  0
LINE
  8
21
 10
-1.0000
 20
43.1700
 30
0.0000
 11
0.0000
 21
43.1700
 31
0.0000
  0
LINE
  8
21
 10
0.0000
 20
43.1700
 30
0.0000
 11
0.0000
 21
43.6700
 31
0.0000
  0
LINE
  8
21
 10
0.0000
 20
43.6700
 30
0.0000
 11
-1.0000
 21
43.6700
 31
0.0000
  0
LINE
  8
51
 10
0.1000
 20
44.4000
 30
0.0000
 11
4.0000
 21
44.4000
 31
0.0000
  0
LINE
  8
51
 10
0.1000
 20
46.4000
 30
0.0000
 11
4.0000
 21
46.4000
 31
0.0000
  0
ARC
  8
51
 10
4.0000
 20
45.4000
 30
0.0000
 40
1.0000
 50
270.0000
 51
90.0000
  0
ARC
  8
51
 10
3.0000
 20
45.4000
 30
0.0000
 40
0.5000
 50
270.0000
 51
90.0000
  0
LINE
  8
51
 10
3.0000
 20
44.9000
 30
0.0000
 11
2.0000
 21
44.9000
 31
0.0000
  0
LINE
  8
51
 10
3.0000
 20
45.9000
 30
0.0000
 11
2.0000
 21
45.9000
 31
0.0000
  0
ARC
  8
51
 10
2.0000
 20
45.4000
 30
0.0000
 40
0.5000
 50
90.0000
 51
270.0000
  0
LINE
  8
21
 10
0.1000
 20
44.4000
 30
0.0000
 11
-1.0000
 21
44.4000
 31
0.0000
  0
LINE
  8
21
 10
0.1000
 20
46.4000
 30
0.0000
 11
-1.0000
 21
46.4000
 31
0.0000
  0
LINE
  8
21
 10
-1.0000
 20
47.1300
 30
0.0000
 11
0.0000
 21
47.1300
 31
0.0000
  0
LINE
  8
21
 10
0.0000
 20
47.1300
 30
0.0000
 11
0.0000
 21
47.6300
 31
0.0000
  0
LINE
  8
21
 10
0.0000
 20
47.6300
 30
0.0000
 11
-1.0000
 21
47.6300
 31
0.0000
  0
LINE
  8
51
 10
0.1000
 20
48.3600
 30
0.0000
 11
4.0000
 21
48.3600
 31
0.0000
  0
LINE
  8
51
 10
0.1000
 20
50.3600
 30
0.0000
 11
4.0000
 21
50.3600
 31
0.0000
  0
ARC
  8
51
 10
4.0000
 20
49.3600
 30
0.0000
 40
1.0000
 50
270.0000
 51
90.0000
  0
ARC
  8
51
 10
3.0000
 20
49.3600
 30
0.0000
 40
0.5000
 50
270.0000
 51
90.0000
  0
LINE
  8
51
 10
3.0000
 20
48.8600
 30
0.0000
 11
2.0000
 21
48.8600
 31
0.0000
  0
LINE
  8
51
 10
3.0000
 20
49.8600
 30
0.0000
 11
2.0000
 21
49.8600
 31
0.0000
  0
ARC
  8
51
 10
2.0000
 20
49.3600
 30
0.0000
 40
0.5000
 50
90.0000
 51
270.0000
  0
LINE
  8
21
 10
0.1000
 20
48.3600
 30
0.0000
 11
-1.0000
 21
48.3600
 31
0.0000
  0
LINE
  8
21
 10
0.1000
 20
50.3600
 30
0.0000
 11
-1.0000
 21
50.3600
 31
0.0000
  0
LINE
  8
21
 10
-1.0000
 20
51.0900
 30
0.0000
 11
0.0000
 21
51.0900
 31
0.0000
  0
LINE
  8
21
 10
0.0000
 20
51.0900
 30
0.0000
 11
0.0000
 21
51.5900
 31
0.0000
  0
LINE
  8
21
 10
0.0000
 20
51.5900
 30
0.0000
 11
-1.0000
 21
51.5900
 31
0.0000
  0
LINE
  8
51
 10
0.1000
 20
52.3200
 30
0.0000
 11
4.0000
 21
52.3200
 31
0.0000
  0
LINE
  8
51
 10
0.1000
 20
54.3200
 30
0.0000
 11
4.0000
 21
54.3200
 31
0.0000
  0
ARC
  8
51
 10
4.0000
 20
53.3200
 30
0.0000
 40
1.0000
 50
270.0000
 51
90.0000
  0
ARC
  8
51
 10
3.0000
 20
53.3200
 30
0.0000
 40
0.5000
 50
270.0000
 51
90.0000
  0
LINE
  8
51
 10
3.0000
 20
52.8200
 30
0.0000
 11
2.0000
 21
52.8200
 31
0.0000
  0
LINE
  8
51
 10
3.0000
 20
53.8200
 30
0.0000
 11
2.0000
 21
53.8200
 31
0.0000
  0
ARC
  8
51
 10
2.0000
 20
53.3200
 30
0.0000
 40
0.5000
 50
90.0000
 51
270.0000
  0
LINE
  8
21
 10
0.1000
 20
52.3200
 30
0.0000
 11
-1.0000
 21
52.3200
 31
0.0000
  0
LINE
  8
21
 10
0.1000
 20
54.3200
 30
0.0000
 11
-1.0000
 21
54.3200
 31
0.0000
  0
LINE
  8
21
 10
-1.0000
 20
55.0500
 30
0.0000
 11
0.0000
 21
55.0500
 31
0.0000
  0
LINE
  8
21
 10
0.0000
 20
55.0500
 30
0.0000
 11
0.0000
 21
55.5500
 31
0.0000
  0
LINE
  8
21
 10
0.0000
 20
55.5500
 30
0.0000
 11
-1.0000
 21
55.5500
 31
0.0000
  0
LINE
  8
51
 10
0.1000
 20
56.2800
 30
0.0000
 11
4.0000
 21
56.2800
 31
0.0000
  0
LINE
  8
51
 10
0.1000
 20
58.2800
 30
0.0000
 11
4.0000
 21
58.2800
 31
0.0000
  0
ARC
  8
51
 10
4.0000
 20
57.2800
 30
0.0000
 40
1.0000
 50
270.0000
 51
90.0000
  0
ARC
  8
51
 10
3.0000
 20
57.2800
 30
0.0000
 40
0.5000
 50
270.0000
 51
90.0000
  0
LINE
  8
51
 10
3.0000
 20
56.7800
 30
0.0000
 11
2.0000
 21
56.7800
 31
0.0000
  0
LINE
  8
51
 10
3.0000
 20
57.7800
 30
0.0000
 11
2.0000
 21
57.7800
 31
0.0000
  0
ARC
  8
51
 10
2.0000
 20
57.2800
 30
0.0000
 40
0.5000
 50
90.0000
 51
270.0000
  0
LINE
  8
21
 10
0.1000
 20
56.2800
 30
0.0000
 11
-1.0000
 21
56.2800
 31
0.0000
  0
LINE
  8
21
 10
0.1000
 20
58.2800
 30
0.0000
 11
-1.0000
 21
58.2800
 31
0.0000
  0
LINE
  8
21
 10
-1.0000
 20
59.0100
 30
0.0000
 11
0.0000
 21
59.0100
 31
0.0000
  0
LINE
  8
21
 10
0.0000
 20
59.0100
 30
0.0000
 11
0.0000
 21
59.5100
 31
0.0000
  0
LINE
  8
21
 10
0.0000
 20
59.5100
 30
0.0000
 11
-1.0000
 21
59.5100
 31
0.0000
  0
LINE
  8
21
 10
0.0000
 20
1.2500
 30
0.0000
 11
-6.8000
 21
1.2500
 31
0.0000
  0
LINE
  8
21
 10
0.0000
 20
69.7500
 30
0.0000
 11
-6.8000
 21
69.7500
 31
0.0000
  0
LINE
  8
21
 10
-1.0000
 20
8.7000
 30
0.0000
 11
-1.0000
 21
62.3000
 31
0.0000
  0
LINE
  8
21
 10
-1.0000
 20
62.3000
 30
0.0000
 11
0.0000
 21
62.3000
 31
0.0000
  0
LINE
  8
21
 10
0.0000
 20
62.3000
 30
0.0000
 11
0.0000
 21
64.8000
 31
0.0000
  0
LINE
  8
21
 10
0.0000
 20
64.8000
 30
0.0000
 11
0.0000
 21
66.5000
 31
0.0000
  0
LINE
  8
21
 10
0.0000
 20
66.5000
 30
0.0000
 11
0.0000
 21
68.2000
 31
0.0000
  0
LINE
  8
21
 10
0.0000
 20
68.2000
 30
0.0000
 11
0.0000
 21
69.7500
 31
0.0000
  0
LINE
  8
21
 10
0.0000
 20
1.2500
 30
0.0000
 11
0.0000
 21
2.8000
 31
0.0000
  0
LINE
  8
21
 10
0.0000
 20
2.8000
 30
0.0000
 11
0.0000
 21
4.5000
 31
0.0000
  0
LINE
  8
21
 10
0.0000
 20
4.5000
 30
0.0000
 11
0.0000
 21
6.2000
 31
0.0000
  0
LINE
  8
21
 10
0.0000
 20
6.2000
 30
0.0000
 11
0.0000
 21
8.7000
 31
0.0000
  0
LINE
  8
21
 10
0.0000
 20
8.7000
 30
0.0000
 11
-1.0000
 21
8.7000
 31
0.0000
  0
LINE
  8
21
 10
-11.6000
 20
8.0000
 30
0.0000
 11
-11.6000
 21
63.0000
 31
0.0000
  0
LINE
  8
21
 10
-11.6000
 20
63.0000
 30
0.0000
 11
-6.8000
 21
63.0000
 31
0.0000
  0
LINE
  8
21
 10
-6.8000
 20
63.0000
 30
0.0000
 11
-6.8000
 21
64.8000
 31
0.0000
  0
LINE
  8
21
 10
-6.8000
 20
64.8000
 30
0.0000
 11
-6.8000
 21
68.2000
 31
0.0000
  0
LINE
  8
21
 10
-6.8000
 20
68.2000
 30
0.0000
 11
-6.8000
 21
69.7500
 31
0.0000
  0
LINE
  8
21
 10
-6.8000
 20
1.2500
 30
0.0000
 11
-6.8000
 21
2.8000
 31
0.0000
  0
LINE
  8
21
 10
-6.8000
 20
2.8000
 30
0.0000
 11
-6.8000
 21
6.2000
 31
0.0000
  0
LINE
  8
21
 10
-6.8000
 20
6.2000
 30
0.0000
 11
-6.8000
 21
8.0000
 31
0.0000
  0
LINE
  8
21
 10
-6.8000
 20
8.0000
 30
0.0000
 11
-11.6000
 21
8.0000
 31
0.0000
  0
LINE
  8
21
 10
0.0000
 20
66.5000
 30
0.0000
 11
-2.8667
 21
66.5000
 31
0.0000
  0
LINE
  8
21
 10
-3.5480
 20
66.5000
 30
0.0000
 11
-3.6853
 21
66.5000
 31
0.0000
  0
LINE
  8
21
 10
-4.3667
 20
66.5000
 30
0.0000
 11
-7.2333
 21
66.5000
 31
0.0000
  0
LINE
  8
21
 10
-7.9147
 20
66.5000
 30
0.0000
 11
-8.0520
 21
66.5000
 31
0.0000
  0
LINE
  8
21
 10
-8.7333
 20
66.5000
 30
0.0000
 11
-11.6000
 21
66.5000
 31
0.0000
  0
LINE
  8
21
 10
-11.6000
 20
4.5000
 30
0.0000
 11
-8.7333
 21
4.5000
 31
0.0000
  0
LINE
  8
21
 10
-8.0520
 20
4.5000
 30
0.0000
 11
-7.9147
 21
4.5000
 31
0.0000
  0
LINE
  8
21
 10
-7.2333
 20
4.5000
 30
0.0000
 11
-4.3667
 21
4.5000
 31
0.0000
  0
LINE
  8
21
 10
-3.6853
 20
4.5000
 30
0.0000
 11
-3.5480
 21
4.5000
 31
0.0000
  0
LINE
  8
21
 10
-2.8667
 20
4.5000
 30
0.0000
 11
0.0000
 21
4.5000
 31
0.0000
  0
LINE
  8
21
 10
-6.8000
 20
68.2000
 30
0.0000
 11
-5.2000
 21
68.2000
 31
0.0000
  0
LINE
  8
21
 10
-4.2000
 20
68.2000
 30
0.0000
 11
-2.6000
 21
68.2000
 31
0.0000
  0
LINE
  8
21
 10
-1.6000
 20
68.2000
 30
0.0000
 11
0.0000
 21
68.2000
 31
0.0000
  0
LINE
  8
21
 10
-6.8000
 20
64.8000
 30
0.0000
 11
-5.2000
 21
64.8000
 31
0.0000
  0
LINE
  8
21
 10
-4.2000
 20
64.8000
 30
0.0000
 11
-2.6000
 21
64.8000
 31
0.0000
  0
LINE
  8
21
 10
-1.6000
 20
64.8000
 30
0.0000
 11
0.0000
 21
64.8000
 31
0.0000
  0
LINE
  8
21
 10
-6.8000
 20
2.8000
 30
0.0000
 11
-5.2000
 21
2.8000
 31
0.0000
  0
LINE
  8
21
 10
-4.2000
 20
2.8000
 30
0.0000
 11
-2.6000
 21
2.8000
 31
0.0000
  0
LINE
  8
21
 10
-1.6000
 20
2.8000
 30
0.0000
 11
0.0000
 21
2.8000
 31
0.0000
  0
LINE
  8
21
 10
-6.8000
 20
6.2000
 30
0.0000
 11
-5.2000
 21
6.2000
 31
0.0000
  0
LINE
  8
21
 10
-4.2000
 20
6.2000
 30
0.0000
 11
-2.6000
 21
6.2000
 31
0.0000
  0
LINE
  8
21
 10
-1.6000
 20
6.2000
 30
0.0000
 11
0.0000
 21
6.2000
 31
0.0000
  0
LINE
  8
21
 10
25.5000
 20
-2.0000
 30
0.0000
 11
34.5000
 21
-2.0000
 31
0.0000
  0
LINE
  8
21
 10
34.5000
 20
-2.0000
 30
0.0000
 11
34.5000
 21
1.5000
 31
0.0000
  0
LINE
  8
21
 10
34.5000
 20
1.5000
 30
0.0000
 11
34.2000
 21
1.5000
 31
0.0000
  0
LINE
  8
21
 10
34.2000
 20
1.5000
 30
0.0000
 11
25.8000
 21
1.5000
 31
0.0000
  0
LINE
  8
21
 10
25.8000
 20
1.5000
 30
0.0000
 11
25.5000
 21
1.5000
 31
0.0000
  0
LINE
  8
21
 10
25.5000
 20
1.5000
 30
0.0000
 11
25.5000
 21
-2.0000
 31
0.0000
  0
LINE
  8
21
 10
25.5000
 20
1.5000
 30
0.0000
 11
25.5000
 21
12.0000
 31
0.0000
  0
LINE
  8
21
 10
25.5000
 20
12.0000
 30
0.0000
 11
25.8000
 21
12.0000
 31
0.0000
  0
LINE
  8
21
 10
25.8000
 20
12.0000
 30
0.0000
 11
28.5000
 21
12.0000
 31
0.0000
  0
LINE
  8
21
 10
28.5000
 20
12.0000
 30
0.0000
 11
28.8000
 21
12.0000
 31
0.0000
  0
LINE
  8
21
 10
31.2000
 20
12.0000
 30
0.0000
 11
31.5000
 21
12.0000
 31
0.0000
  0
LINE
  8
21
 10
31.5000
 20
12.0000
 30
0.0000
 11
34.2000
 21
12.0000
 31
0.0000
  0
LINE
  8
21
 10
34.2000
 20
12.0000
 30
0.0000
 11
34.5000
 21
12.0000
 31
0.0000
  0
LINE
  8
21
 10
34.5000
 20
12.0000
 30
0.0000
 11
34.5000
 21
9.7000
 31
0.0000
  0
LINE
  8
21
 10
34.5000
 20
7.5000
 30
0.0000
 11
34.5000
 21
1.5000
 31
0.0000
  0
LINE
  8
21
 10
25.8000
 20
1.5000
 30
0.0000
 11
25.8000
 21
12.0000
 31
0.0000
  0
LINE
  8
21
 10
34.2000
 20
1.5000
 30
0.0000
 11
34.2000
 21
7.7000
 31
0.0000
  0
LINE
  8
21
 10
34.2000
 20
9.5000
 30
0.0000
 11
34.2000
 21
12.0000
 31
0.0000
  0
LINE
  8
21
 10
28.5000
 20
12.5000
 30
0.0000
 11
28.5000
 21
12.0000
 31
0.0000
  0
LINE
  8
21
 10
31.5000
 20
12.0000
 30
0.0000
 11
31.5000
 21
12.5000
 31
0.0000
  0
LINE
  8
21
 10
31.5000
 20
12.5000
 30
0.0000
 11
31.2000
 21
12.5000
 31
0.0000
  0
LINE
  8
21
 10
28.5000
 20
12.5000
 30
0.0000
 11
28.8000
 21
12.5000
 31
0.0000
  0
LINE
  8
21
 10
30.0000
 20
-4.9000
 30
0.0000
 11
30.0000
 21
-3.0000
 31
0.0000
  0
LINE
  8
21
 10
30.0000
 20
-3.0000
 30
0.0000
 11
30.4000
 21
-3.4000
 31
0.0000
  0
LINE
  8
21
 10
30.0000
 20
-3.0000
 30
0.0000
 11
29.6000
 21
-3.4000
 31
0.0000
  0
LINE
  8
21
 10
28.5000
 20
12.5000
 30
0.0000
 11
25.5000
 21
12.5000
 31
0.0000
  0
LINE
  8
21
 10
25.5000
 20
12.5000
 30
0.0000
 11
25.5000
 21
12.0000
 31
0.0000
  0
LINE
  8
21
 10
31.5000
 20
12.5000
 30
0.0000
 11
34.5000
 21
12.5000
 31
0.0000
  0
LINE
  8
21
 10
34.5000
 20
12.5000
 30
0.0000
 11
34.5000
 21
12.0000
 31
0.0000
  0
LINE
  8
51
 10
28.8000
 20
12.0000
 30
0.0000
 11
31.2000
 21
12.0000
 31
0.0000
  0
LINE
  8
51
 10
31.2000
 20
12.5000
 30
0.0000
 11
28.8000
 21
12.5000
 31
0.0000
  0
LINE
  8
51
 10
34.2000
 20
7.7000
 30
0.0000
 11
34.2000
 21
9.5000
 31
0.0000
  0
LINE
  8
51
 10
34.5000
 20
7.5000
 30
0.0000
 11
34.5000
 21
8.0000
 31
0.0000
  0
LINE
  8
51
 10
34.5000
 20
8.0000
 30
0.0000
 11
34.5000
 21
9.2000
 31
0.0000
  0
LINE
  8
51
 10
34.5000
 20
9.2000
 30
0.0000
 11
34.5000
 21
9.7000
 31
0.0000
  0
LINE
  8
51
 10
34.5000
 20
9.2000
 30
0.0000
 11
35.0000
 21
9.2000
 31
0.0000
  0
LINE
  8
51
 10
35.0000
 20
9.2000
 30
0.0000
 11
35.0000
 21
8.0000
 31
0.0000
  0
LINE
  8
51
 10
35.0000
 20
8.0000
 30
0.0000
 11
34.5000
 21
8.0000
 31
0.0000
  0
LINE
  8
21
 10
9.3800
 20
9.6038
 30
0.0000
 11
24.6200
 21
9.6038
 31
0.0000
  0
LINE
  8
21
 10
24.6200
 20
9.6038
 30
0.0000
 11
24.6200
 21
8.1750
 31
0.0000
  0
LINE
  8
21
 10
24.6200
 20
8.1750
 30
0.0000
 11
24.6200
 21
6.7463
 31
0.0000
  0
LINE
  8
21
 10
24.6200
 20
6.7463
 30
0.0000
 11
24.6200
 21
0.3962
 31
0.0000
  0
LINE
  8
21
 10
24.6200
 20
0.3962
 30
0.0000
 11
18.2700
 21
0.3962
 31
0.0000
  0
LINE
  8
21
 10
18.2700
 20
0.3962
 30
0.0000
 11
15.7300
 21
0.3962
 31
0.0000
  0
LINE
  8
21
 10
15.7300
 20
0.3962
 30
0.0000
 11
9.3800
 21
0.3962
 31
0.0000
  0
LINE
  8
21
 10
9.3800
 20
0.3962
 30
0.0000
 11
9.3800
 21
6.7463
 31
0.0000
  0
LINE
  8
21
 10
9.3800
 20
6.7463
 30
0.0000
 11
9.3800
 21
8.1750
 31
0.0000
  0
LINE
  8
21
 10
9.3800
 20
8.1750
 30
0.0000
 11
9.3800
 21
9.6038
 31
0.0000
  0
LINE
  8
21
 10
10.6500
 20
8.3338
 30
0.0000
 11
23.3500
 21
8.3338
 31
0.0000
  0
LINE
  8
21
 10
23.3500
 20
8.3338
 30
0.0000
 11
23.3500
 21
8.1750
 31
0.0000
  0
LINE
  8
21
 10
23.3500
 20
8.1750
 30
0.0000
 11
23.3500
 21
6.7463
 31
0.0000
  0
LINE
  8
21
 10
23.3500
 20
6.7463
 30
0.0000
 11
23.3500
 21
1.6662
 31
0.0000
  0
LINE
  8
21
 10
23.3500
 20
1.6662
 30
0.0000
 11
18.2700
 21
1.6662
 31
0.0000
  0
LINE
  8
21
 10
18.2700
 20
1.6662
 30
0.0000
 11
15.7300
 21
1.6662
 31
0.0000
  0
LINE
  8
21
 10
15.7300
 20
1.6662
 30
0.0000
 11
10.6500
 21
1.6662
 31
0.0000
  0
LINE
  8
21
 10
10.6500
 20
1.6662
 30
0.0000
 11
10.6500
 21
6.7463
 31
0.0000
  0
LINE
  8
21
 10
10.6500
 20
6.7463
 30
0.0000
 11
10.6500
 21
8.1750
 31
0.0000
  0
LINE
  8
21
 10
10.6500
 20
8.1750
 30
0.0000
 11
10.6500
 21
8.3338
 31
0.0000
  0
LINE
  8
21
 10
15.7300
 20
1.6662
 30
0.0000
 11
15.7300
 21
1.1900
 31
0.0000
  0
LINE
  8
21
 10
15.7300
 20
1.1900
 30
0.0000
 11
15.7300
 21
0.3962
 31
0.0000
  0
LINE
  8
21
 10
18.2700
 20
1.6662
 30
0.0000
 11
18.2700
 21
1.1900
 31
0.0000
  0
LINE
  8
21
 10
18.2700
 20
1.1900
 30
0.0000
 11
18.2700
 21
0.3962
 31
0.0000
  0
LINE
  8
21
 10
23.3500
 20
8.1750
 30
0.0000
 11
23.8263
 21
8.1750
 31
0.0000
  0
LINE
  8
21
 10
23.8263
 20
8.1750
 30
0.0000
 11
24.6200
 21
8.1750
 31
0.0000
  0
LINE
  8
21
 10
10.6500
 20
8.1750
 30
0.0000
 11
10.1737
 21
8.1750
 31
0.0000
  0
LINE
  8
21
 10
10.1737
 20
8.1750
 30
0.0000
 11
9.3800
 21
8.1750
 31
0.0000
  0
LINE
  8
21
 10
10.6500
 20
6.7463
 30
0.0000
 11
10.1737
 21
6.7463
 31
0.0000
  0
LINE
  8
21
 10
10.1737
 20
6.7463
 30
0.0000
 11
9.3800
 21
6.7463
 31
0.0000
  0
LINE
  8
21
 10
23.3500
 20
6.7463
 30
0.0000
 11
23.8263
 21
6.7463
 31
0.0000
  0
LINE
  8
21
 10
23.8263
 20
6.7463
 30
0.0000
 11
24.6200
 21
6.7463
 31
0.0000
  0
LINE
  8
21
 10
10.1737
 20
8.8100
 30
0.0000
 11
23.8263
 21
8.8100
 31
0.0000
  0
LINE
  8
21
 10
18.2700
 20
1.1900
 30
0.0000
 11
23.8263
 21
1.1900
 31
0.0000
  0
LINE
  8
21
 10
23.8263
 20
6.7463
 30
0.0000
 11
23.8263
 21
1.1900
 31
0.0000
  0
LINE
  8
21
 10
10.1737
 20
8.8100
 30
0.0000
 11
10.1737
 21
8.1750
 31
0.0000
  0
LINE
  8
21
 10
10.1737
 20
6.7463
 30
0.0000
 11
10.1737
 21
1.1900
 31
0.0000
  0
LINE
  8
21
 10
15.7300
 20
1.1900
 30
0.0000
 11
10.1737
 21
1.1900
 31
0.0000
  0
LINE
  8
21
 10
23.8263
 20
8.1750
 30
0.0000
 11
23.8263
 21
8.8100
 31
0.0000
  0
LINE
  8
21
 10
23.3500
 20
1.6662
 30
0.0000
 11
23.8263
 21
1.1900
 31
0.0000
  0
LINE
  8
21
 10
23.3500
 20
8.3338
 30
0.0000
 11
23.8263
 21
8.8100
 31
0.0000
  0
LINE
  8
21
 10
10.1737
 20
8.8100
 30
0.0000
 11
10.6500
 21
8.3338
 31
0.0000
  0
LINE
  8
21
 10
10.1737
 20
1.1900
 30
0.0000
 11
10.6500
 21
1.6662
 31
0.0000
  0
ARC
  8
21
 10
11.2850
 20
9.6038
 30
0.0000
 40
0.6350
 50
0.0000
 51
180.0000
  0
ARC
  8
21
 10
22.7150
 20
9.6038
 30
0.0000
 40
0.6350
 50
0.0000
 51
180.0000
  0
ARC
  8
21
 10
16.9207
 20
9.6038
 30
0.0000
 40
0.5556
 50
0.0000
 51
180.0000
  0
LINE
  8
21
 10
14.4600
 20
2.6188
 30
0.0000
 11
13.8250
 21
1.9838
 31
0.0000
  0
LINE
  8
21
 10
13.8250
 20
1.9838
 30
0.0000
 11
13.9837
 21
1.9838
 31
0.0000
  0
LINE
  8
21
 10
14.7775
 20
1.9838
 30
0.0000
 11
14.9362
 21
1.9838
 31
0.0000
  0
LINE
  8
21
 10
14.9362
 20
1.9838
 30
0.0000
 11
15.0950
 21
1.9838
 31
0.0000
  0
LINE
  8
21
 10
15.0950
 20
1.9838
 30
0.0000
 11
14.4600
 21
2.6188
 31
0.0000
  0
LINE
  8
21
 10
14.9362
 20
1.9838
 30
0.0000
 11
14.4600
 21
2.4600
 31
0.0000
  0
LINE
  8
21
 10
14.4600
 20
2.4600
 30
0.0000
 11
13.9837
 21
1.9838
 31
0.0000
  0
LINE
  8
21
 10
13.9837
 20
1.9838
 30
0.0000
 11
14.1425
 21
1.9838
 31
0.0000
  0
LINE
  8
21
 10
14.6187
 20
1.9838
 30
0.0000
 11
14.7775
 21
1.9838
 31
0.0000
  0
LINE
  8
21
 10
14.7775
 20
1.9838
 30
0.0000
 11
14.4600
 21
2.3013
 31
0.0000
  0
LINE
  8
21
 10
14.4600
 20
2.3013
 30
0.0000
 11
14.1425
 21
1.9838
 31
0.0000
  0
LINE
  8
21
 10
14.1425
 20
1.9838
 30
0.0000
 11
14.3012
 21
1.9838
 31
0.0000
  0
LINE
  8
21
 10
14.3012
 20
1.9838
 30
0.0000
 11
14.6187
 21
1.9838
 31
0.0000
  0
LINE
  8
21
 10
14.6187
 20
1.9838
 30
0.0000
 11
14.4600
 21
2.1425
 31
0.0000
  0
LINE
  8
21
 10
14.4600
 20
2.1425
 30
0.0000
 11
14.3012
 21
1.9838
 31
0.0000
  0
INSERT
  8
51
  2
RECT
 10
14.4600
 20
6.2700
 30
0.0000
 41
0.5080
 42
0.5080
 43
1.0000
 50
0.0000
  0
INSERT
  8
51
  2
RECT
 10
14.4600
 20
3.7300
 30
0.0000
 41
0.5080
 42
0.5080
 43
1.0000
 50
0.0000
  0
INSERT
  8
51
  2
RECT
 10
17.0000
 20
6.2700
 30
0.0000
 41
0.5080
 42
0.5080
 43
1.0000
 50
0.0000
  0
INSERT
  8
51
  2
RECT
 10
17.0000
 20
3.7300
 30
0.0000
 41
0.5080
 42
0.5080
 43
1.0000
 50
0.0000
  0
INSERT
  8
51
  2
RECT
 10
19.5400
 20
6.2700
 30
0.0000
 41
0.5080
 42
0.5080
 43
1.0000
 50
0.0000
  0
INSERT
  8
51
  2
RECT
 10
19.5400
 20
3.7300
 30
0.0000
 41
0.5080
 42
0.5080
 43
1.0000
 50
0.0000
  0
ARC
  8
21
 10
29.0051
 20
63.0000
 30
0.0000
 40
4.1332
 50
11.8671
 51
168.8403
  0
ARC
  8
21
 10
28.9949
 20
63.0000
 30
0.0000
 40
4.1332
 50
191.8671
 51
348.8403
  0
ARC
  8
51
 10
29.0001
 20
62.9750
 30
0.0000
 40
4.1333
 50
168.4866
 51
191.5134
  0
ARC
  8
51
 10
28.9999
 20
63.0250
 30
0.0000
 40
4.1333
 50
348.4866
 51
11.5134
  0
LINE
  8
21
 10
23.6500
 20
64.3000
 30
0.0000
 11
23.6500
 21
66.1500
 31
0.0000
  0
LINE
  8
21
 10
23.6500
 20
66.1500
 30
0.0000
 11
25.1000
 21
66.1500
 31
0.0000
  0
LINE
  8
21
 10
32.9000
 20
66.1500
 30
0.0000
 11
34.3500
 21
66.1500
 31
0.0000
  0
LINE
  8
21
 10
34.3500
 20
66.1500
 30
0.0000
 11
34.3500
 21
64.3000
 31
0.0000
  0
LINE
  8
21
 10
34.3500
 20
61.7000
 30
0.0000
 11
34.3500
 21
59.8500
 31
0.0000
  0
LINE
  8
21
 10
34.3500
 20
59.8500
 30
0.0000
 11
32.9000
 21
59.8500
 31
0.0000
  0
LINE
  8
21
 10
25.1000
 20
59.8500
 30
0.0000
 11
23.6500
 21
59.8500
 31
0.0000
  0
LINE
  8
21
 10
23.6500
 20
59.8500
 30
0.0000
 11
23.6500
 21
61.6500
 31
0.0000
  0
ARC
  8
21
 10
29.0000
 20
63.0000
 30
0.0000
 40
5.0133
 50
38.9278
 51
141.0722
  0
ARC
  8
21
 10
29.0000
 20
63.0000
 30
0.0000
 40
5.0132
 50
218.9275
 51
321.0725
  0
LINE
  8
51
 10
23.6500
 20
64.3000
 30
0.0000
 11
23.6500
 21
63.7500
 31
0.0000
  0
LINE
  8
51
 10
23.6500
 20
63.7500
 30
0.0000
 11
23.6500
 21
62.2500
 31
0.0000
  0
LINE
  8
51
 10
23.6500
 20
62.2500
 30
0.0000
 11
23.6500
 21
61.6500
 31
0.0000
  0
LINE
  8
51
 10
34.3500
 20
64.3000
 30
0.0000
 11
34.3500
 21
63.7500
 31
0.0000
  0
LINE
  8
51
 10
34.3500
 20
63.7500
 30
0.0000
 11
34.3500
 21
62.2500
 31
0.0000
  0
LINE
  8
51
 10
34.3500
 20
62.2500
 30
0.0000
 11
34.3500
 21
61.7000
 31
0.0000
  0
LINE
  8
51
 10
23.6500
 20
63.7500
 30
0.0000
 11
22.7000
 21
63.7500
 31
0.0000
  0
LINE
  8
51
 10
22.7000
 20
63.7500
 30
0.0000
 11
22.7000
 21
62.2500
 31
0.0000
  0
LINE
  8
51
 10
22.7000
 20
62.2500
 30
0.0000
 11
23.6500
 21
62.2500
 31
0.0000
  0
LINE
  8
51
 10
34.3500
 20
63.7500
 30
0.0000
 11
35.3000
 21
63.7500
 31
0.0000
  0
LINE
  8
51
 10
35.3000
 20
63.7500
 30
0.0000
 11
35.3000
 21
62.2500
 31
0.0000
  0
LINE
  8
51
 10
35.3000
 20
62.2500
 30
0.0000
 11
34.3500
 21
62.2500
 31
0.0000
  0
ARC
  8
51
 10
29.0000
 20
63.0000
 30
0.0000
 40
1.6971
 50
45.0000
 51
135.0000
  0
ARC
  8
21
 10
29.0000
 20
63.0000
 30
0.0000
 40
1.6971
 50
135.0000
 51
45.0000
  0
CIRCLE
  8
21
 10
29.0000
 20
63.0000
 30
0.0000
 40
3.1000
  0
ARC
  8
21
 10
15.0051
 20
63.0000
 30
0.0000
 40
4.1332
 50
11.8671
 51
168.8403
  0
ARC
  8
21
 10
14.9949
 20
63.0000
 30
0.0000
 40
4.1332
 50
191.8671
 51
348.8403
  0
ARC
  8
51
 10
15.0001
 20
62.9750
 30
0.0000
 40
4.1333
 50
168.4866
 51
191.5134
  0
ARC
  8
51
 10
14.9999
 20
63.0250
 30
0.0000
 40
4.1333
 50
348.4866
 51
11.5134
  0
LINE
  8
21
 10
9.6500
 20
64.3000
 30
0.0000
 11
9.6500
 21
66.1500
 31
0.0000
  0
LINE
  8
21
 10
9.6500
 20
66.1500
 30
0.0000
 11
11.1000
 21
66.1500
 31
0.0000
  0
LINE
  8
21
 10
18.9000
 20
66.1500
 30
0.0000
 11
20.3500
 21
66.1500
 31
0.0000
  0
LINE
  8
21
 10
20.3500
 20
66.1500
 30
0.0000
 11
20.3500
 21
64.3000
 31
0.0000
  0
LINE
  8
21
 10
20.3500
 20
61.7000
 30
0.0000
 11
20.3500
 21
59.8500
 31
0.0000
  0
LINE
  8
21
 10
20.3500
 20
59.8500
 30
0.0000
 11
18.9000
 21
59.8500
 31
0.0000
  0
LINE
  8
21
 10
11.1000
 20
59.8500
 30
0.0000
 11
9.6500
 21
59.8500
 31
0.0000
  0
LINE
  8
21
 10
9.6500
 20
59.8500
 30
0.0000
 11
9.6500
 21
61.6500
 31
0.0000
  0
ARC
  8
21
 10
15.0000
 20
63.0000
 30
0.0000
 40
5.0133
 50
38.9278
 51
141.0722
  0
ARC
  8
21
 10
15.0000
 20
63.0000
 30
0.0000
 40
5.0132
 50
218.9275
 51
321.0725
  0
LINE
  8
51
 10
9.6500
 20
64.3000
 30
0.0000
 11
9.6500
 21
63.7500
 31
0.0000
  0
LINE
  8
51
 10
9.6500
 20
63.7500
 30
0.0000
 11
9.6500
 21
62.2500
 31
0.0000
  0
LINE
  8
51
 10
9.6500
 20
62.2500
 30
0.0000
 11
9.6500
 21
61.6500
 31
0.0000
  0
LINE
  8
51
 10
20.3500
 20
64.3000
 30
0.0000
 11
20.3500
 21
63.7500
 31
0.0000
  0
LINE
  8
51
 10
20.3500
 20
63.7500
 30
0.0000
 11
20.3500
 21
62.2500
 31
0.0000
  0
LINE
  8
51
 10
20.3500
 20
62.2500
 30
0.0000
 11
20.3500
 21
61.7000
 31
0.0000
  0
LINE
  8
51
 10
9.6500
 20
63.7500
 30
0.0000
 11
8.7000
 21
63.7500
 31
0.0000
  0
LINE
  8
51
 10
8.7000
 20
63.7500
 30
0.0000
 11
8.7000
 21
62.2500
 31
0.0000
  0
LINE
  8
51
 10
8.7000
 20
62.2500
 30
0.0000
 11
9.6500
 21
62.2500
 31
0.0000
  0
LINE
  8
51
 10
20.3500
 20
63.7500
 30
0.0000
 11
21.3000
 21
63.7500
 31
0.0000
  0
LINE
  8
51
 10
21.3000
 20
63.7500
 30
0.0000
 11
21.3000
 21
62.2500
 31
0.0000
  0
LINE
  8
51
 10
21.3000
 20
62.2500
 30
0.0000
 11
20.3500
 21
62.2500
 31
0.0000
  0
ARC
  8
51
 10
15.0000
 20
63.0000
 30
0.0000
 40
1.6971
 50
45.0000
 51
135.0000
  0
ARC
  8
21
 10
15.0000
 20
63.0000
 30
0.0000
 40
1.6971
 50
135.0000
 51
45.0000
  0
CIRCLE
  8
21
 10
15.0000
 20
63.0000
 30
0.0000
 40
3.1000
  0
LINE
  8
21
 10
30.8190
 20
19.5320
 30
0.0000
 11
27.1190
 21
19.5320
 31
0.0000
  0
ARC
  8
21
 10
27.1190
 20
20.3320
 30
0.0000
 40
0.8000
 50
180.0000
 51
270.0000
  0
LINE
  8
21
 10
26.3190
 20
20.3320
 30
0.0000
 11
26.3190
 21
36.1320
 31
0.0000
  0
ARC
  8
21
 10
26.5190
 20
36.1320
 30
0.0000
 40
0.2000
 50
90.0000
 51
180.0000
  0
LINE
  8
21
 10
31.6190
 20
20.3320
 30
0.0000
 11
31.6190
 21
36.1320
 31
0.0000
  0
ARC
  8
21
 10
31.4190
 20
36.1320
 30
0.0000
 40
0.2000
 50
0.0000
 51
90.0000
  0
LINE
  8
21
 10
31.4190
 20
36.3320
 30
0.0000
 11
26.5190
 21
36.3320
 31
0.0000
  0
ARC
  8
21
 10
30.8190
 20
20.3320
 30
0.0000
 40
0.8000
 50
270.0000
 51
0.0000
  0
LINE
  8
21
 10
31.4390
 20
37.9410
 30
0.0000
 11
26.5390
 21
37.9410
 31
0.0000
  0
ARC
  8
21
 10
26.5390
 20
38.1410
 30
0.0000
 40
0.2000
 50
180.0000
 51
270.0000
  0
LINE
  8
21
 10
26.3390
 20
38.1410
 30
0.0000
 11
26.3390
 21
48.8410
 31
0.0000
  0
ARC
  8
21
 10
31.4390
 20
38.1410
 30
0.0000
 40
0.2000
 50
270.0000
 51
0.0000
  0
LINE
  8
21
 10
31.6390
 20
38.1410
 30
0.0000
 11
31.6390
 21
48.8410
 31
0.0000
  0
ARC
  8
21
 10
28.8390
 20
48.8410
 30
0.0000
 40
2.5000
 50
90.0000
 51
180.0000
  0
ARC
  8
21
 10
29.1390
 20
48.8410
 30
0.0000
 40
2.5000
 50
0.0000
 51
90.0000
  0
LINE
  8
21
 10
29.1390
 20
51.3410
 30
0.0000
 11
28.8390
 21
51.3410
 31
0.0000
  0
LINE
  8
21
 10
24.9740
 20
17.6180
 30
0.0000
 11
32.7740
 21
17.6180
 31
0.0000
  0
ARC
  8
21
 10
32.7740
 20
18.4180
 30
0.0000
 40
0.8000
 50
270.0000
 51
0.0000
  0
LINE
  8
21
 10
33.5740
 20
18.4180
 30
0.0000
 11
33.5740
 21
48.7180
 31
0.0000
  0
ARC
  8
21
 10
24.9740
 20
18.4180
 30
0.0000
 40
0.8000
 50
180.0000
 51
270.0000
  0
LINE
  8
21
 10
24.1740
 20
18.4180
 30
0.0000
 11
24.1740
 21
48.7180
 31
0.0000
  0
ARC
  8
21
 10
28.8740
 20
48.7180
 30
0.0000
 40
4.7000
 50
90.0000
 51
180.0000
  0
ARC
  8
21
 10
28.8740
 20
48.7180
 30
0.0000
 40
4.7000
 50
0.0000
 51
90.0000
  0
LINE
  8
21
 10
34.8840
 20
50.7180
 30
0.0000
 11
34.8840
 21
15.8420
 31
0.0000
  0
ARC
  8
21
 10
33.3600
 20
15.8420
 30
0.0000
 40
1.5240
 50
270.0000
 51
0.0000
  0
LINE
  8
21
 10
33.3600
 20
14.3180
 30
0.0000
 11
24.4080
 21
14.3180
 31
0.0000
  0
ARC
  8
21
 10
24.4080
 20
15.8420
 30
0.0000
 40
1.5240
 50
180.0000
 51
270.0000
  0
LINE
  8
21
 10
22.8840
 20
15.8420
 30
0.0000
 11
22.8840
 21
50.7180
 31
0.0000
  0
ARC
  8
21
 10
28.8840
 20
50.7180
 30
0.0000
 40
6.0000
 50
0.0000
 51
90.0000
  0
ARC
  8
21
 10
28.8840
 20
50.7180
 30
0.0000
 40
6.0000
 50
90.0000
 51
180.0000
  0
LINE
  8
21
 10
24.3880
 20
16.3080
 30
0.0000
 11
33.3400
 21
16.3080
 31
0.0000
  0
ARC
  8
21
 10
33.3400
 20
17.8320
 30
0.0000
 40
1.5240
 50
270.0000
 51
0.0000
  0
LINE
  8
21
 10
34.8640
 20
17.8320
 30
0.0000
 11
34.8640
 21
48.8080
 31
0.0000
  0
ARC
  8
21
 10
24.3880
 20
17.8320
 30
0.0000
 40
1.5240
 50
180.0000
 51
270.0000
  0
LINE
  8
21
 10
22.8640
 20
17.8320
 30
0.0000
 11
22.8640
 21
48.8080
 31
0.0000
  0
ARC
  8
21
 10
28.8640
 20
48.8080
 30
0.0000
 40
6.0000
 50
90.0000
 51
180.0000
  0
ARC
  8
21
 10
28.8640
 20
48.8080
 30
0.0000
 40
6.0000
 50
0.0000
 51
90.0000
  0
CIRCLE
  8
21
 10
29.0000
 20
21.8080
 30
0.0000
 40
1.9050
  0
CIRCLE
  8
21
 10
29.0000
 20
25.8720
 30
0.0000
 40
1.9050
  0
CIRCLE
  8
21
 10
29.0000
 20
29.9360
 30
0.0000
 40
1.9050
  0
CIRCLE
  8
21
 10
29.0000
 20
34.0000
 30
0.0000
 40
1.9050
  0
CIRCLE
  8
21
 10
29.0000
 20
48.6920
 30
0.0000
 40
1.9050
  0
CIRCLE
  8
21
 10
29.0000
 20
44.6280
 30
0.0000
 40
1.9050
  0
CIRCLE
  8
21
 10
29.0000
 20
40.5640
 30
0.0000
 40
1.9050
  0
LINE
  8
21
 10
11.4750
 20
52.2819
 30
0.0000
 11
19.0950
 21
52.2819
 31
0.0000
  0
LINE
  8
21
 10
19.0950
 20
54.8219
 30
0.0000
 11
11.4750
 21
54.8219
 31
0.0000
  0
LINE
  8
21
 10
19.0950
 20
53.5519
 30
0.0000
 11
19.8570
 21
53.5519
 31
0.0000
  0
LINE
  8
21
 10
19.0950
 20
52.2819
 30
0.0000
 11
19.0950
 21
54.8219
 31
0.0000
  0
LINE
  8
21
 10
11.4750
 20
53.5519
 30
0.0000
 11
10.7130
 21
53.5519
 31
0.0000
  0
LINE
  8
21
 10
11.4750
 20
54.8219
 30
0.0000
 11
11.4750
 21
52.2819
 31
0.0000
  0
LINE
  8
21
 10
11.4750
 20
54.9806
 30
0.0000
 11
19.0950
 21
54.9806
 31
0.0000
  0
LINE
  8
21
 10
19.0950
 20
57.5206
 30
0.0000
 11
11.4750
 21
57.5206
 31
0.0000
  0
LINE
  8
21
 10
19.0950
 20
56.2506
 30
0.0000
 11
19.8570
 21
56.2506
 31
0.0000
  0
LINE
  8
21
 10
19.0950
 20
54.9806
 30
0.0000
 11
19.0950
 21
57.5206
 31
0.0000
  0
LINE
  8
21
 10
11.4750
 20
56.2506
 30
0.0000
 11
10.7130
 21
56.2506
 31
0.0000
  0
LINE
  8
21
 10
11.4750
 20
57.5206
 30
0.0000
 11
11.4750
 21
54.9806
 31
0.0000
  0
LINE
  8
21
 10
21.7662
 20
40.6513
 30
0.0000
 11
19.2263
 21
40.6513
 31
0.0000
  0
LINE
  8
21
 10
19.2263
 20
25.4113
 30
0.0000
 11
21.7662
 21
25.4113
 31
0.0000
  0
LINE
  8
21
 10
21.7662
 20
25.4113
 30
0.0000
 11
21.1313
 21
26.0463
 31
0.0000
  0
LINE
  8
21
 10
19.2263
 20
25.4113
 30
0.0000
 11
19.8613
 21
26.0463
 31
0.0000
  0
LINE
  8
21
 10
19.2263
 20
27.9513
 30
0.0000
 11
19.8613
 21
27.3163
 31
0.0000
  0
LINE
  8
21
 10
19.2263
 20
40.6513
 30
0.0000
 11
19.2263
 21
27.9513
 31
0.0000
  0
LINE
  8
21
 10
19.2263
 20
27.9513
 30
0.0000
 11
19.2263
 21
25.4113
 31
0.0000
  0
LINE
  8
21
 10
21.7662
 20
27.9513
 30
0.0000
 11
21.1313
 21
27.3163
 31
0.0000
  0
LINE
  8
21
 10
21.7662
 20
25.4113
 30
0.0000
 11
21.7662
 21
27.9513
 31
0.0000
  0
LINE
  8
21
 10
21.7662
 20
27.9513
 30
0.0000
 11
21.7662
 21
40.6513
 31
0.0000
  0
LINE
  8
21
 10
19.2263
 20
27.9513
 30
0.0000
 11
21.7662
 21
27.9513
 31
0.0000
  0
INSERT
  8
21
  2
RECT
 10
17.1450
 20
36.0260
 30
0.0000
 41
0.1676
 42
0.0559
 43
1.0000
 50
90.0000
  0
INSERT
  8
21
  2
RECT
 10
17.1450
 20
36.5289
 30
0.0000
 41
0.1676
 42
0.0559
 43
1.0000
 50
90.0000
  0
INSERT
  8
21
  2
RECT
 10
17.1450
 20
37.0039
 30
0.0000
 41
0.3353
 42
0.0559
 43
1.0000
 50
90.0000
  0
INSERT
  8
21
  2
RECT
 10
17.1450
 20
37.3112
 30
0.0000
 41
0.1676
 42
0.0559
 43
1.0000
 50
90.0000
  0
INSERT
  8
21
  2
RECT
 10
17.1450
 20
37.6465
 30
0.0000
 41
0.1676
 42
0.0559
 43
1.0000
 50
90.0000
  0
INSERT
  8
21
  2
RECT
 10
17.1450
 20
38.4009
 30
0.0000
 41
0.2235
 42
0.0559
 43
1.0000
 50
90.0000
  0
INSERT
  8
21
  2
RECT
 10
17.1450
 20
38.7082
 30
0.0000
 41
0.1676
 42
0.0559
 43
1.0000
 50
90.0000
  0
INSERT
  8
21
  2
RECT
 10
17.1450
 20
39.2111
 30
0.0000
 41
0.1676
 42
0.0559
 43
1.0000
 50
90.0000
  0
INSERT
  8
21
  2
RECT
 10
17.1450
 20
39.7140
 30
0.0000
 41
0.1676
 42
0.0559
 43
1.0000
 50
90.0000
  0
INSERT
  8
21
  2
RECT
 10
17.1450
 20
40.3287
 30
0.0000
 41
0.2794
 42
0.0559
 43
1.0000
 50
90.0000
  0
INSERT
  8
21
  2
RECT
 10
17.1450
 20
40.6361
 30
0.0000
 41
0.2235
 42
0.0559
 43
1.0000
 50
90.0000
  0
INSERT
  8
21
  2
RECT
 10
17.1450
 20
40.9993
 30
0.0000
 41
0.1676
 42
0.0559
 43
1.0000
 50
90.0000
  0
INSERT
  8
21
  2
RECT
 10
17.1450
 20
41.8095
 30
0.0000
 41
0.3353
 42
0.0559
 43
1.0000
 50
90.0000
  0
INSERT
  8
21
  2
RECT
 10
17.0891
 20
36.0260
 30
0.0000
 41
0.1676
 42
0.0559
 43
1.0000
 50
90.0000
  0
INSERT
  8
21
  2
RECT
 10
17.0891
 20
36.5289
 30
0.0000
 41
0.1676
 42
0.0559
 43
1.0000
 50
90.0000
  0
INSERT
  8
21
  2
RECT
 10
17.0891
 20
37.0877
 30
0.0000
 41
0.6147
 42
0.0559
 43
1.0000
 50
90.0000
  0
INSERT
  8
21
  2
RECT
 10
17.0891
 20
37.6465
 30
0.0000
 41
0.1676
 42
0.0559
 43
1.0000
 50
90.0000
  0
INSERT
  8
21
  2
RECT
 10
17.0891
 20
38.4847
 30
0.0000
 41
0.6147
 42
0.0559
 43
1.0000
 50
90.0000
  0
INSERT
  8
21
  2
RECT
 10
17.0891
 20
39.2111
 30
0.0000
 41
0.1676
 42
0.0559
 43
1.0000
 50
90.0000
  0
INSERT
  8
21
  2
RECT
 10
17.0891
 20
39.6861
 30
0.0000
 41
0.2235
 42
0.0559
 43
1.0000
 50
90.0000
  0
INSERT
  8
21
  2
RECT
 10
17.0891
 20
40.4405
 30
0.0000
 41
0.6147
 42
0.0559
 43
1.0000
 50
90.0000
  0
INSERT
  8
21
  2
RECT
 10
17.0891
 20
40.9993
 30
0.0000
 41
0.1676
 42
0.0559
 43
1.0000
 50
90.0000
  0
INSERT
  8
21
  2
RECT
 10
17.0891
 20
41.8375
 30
0.0000
 41
0.5029
 42
0.0559
 43
1.0000
 50
90.0000
  0
INSERT
  8
21
  2
RECT
 10
17.0332
 20
36.0260
 30
0.0000
 41
0.1676
 42
0.0559
 43
1.0000
 50
90.0000
  0
INSERT
  8
21
  2
RECT
 10
17.0332
 20
36.5289
 30
0.0000
 41
0.1676
 42
0.0559
 43
1.0000
 50
90.0000
  0
INSERT
  8
21
  2
RECT
 10
17.0332
 20
37.0597
 30
0.0000
 41
0.6706
 42
0.0559
 43
1.0000
 50
90.0000
  0
INSERT
  8
21
  2
RECT
 10
17.0332
 20
37.6465
 30
0.0000
 41
0.1676
 42
0.0559
 43
1.0000
 50
90.0000
  0
INSERT
  8
21
  2
RECT
 10
17.0332
 20
38.4847
 30
0.0000
 41
0.6147
 42
0.0559
 43
1.0000
 50
90.0000
  0
INSERT
  8
21
  2
RECT
 10
17.0332
 20
39.1832
 30
0.0000
 41
0.2235
 42
0.0559
 43
1.0000
 50
90.0000
  0
INSERT
  8
21
  2
RECT
 10
17.0332
 20
39.6861
 30
0.0000
 41
0.2235
 42
0.0559
 43
1.0000
 50
90.0000
  0
INSERT
  8
21
  2
RECT
 10
17.0332
 20
40.4125
 30
0.0000
 41
0.6706
 42
0.0559
 43
1.0000
 50
90.0000
  0
INSERT
  8
21
  2
RECT
 10
17.0332
 20
40.9993
 30
0.0000
 41
0.1676
 42
0.0559
 43
1.0000
 50
90.0000
  0
INSERT
  8
21
  2
RECT
 10
17.0332
 20
41.8375
 30
0.0000
 41
0.6147
 42
0.0559
 43
1.0000
 50
90.0000
  0
INSERT
  8
21
  2
RECT
 10
16.9774
 20
36.0260
 30
0.0000
 41
0.1676
 42
0.0559
 43
1.0000
 50
90.0000
  0
INSERT
  8
21
  2
RECT
 10
16.9774
 20
36.5289
 30
0.0000
 41
0.1676
 42
0.0559
 43
1.0000
 50
90.0000
  0
INSERT
  8
21
  2
RECT
 10
16.9774
 20
36.8083
 30
0.0000
 41
0.1676
 42
0.0559
 43
1.0000
 50
90.0000
  0
INSERT
  8
21
  2
RECT
 10
16.9774
 20
37.2833
 30
0.0000
 41
0.2235
 42
0.0559
 43
1.0000
 50
90.0000
  0
INSERT
  8
21
  2
RECT
 10
16.9774
 20
37.6465
 30
0.0000
 41
0.1676
 42
0.0559
 43
1.0000
 50
90.0000
  0
INSERT
  8
21
  2
RECT
 10
16.9774
 20
38.2332
 30
0.0000
 41
0.2235
 42
0.0559
 43
1.0000
 50
90.0000
  0
INSERT
  8
21
  2
RECT
 10
16.9774
 20
38.6523
 30
0.0000
 41
0.2794
 42
0.0559
 43
1.0000
 50
90.0000
  0
INSERT
  8
21
  2
RECT
 10
16.9774
 20
39.2111
 30
0.0000
 41
0.2794
 42
0.0559
 43
1.0000
 50
90.0000
  0
INSERT
  8
21
  2
RECT
 10
16.9774
 20
39.7140
 30
0.0000
 41
0.2794
 42
0.0559
 43
1.0000
 50
90.0000
  0
INSERT
  8
21
  2
RECT
 10
16.9774
 20
40.1611
 30
0.0000
 41
0.1676
 42
0.0559
 43
1.0000
 50
90.0000
  0
INSERT
  8
21
  2
RECT
 10
16.9774
 20
40.6361
 30
0.0000
 41
0.2235
 42
0.0559
 43
1.0000
 50
90.0000
  0
INSERT
  8
21
  2
RECT
 10
16.9774
 20
40.9993
 30
0.0000
 41
0.1676
 42
0.0559
 43
1.0000
 50
90.0000
  0
INSERT
  8
21
  2
RECT
 10
16.9774
 20
41.5860
 30
0.0000
 41
0.2235
 42
0.0559
 43
1.0000
 50
90.0000
  0
INSERT
  8
21
  2
RECT
 10
16.9774
 20
42.0051
 30
0.0000
 41
0.1676
 42
0.0559
 43
1.0000
 50
90.0000
  0
INSERT
  8
21
  2
RECT
 10
16.9215
 20
36.0260
 30
0.0000
 41
0.1676
 42
0.0559
 43
1.0000
 50
90.0000
  0
INSERT
  8
21
  2
RECT
 10
16.9215
 20
36.5289
 30
0.0000
 41
0.1676
 42
0.0559
 43
1.0000
 50
90.0000
  0
INSERT
  8
21
  2
RECT
 10
16.9215
 20
36.8083
 30
0.0000
 41
0.1676
 42
0.0559
 43
1.0000
 50
90.0000
  0
INSERT
  8
21
  2
RECT
 10
16.9215
 20
37.2833
 30
0.0000
 41
0.2235
 42
0.0559
 43
1.0000
 50
90.0000
  0
INSERT
  8
21
  2
RECT
 10
16.9215
 20
37.6465
 30
0.0000
 41
0.1676
 42
0.0559
 43
1.0000
 50
90.0000
  0
INSERT
  8
21
  2
RECT
 10
16.9215
 20
38.2053
 30
0.0000
 41
0.1676
 42
0.0559
 43
1.0000
 50
90.0000
  0
INSERT
  8
21
  2
RECT
 10
16.9215
 20
38.6803
 30
0.0000
 41
0.2235
 42
0.0559
 43
1.0000
 50
90.0000
  0
INSERT
  8
21
  2
RECT
 10
16.9215
 20
39.2111
 30
0.0000
 41
0.2794
 42
0.0559
 43
1.0000
 50
90.0000
  0
INSERT
  8
21
  2
RECT
 10
16.9215
 20
39.7140
 30
0.0000
 41
0.2794
 42
0.0559
 43
1.0000
 50
90.0000
  0
INSERT
  8
21
  2
RECT
 10
16.9215
 20
40.1052
 30
0.0000
 41
0.1676
 42
0.0559
 43
1.0000
 50
90.0000
  0
INSERT
  8
21
  2
RECT
 10
16.9215
 20
40.6361
 30
0.0000
 41
0.2235
 42
0.0559
 43
1.0000
 50
90.0000
  0
INSERT
  8
21
  2
RECT
 10
16.9215
 20
40.9993
 30
0.0000
 41
0.1676
 42
0.0559
 43
1.0000
 50
90.0000
  0
INSERT
  8
21
  2
RECT
 10
16.9215
 20
41.5581
 30
0.0000
 41
0.1676
 42
0.0559
 43
1.0000
 50
90.0000
  0
INSERT
  8
21
  2
RECT
 10
16.8656
 20
36.0260
 30
0.0000
 41
0.1676
 42
0.0559
 43
1.0000
 50
90.0000
  0
INSERT
  8
21
  2
RECT
 10
16.8656
 20
36.5289
 30
0.0000
 41
0.1676
 42
0.0559
 43
1.0000
 50
90.0000
  0
INSERT
  8
21
  2
RECT
 10
16.8656
 20
36.8083
 30
0.0000
 41
0.1676
 42
0.0559
 43
1.0000
 50
90.0000
  0
INSERT
  8
21
  2
RECT
 10
16.8656
 20
37.3112
 30
0.0000
 41
0.1676
 42
0.0559
 43
1.0000
 50
90.0000
  0
INSERT
  8
21
  2
RECT
 10
16.8656
 20
37.6465
 30
0.0000
 41
0.1676
 42
0.0559
 43
1.0000
 50
90.0000
  0
INSERT
  8
21
  2
RECT
 10
16.8656
 20
38.2053
 30
0.0000
 41
0.1676
 42
0.0559
 43
1.0000
 50
90.0000
  0
INSERT
  8
21
  2
RECT
 10
16.8656
 20
38.7082
 30
0.0000
 41
0.1676
 42
0.0559
 43
1.0000
 50
90.0000
  0
INSERT
  8
21
  2
RECT
 10
16.8656
 20
39.1832
 30
0.0000
 41
0.3353
 42
0.0559
 43
1.0000
 50
90.0000
  0
INSERT
  8
21
  2
RECT
 10
16.8656
 20
39.6861
 30
0.0000
 41
0.3353
 42
0.0559
 43
1.0000
 50
90.0000
  0
INSERT
  8
21
  2
RECT
 10
16.8656
 20
40.1331
 30
0.0000
 41
0.2235
 42
0.0559
 43
1.0000
 50
90.0000
  0
INSERT
  8
21
  2
RECT
 10
16.8656
 20
40.6361
 30
0.0000
 41
0.2235
 42
0.0559
 43
1.0000
 50
90.0000
  0
INSERT
  8
21
  2
RECT
 10
16.8656
 20
40.9993
 30
0.0000
 41
0.1676
 42
0.0559
 43
1.0000
 50
90.0000
  0
INSERT
  8
21
  2
RECT
 10
16.8656
 20
41.5581
 30
0.0000
 41
0.1676
 42
0.0559
 43
1.0000
 50
90.0000
  0
INSERT
  8
21
  2
RECT
 10
16.8097
 20
36.0260
 30
0.0000
 41
0.1676
 42
0.0559
 43
1.0000
 50
90.0000
  0
INSERT
  8
21
  2
RECT
 10
16.8097
 20
36.5289
 30
0.0000
 41
0.1676
 42
0.0559
 43
1.0000
 50
90.0000
  0
INSERT
  8
21
  2
RECT
 10
16.8097
 20
37.0597
 30
0.0000
 41
0.6706
 42
0.0559
 43
1.0000
 50
90.0000
  0
INSERT
  8
21
  2
RECT
 10
16.8097
 20
37.6465
 30
0.0000
 41
0.1676
 42
0.0559
 43
1.0000
 50
90.0000
  0
INSERT
  8
21
  2
RECT
 10
16.8097
 20
38.2053
 30
0.0000
 41
0.1676
 42
0.0559
 43
1.0000
 50
90.0000
  0
INSERT
  8
21
  2
RECT
 10
16.8097
 20
38.7082
 30
0.0000
 41
0.1676
 42
0.0559
 43
1.0000
 50
90.0000
  0
INSERT
  8
21
  2
RECT
 10
16.8097
 20
39.0994
 30
0.0000
 41
0.1676
 42
0.0559
 43
1.0000
 50
90.0000
  0
INSERT
  8
21
  2
RECT
 10
16.8097
 20
39.3229
 30
0.0000
 41
0.1676
 42
0.0559
 43
1.0000
 50
90.0000
  0
INSERT
  8
21
  2
RECT
 10
16.8097
 20
39.6023
 30
0.0000
 41
0.1676
 42
0.0559
 43
1.0000
 50
90.0000
  0
INSERT
  8
21
  2
RECT
 10
16.8097
 20
39.8258
 30
0.0000
 41
0.1676
 42
0.0559
 43
1.0000
 50
90.0000
  0
INSERT
  8
21
  2
RECT
 10
16.8097
 20
40.4125
 30
0.0000
 41
0.6706
 42
0.0559
 43
1.0000
 50
90.0000
  0
INSERT
  8
21
  2
RECT
 10
16.8097
 20
40.9993
 30
0.0000
 41
0.1676
 42
0.0559
 43
1.0000
 50
90.0000
  0
INSERT
  8
21
  2
RECT
 10
16.8097
 20
41.8095
 30
0.0000
 41
0.6706
 42
0.0559
 43
1.0000
 50
90.0000
  0
INSERT
  8
21
  2
RECT
 10
16.7538
 20
36.0260
 30
0.0000
 41
0.1676
 42
0.0559
 43
1.0000
 50
90.0000
  0
INSERT
  8
21
  2
RECT
 10
16.7538
 20
36.5289
 30
0.0000
 41
0.1676
 42
0.0559
 43
1.0000
 50
90.0000
  0
INSERT
  8
21
  2
RECT
 10
16.7538
 20
37.0877
 30
0.0000
 41
0.6147
 42
0.0559
 43
1.0000
 50
90.0000
  0
INSERT
  8
21
  2
RECT
 10
16.7538
 20
37.6465
 30
0.0000
 41
0.1676
 42
0.0559
 43
1.0000
 50
90.0000
  0
INSERT
  8
21
  2
RECT
 10
16.7538
 20
38.2053
 30
0.0000
 41
0.1676
 42
0.0559
 43
1.0000
 50
90.0000
  0
INSERT
  8
21
  2
RECT
 10
16.7538
 20
38.7082
 30
0.0000
 41
0.1676
 42
0.0559
 43
1.0000
 50
90.0000
  0
INSERT
  8
21
  2
RECT
 10
16.7538
 20
39.0994
 30
0.0000
 41
0.1676
 42
0.0559
 43
1.0000
 50
90.0000
  0
INSERT
  8
21
  2
RECT
 10
16.7538
 20
39.3229
 30
0.0000
 41
0.1676
 42
0.0559
 43
1.0000
 50
90.0000
  0
INSERT
  8
21
  2
RECT
 10
16.7538
 20
39.5743
 30
0.0000
 41
0.1118
 42
0.0559
 43
1.0000
 50
90.0000
  0
INSERT
  8
21
  2
RECT
 10
16.7538
 20
39.8258
 30
0.0000
 41
0.1676
 42
0.0559
 43
1.0000
 50
90.0000
  0
INSERT
  8
21
  2
RECT
 10
16.7538
 20
40.4125
 30
0.0000
 41
0.6706
 42
0.0559
 43
1.0000
 50
90.0000
  0
INSERT
  8
21
  2
RECT
 10
16.7538
 20
40.9993
 30
0.0000
 41
0.1676
 42
0.0559
 43
1.0000
 50
90.0000
  0
INSERT
  8
21
  2
RECT
 10
16.7538
 20
41.8095
 30
0.0000
 41
0.6706
 42
0.0559
 43
1.0000
 50
90.0000
  0
INSERT
  8
21
  2
RECT
 10
16.6980
 20
36.0260
 30
0.0000
 41
0.1676
 42
0.0559
 43
1.0000
 50
90.0000
  0
INSERT
  8
21
  2
RECT
 10
16.6980
 20
36.5289
 30
0.0000
 41
0.1676
 42
0.0559
 43
1.0000
 50
90.0000
  0
INSERT
  8
21
  2
RECT
 10
16.6980
 20
37.1156
 30
0.0000
 41
0.5588
 42
0.0559
 43
1.0000
 50
90.0000
  0
INSERT
  8
21
  2
RECT
 10
16.6980
 20
37.6465
 30
0.0000
 41
0.1676
 42
0.0559
 43
1.0000
 50
90.0000
  0
INSERT
  8
21
  2
RECT
 10
16.6980
 20
38.2053
 30
0.0000
 41
0.1676
 42
0.0559
 43
1.0000
 50
90.0000
  0
INSERT
  8
21
  2
RECT
 10
16.6980
 20
38.7082
 30
0.0000
 41
0.1676
 42
0.0559
 43
1.0000
 50
90.0000
  0
INSERT
  8
21
  2
RECT
 10
16.6980
 20
39.0435
 30
0.0000
 41
0.1676
 42
0.0559
 43
1.0000
 50
90.0000
  0
INSERT
  8
21
  2
RECT
 10
16.6980
 20
39.3508
 30
0.0000
 41
0.1118
 42
0.0559
 43
1.0000
 50
90.0000
  0
INSERT
  8
21
  2
RECT
 10
16.6980
 20
39.5464
 30
0.0000
 41
0.1676
 42
0.0559
 43
1.0000
 50
90.0000
  0
INSERT
  8
21
  2
RECT
 10
16.6980
 20
39.8258
 30
0.0000
 41
0.1676
 42
0.0559
 43
1.0000
 50
90.0000
  0
INSERT
  8
21
  2
RECT
 10
16.6980
 20
40.4684
 30
0.0000
 41
0.5588
 42
0.0559
 43
1.0000
 50
90.0000
  0
INSERT
  8
21
  2
RECT
 10
16.6980
 20
40.9993
 30
0.0000
 41
0.1676
 42
0.0559
 43
1.0000
 50
90.0000
  0
INSERT
  8
21
  2
RECT
 10
16.6980
 20
41.8095
 30
0.0000
 41
0.6706
 42
0.0559
 43
1.0000
 50
90.0000
  0
INSERT
  8
21
  2
RECT
 10
16.6421
 20
36.0260
 30
0.0000
 41
0.1676
 42
0.0559
 43
1.0000
 50
90.0000
  0
INSERT
  8
21
  2
RECT
 10
16.6421
 20
36.5009
 30
0.0000
 41
0.2235
 42
0.0559
 43
1.0000
 50
90.0000
  0
INSERT
  8
21
  2
RECT
 10
16.6421
 20
37.3112
 30
0.0000
 41
0.1676
 42
0.0559
 43
1.0000
 50
90.0000
  0
INSERT
  8
21
  2
RECT
 10
16.6421
 20
37.6465
 30
0.0000
 41
0.1676
 42
0.0559
 43
1.0000
 50
90.0000
  0
INSERT
  8
21
  2
RECT
 10
16.6421
 20
38.2053
 30
0.0000
 41
0.1676
 42
0.0559
 43
1.0000
 50
90.0000
  0
INSERT
  8
21
  2
RECT
 10
16.6421
 20
38.7082
 30
0.0000
 41
0.1676
 42
0.0559
 43
1.0000
 50
90.0000
  0
INSERT
  8
21
  2
RECT
 10
16.6421
 20
39.0435
 30
0.0000
 41
0.1676
 42
0.0559
 43
1.0000
 50
90.0000
  0
INSERT
  8
21
  2
RECT
 10
16.6421
 20
39.4626
 30
0.0000
 41
0.3353
 42
0.0559
 43
1.0000
 50
90.0000
  0
INSERT
  8
21
  2
RECT
 10
16.6421
 20
39.8817
 30
0.0000
 41
0.1676
 42
0.0559
 43
1.0000
 50
90.0000
  0
INSERT
  8
21
  2
RECT
 10
16.6421
 20
40.6361
 30
0.0000
 41
0.2235
 42
0.0559
 43
1.0000
 50
90.0000
  0
INSERT
  8
21
  2
RECT
 10
16.6421
 20
40.9993
 30
0.0000
 41
0.1676
 42
0.0559
 43
1.0000
 50
90.0000
  0
INSERT
  8
21
  2
RECT
 10
16.6421
 20
41.5581
 30
0.0000
 41
0.1676
 42
0.0559
 43
1.0000
 50
90.0000
  0
INSERT
  8
21
  2
RECT
 10
16.6421
 20
42.0610
 30
0.0000
 41
0.1676
 42
0.0559
 43
1.0000
 50
90.0000
  0
INSERT
  8
21
  2
RECT
 10
16.5862
 20
36.0260
 30
0.0000
 41
0.1676
 42
0.0559
 43
1.0000
 50
90.0000
  0
INSERT
  8
21
  2
RECT
 10
16.5862
 20
36.5009
 30
0.0000
 41
0.2235
 42
0.0559
 43
1.0000
 50
90.0000
  0
INSERT
  8
21
  2
RECT
 10
16.5862
 20
37.3112
 30
0.0000
 41
0.1676
 42
0.0559
 43
1.0000
 50
90.0000
  0
INSERT
  8
21
  2
RECT
 10
16.5862
 20
37.6465
 30
0.0000
 41
0.1676
 42
0.0559
 43
1.0000
 50
90.0000
  0
INSERT
  8
21
  2
RECT
 10
16.5862
 20
38.2053
 30
0.0000
 41
0.1676
 42
0.0559
 43
1.0000
 50
90.0000
  0
INSERT
  8
21
  2
RECT
 10
16.5862
 20
38.6803
 30
0.0000
 41
0.2235
 42
0.0559
 43
1.0000
 50
90.0000
  0
INSERT
  8
21
  2
RECT
 10
16.5862
 20
39.0435
 30
0.0000
 41
0.1676
 42
0.0559
 43
1.0000
 50
90.0000
  0
INSERT
  8
21
  2
RECT
 10
16.5862
 20
39.4346
 30
0.0000
 41
0.2794
 42
0.0559
 43
1.0000
 50
90.0000
  0
INSERT
  8
21
  2
RECT
 10
16.5862
 20
39.8817
 30
0.0000
 41
0.1676
 42
0.0559
 43
1.0000
 50
90.0000
  0
INSERT
  8
21
  2
RECT
 10
16.5862
 20
40.6361
 30
0.0000
 41
0.2235
 42
0.0559
 43
1.0000
 50
90.0000
  0
INSERT
  8
21
  2
RECT
 10
16.5862
 20
40.9993
 30
0.0000
 41
0.1676
 42
0.0559
 43
1.0000
 50
90.0000
  0
INSERT
  8
21
  2
RECT
 10
16.5862
 20
41.5581
 30
0.0000
 41
0.1676
 42
0.0559
 43
1.0000
 50
90.0000
  0
INSERT
  8
21
  2
RECT
 10
16.5862
 20
42.0610
 30
0.0000
 41
0.1676
 42
0.0559
 43
1.0000
 50
90.0000
  0
INSERT
  8
21
  2
RECT
 10
16.5303
 20
36.0539
 30
0.0000
 41
0.2235
 42
0.0559
 43
1.0000
 50
90.0000
  0
INSERT
  8
21
  2
RECT
 10
16.5303
 20
36.4730
 30
0.0000
 41
0.1676
 42
0.0559
 43
1.0000
 50
90.0000
  0
INSERT
  8
21
  2
RECT
 10
16.5303
 20
37.2833
 30
0.0000
 41
0.2235
 42
0.0559
 43
1.0000
 50
90.0000
  0
INSERT
  8
21
  2
RECT
 10
16.5303
 20
37.6744
 30
0.0000
 41
0.2235
 42
0.0559
 43
1.0000
 50
90.0000
  0
INSERT
  8
21
  2
RECT
 10
16.5303
 20
38.2332
 30
0.0000
 41
0.2235
 42
0.0559
 43
1.0000
 50
90.0000
  0
INSERT
  8
21
  2
RECT
 10
16.5303
 20
38.6803
 30
0.0000
 41
0.2235
 42
0.0559
 43
1.0000
 50
90.0000
  0
INSERT
  8
21
  2
RECT
 10
16.5303
 20
39.0155
 30
0.0000
 41
0.2235
 42
0.0559
 43
1.0000
 50
90.0000
  0
INSERT
  8
21
  2
RECT
 10
16.5303
 20
39.4626
 30
0.0000
 41
0.2235
 42
0.0559
 43
1.0000
 50
90.0000
  0
INSERT
  8
21
  2
RECT
 10
16.5303
 20
39.8817
 30
0.0000
 41
0.1676
 42
0.0559
 43
1.0000
 50
90.0000
  0
INSERT
  8
21
  2
RECT
 10
16.5303
 20
40.6081
 30
0.0000
 41
0.1676
 42
0.0559
 43
1.0000
 50
90.0000
  0
INSERT
  8
21
  2
RECT
 10
16.5303
 20
41.0272
 30
0.0000
 41
0.2235
 42
0.0559
 43
1.0000
 50
90.0000
  0
INSERT
  8
21
  2
RECT
 10
16.5303
 20
41.5860
 30
0.0000
 41
0.2235
 42
0.0559
 43
1.0000
 50
90.0000
  0
INSERT
  8
21
  2
RECT
 10
16.5303
 20
42.0331
 30
0.0000
 41
0.2235
 42
0.0559
 43
1.0000
 50
90.0000
  0
INSERT
  8
21
  2
RECT
 10
16.4744
 20
36.2495
 30
0.0000
 41
0.6147
 42
0.0559
 43
1.0000
 50
90.0000
  0
INSERT
  8
21
  2
RECT
 10
16.4744
 20
37.0597
 30
0.0000
 41
0.5588
 42
0.0559
 43
1.0000
 50
90.0000
  0
INSERT
  8
21
  2
RECT
 10
16.4744
 20
37.8141
 30
0.0000
 41
0.5029
 42
0.0559
 43
1.0000
 50
90.0000
  0
INSERT
  8
21
  2
RECT
 10
16.4744
 20
38.4567
 30
0.0000
 41
0.6706
 42
0.0559
 43
1.0000
 50
90.0000
  0
INSERT
  8
21
  2
RECT
 10
16.4744
 20
38.9876
 30
0.0000
 41
0.1676
 42
0.0559
 43
1.0000
 50
90.0000
  0
INSERT
  8
21
  2
RECT
 10
16.4744
 20
39.4626
 30
0.0000
 41
0.2235
 42
0.0559
 43
1.0000
 50
90.0000
  0
INSERT
  8
21
  2
RECT
 10
16.4744
 20
39.9096
 30
0.0000
 41
0.2235
 42
0.0559
 43
1.0000
 50
90.0000
  0
INSERT
  8
21
  2
RECT
 10
16.4744
 20
40.4125
 30
0.0000
 41
0.5588
 42
0.0559
 43
1.0000
 50
90.0000
  0
INSERT
  8
21
  2
RECT
 10
16.4744
 20
41.1390
 30
0.0000
 41
0.4470
 42
0.0559
 43
1.0000
 50
90.0000
  0
INSERT
  8
21
  2
RECT
 10
16.4744
 20
41.8095
 30
0.0000
 41
0.5588
 42
0.0559
 43
1.0000
 50
90.0000
  0
INSERT
  8
21
  2
RECT
 10
16.4186
 20
36.2215
 30
0.0000
 41
0.5588
 42
0.0559
 43
1.0000
 50
90.0000
  0
INSERT
  8
21
  2
RECT
 10
16.4186
 20
37.0597
 30
0.0000
 41
0.5588
 42
0.0559
 43
1.0000
 50
90.0000
  0
INSERT
  8
21
  2
RECT
 10
16.4186
 20
37.8141
 30
0.0000
 41
0.5029
 42
0.0559
 43
1.0000
 50
90.0000
  0
INSERT
  8
21
  2
RECT
 10
16.4186
 20
38.4847
 30
0.0000
 41
0.6147
 42
0.0559
 43
1.0000
 50
90.0000
  0
INSERT
  8
21
  2
RECT
 10
16.4186
 20
38.9876
 30
0.0000
 41
0.1676
 42
0.0559
 43
1.0000
 50
90.0000
  0
INSERT
  8
21
  2
RECT
 10
16.4186
 20
39.4346
 30
0.0000
 41
0.1676
 42
0.0559
 43
1.0000
 50
90.0000
  0
INSERT
  8
21
  2
RECT
 10
16.4186
 20
39.9376
 30
0.0000
 41
0.1676
 42
0.0559
 43
1.0000
 50
90.0000
  0
INSERT
  8
21
  2
RECT
 10
16.4186
 20
40.3846
 30
0.0000
 41
0.6147
 42
0.0559
 43
1.0000
 50
90.0000
  0
INSERT
  8
21
  2
RECT
 10
16.4186
 20
41.1669
 30
0.0000
 41
0.5029
 42
0.0559
 43
1.0000
 50
90.0000
  0
INSERT
  8
21
  2
RECT
 10
16.4186
 20
41.8095
 30
0.0000
 41
0.4470
 42
0.0559
 43
1.0000
 50
90.0000
  0
INSERT
  8
21
  2
RECT
 10
16.3627
 20
36.0260
 30
0.0000
 41
0.1676
 42
0.0559
 43
1.0000
 50
90.0000
  0
INSERT
  8
21
  2
RECT
 10
16.3627
 20
36.3054
 30
0.0000
 41
0.2794
 42
0.0559
 43
1.0000
 50
90.0000
  0
INSERT
  8
21
  2
RECT
 10
16.3627
 20
37.0318
 30
0.0000
 41
0.3912
 42
0.0559
 43
1.0000
 50
90.0000
  0
INSERT
  8
21
  2
RECT
 10
16.3627
 20
37.6465
 30
0.0000
 41
0.1676
 42
0.0559
 43
1.0000
 50
90.0000
  0
INSERT
  8
21
  2
RECT
 10
16.3627
 20
37.9259
 30
0.0000
 41
0.2794
 42
0.0559
 43
1.0000
 50
90.0000
  0
INSERT
  8
21
  2
RECT
 10
16.3627
 20
38.4009
 30
0.0000
 41
0.3353
 42
0.0559
 43
1.0000
 50
90.0000
  0
INSERT
  8
21
  2
RECT
 10
16.3627
 20
38.7082
 30
0.0000
 41
0.1676
 42
0.0559
 43
1.0000
 50
90.0000
  0
INSERT
  8
21
  2
RECT
 10
16.3627
 20
38.9597
 30
0.0000
 41
0.2235
 42
0.0559
 43
1.0000
 50
90.0000
  0
INSERT
  8
21
  2
RECT
 10
16.3627
 20
39.4346
 30
0.0000
 41
0.1676
 42
0.0559
 43
1.0000
 50
90.0000
  0
INSERT
  8
21
  2
RECT
 10
16.3627
 20
39.9376
 30
0.0000
 41
0.1676
 42
0.0559
 43
1.0000
 50
90.0000
  0
INSERT
  8
21
  2
RECT
 10
16.3627
 20
40.3846
 30
0.0000
 41
0.3912
 42
0.0559
 43
1.0000
 50
90.0000
  0
INSERT
  8
21
  2
RECT
 10
16.3627
 20
40.9993
 30
0.0000
 41
0.1676
 42
0.0559
 43
1.0000
 50
90.0000
  0
INSERT
  8
21
  2
RECT
 10
16.3627
 20
41.2787
 30
0.0000
 41
0.2794
 42
0.0559
 43
1.0000
 50
90.0000
  0
INSERT
  8
21
  2
RECT
 10
16.3627
 20
41.8095
 30
0.0000
 41
0.3353
 42
0.0559
 43
1.0000
 50
90.0000
  0
INSERT
  8
21
  2
RECT
 10
16.3068
 20
36.0260
 30
0.0000
 41
0.1676
 42
0.0559
 43
1.0000
 50
90.0000
  0
INSERT
  8
21
  2
RECT
 10
16.3068
 20
38.7082
 30
0.0000
 41
0.1676
 42
0.0559
 43
1.0000
 50
90.0000
  0
INSERT
  8
21
  2
RECT
 10
16.2509
 20
36.0260
 30
0.0000
 41
0.1676
 42
0.0559
 43
1.0000
 50
90.0000
  0
INSERT
  8
21
  2
RECT
 10
16.2509
 20
38.7082
 30
0.0000
 41
0.1676
 42
0.0559
 43
1.0000
 50
90.0000
  0
INSERT
  8
21
  2
RECT
 10
16.1950
 20
36.0260
 30
0.0000
 41
0.1676
 42
0.0559
 43
1.0000
 50
90.0000
  0
INSERT
  8
21
  2
RECT
 10
16.1950
 20
38.7082
 30
0.0000
 41
0.1676
 42
0.0559
 43
1.0000
 50
90.0000
  0
INSERT
  8
21
  2
RECT
 10
16.1392
 20
36.0260
 30
0.0000
 41
0.1676
 42
0.0559
 43
1.0000
 50
90.0000
  0
INSERT
  8
21
  2
RECT
 10
16.1392
 20
38.7082
 30
0.0000
 41
0.1676
 42
0.0559
 43
1.0000
 50
90.0000
  0
INSERT
  8
21
  2
RECT
 10
16.0833
 20
36.0260
 30
0.0000
 41
0.1676
 42
0.0559
 43
1.0000
 50
90.0000
  0
INSERT
  8
21
  2
RECT
 10
16.0833
 20
38.7082
 30
0.0000
 41
0.1676
 42
0.0559
 43
1.0000
 50
90.0000
  0
INSERT
  8
21
  2
RECT
 10
16.0274
 20
36.0260
 30
0.0000
 41
0.1676
 42
0.0559
 43
1.0000
 50
90.0000
  0
INSERT
  8
21
  2
RECT
 10
16.0274
 20
38.7082
 30
0.0000
 41
0.1676
 42
0.0559
 43
1.0000
 50
90.0000
  0
INSERT
  8
21
  2
RECT
 10
15.9715
 20
36.0260
 30
0.0000
 41
0.1676
 42
0.0559
 43
1.0000
 50
90.0000
  0
INSERT
  8
21
  2
RECT
 10
15.9156
 20
36.0260
 30
0.0000
 41
0.1676
 42
0.0559
 43
1.0000
 50
90.0000
  0
INSERT
  8
21
  2
RECT
 10
15.8598
 20
35.4392
 30
0.0000
 41
0.2235
 42
0.0559
 43
1.0000
 50
90.0000
  0
INSERT
  8
21
  2
RECT
 10
15.8598
 20
36.0260
 30
0.0000
 41
0.1676
 42
0.0559
 43
1.0000
 50
90.0000
  0
INSERT
  8
21
  2
RECT
 10
15.8598
 20
36.3054
 30
0.0000
 41
0.1676
 42
0.0559
 43
1.0000
 50
90.0000
  0
INSERT
  8
21
  2
RECT
 10
15.8598
 20
37.0597
 30
0.0000
 41
0.2235
 42
0.0559
 43
1.0000
 50
90.0000
  0
INSERT
  8
21
  2
RECT
 10
15.8598
 20
37.5906
 30
0.0000
 41
0.1676
 42
0.0559
 43
1.0000
 50
90.0000
  0
INSERT
  8
21
  2
RECT
 10
15.8598
 20
38.0935
 30
0.0000
 41
0.1676
 42
0.0559
 43
1.0000
 50
90.0000
  0
INSERT
  8
21
  2
RECT
 10
15.8598
 20
39.0155
 30
0.0000
 41
0.2235
 42
0.0559
 43
1.0000
 50
90.0000
  0
INSERT
  8
21
  2
RECT
 10
15.8598
 20
39.7699
 30
0.0000
 41
0.1676
 42
0.0559
 43
1.0000
 50
90.0000
  0
INSERT
  8
21
  2
RECT
 10
15.8598
 20
40.5522
 30
0.0000
 41
0.1676
 42
0.0559
 43
1.0000
 50
90.0000
  0
INSERT
  8
21
  2
RECT
 10
15.8598
 20
40.8316
 30
0.0000
 41
0.1676
 42
0.0559
 43
1.0000
 50
90.0000
  0
INSERT
  8
21
  2
RECT
 10
15.8598
 20
41.1669
 30
0.0000
 41
0.1676
 42
0.0559
 43
1.0000
 50
90.0000
  0
INSERT
  8
21
  2
RECT
 10
15.8598
 20
42.0051
 30
0.0000
 41
0.1676
 42
0.0559
 43
1.0000
 50
90.0000
  0
INSERT
  8
21
  2
RECT
 10
15.8598
 20
42.7316
 30
0.0000
 41
0.1676
 42
0.0559
 43
1.0000
 50
90.0000
  0
INSERT
  8
21
  2
RECT
 10
15.8039
 20
35.4392
 30
0.0000
 41
0.4470
 42
0.0559
 43
1.0000
 50
90.0000
  0
INSERT
  8
21
  2
RECT
 10
15.8039
 20
36.2215
 30
0.0000
 41
0.5588
 42
0.0559
 43
1.0000
 50
90.0000
  0
INSERT
  8
21
  2
RECT
 10
15.8039
 20
37.0597
 30
0.0000
 41
0.4470
 42
0.0559
 43
1.0000
 50
90.0000
  0
INSERT
  8
21
  2
RECT
 10
15.8039
 20
37.5906
 30
0.0000
 41
0.1676
 42
0.0559
 43
1.0000
 50
90.0000
  0
INSERT
  8
21
  2
RECT
 10
15.8039
 20
38.0935
 30
0.0000
 41
0.1676
 42
0.0559
 43
1.0000
 50
90.0000
  0
INSERT
  8
21
  2
RECT
 10
15.8039
 20
38.9876
 30
0.0000
 41
0.5029
 42
0.0559
 43
1.0000
 50
90.0000
  0
INSERT
  8
21
  2
RECT
 10
15.8039
 20
39.7699
 30
0.0000
 41
0.3912
 42
0.0559
 43
1.0000
 50
90.0000
  0
INSERT
  8
21
  2
RECT
 10
15.8039
 20
40.6361
 30
0.0000
 41
0.5588
 42
0.0559
 43
1.0000
 50
90.0000
  0
INSERT
  8
21
  2
RECT
 10
15.8039
 20
41.1669
 30
0.0000
 41
0.1676
 42
0.0559
 43
1.0000
 50
90.0000
  0
INSERT
  8
21
  2
RECT
 10
15.8039
 20
42.0051
 30
0.0000
 41
0.3912
 42
0.0559
 43
1.0000
 50
90.0000
  0
INSERT
  8
21
  2
RECT
 10
15.8039
 20
42.7036
 30
0.0000
 41
0.4470
 42
0.0559
 43
1.0000
 50
90.0000
  0
INSERT
  8
21
  2
RECT
 10
15.7480
 20
35.4392
 30
0.0000
 41
0.5588
 42
0.0559
 43
1.0000
 50
90.0000
  0
INSERT
  8
21
  2
RECT
 10
15.7480
 20
36.2495
 30
0.0000
 41
0.6147
 42
0.0559
 43
1.0000
 50
90.0000
  0
INSERT
  8
21
  2
RECT
 10
15.7480
 20
37.0597
 30
0.0000
 41
0.5588
 42
0.0559
 43
1.0000
 50
90.0000
  0
INSERT
  8
21
  2
RECT
 10
15.7480
 20
37.5906
 30
0.0000
 41
0.1676
 42
0.0559
 43
1.0000
 50
90.0000
  0
INSERT
  8
21
  2
RECT
 10
15.7480
 20
38.0935
 30
0.0000
 41
0.1676
 42
0.0559
 43
1.0000
 50
90.0000
  0
INSERT
  8
21
  2
RECT
 10
15.7480
 20
38.9876
 30
0.0000
 41
0.6147
 42
0.0559
 43
1.0000
 50
90.0000
  0
INSERT
  8
21
  2
RECT
 10
15.7480
 20
39.7699
 30
0.0000
 41
0.5029
 42
0.0559
 43
1.0000
 50
90.0000
  0
INSERT
  8
21
  2
RECT
 10
15.7480
 20
40.6081
 30
0.0000
 41
0.6147
 42
0.0559
 43
1.0000
 50
90.0000
  0
INSERT
  8
21
  2
RECT
 10
15.7480
 20
41.1669
 30
0.0000
 41
0.1676
 42
0.0559
 43
1.0000
 50
90.0000
  0
INSERT
  8
21
  2
RECT
 10
15.7480
 20
42.0331
 30
0.0000
 41
0.5588
 42
0.0559
 43
1.0000
 50
90.0000
  0
INSERT
  8
21
  2
RECT
 10
15.7480
 20
42.7316
 30
0.0000
 41
0.6147
 42
0.0559
 43
1.0000
 50
90.0000
  0
INSERT
  8
21
  2
RECT
 10
15.6921
 20
35.2716
 30
0.0000
 41
0.2235
 42
0.0559
 43
1.0000
 50
90.0000
  0
INSERT
  8
21
  2
RECT
 10
15.6921
 20
35.6348
 30
0.0000
 41
0.2794
 42
0.0559
 43
1.0000
 50
90.0000
  0
INSERT
  8
21
  2
RECT
 10
15.6921
 20
36.0818
 30
0.0000
 41
0.2794
 42
0.0559
 43
1.0000
 50
90.0000
  0
INSERT
  8
21
  2
RECT
 10
15.6921
 20
36.4451
 30
0.0000
 41
0.2235
 42
0.0559
 43
1.0000
 50
90.0000
  0
INSERT
  8
21
  2
RECT
 10
15.6921
 20
36.8642
 30
0.0000
 41
0.2794
 42
0.0559
 43
1.0000
 50
90.0000
  0
INSERT
  8
21
  2
RECT
 10
15.6921
 20
37.2553
 30
0.0000
 41
0.1676
 42
0.0559
 43
1.0000
 50
90.0000
  0
INSERT
  8
21
  2
RECT
 10
15.6921
 20
37.5906
 30
0.0000
 41
0.1676
 42
0.0559
 43
1.0000
 50
90.0000
  0
INSERT
  8
21
  2
RECT
 10
15.6921
 20
38.0935
 30
0.0000
 41
0.1676
 42
0.0559
 43
1.0000
 50
90.0000
  0
INSERT
  8
21
  2
RECT
 10
15.6921
 20
38.7920
 30
0.0000
 41
0.2235
 42
0.0559
 43
1.0000
 50
90.0000
  0
INSERT
  8
21
  2
RECT
 10
15.6921
 20
39.2391
 30
0.0000
 41
0.2235
 42
0.0559
 43
1.0000
 50
90.0000
  0
INSERT
  8
21
  2
RECT
 10
15.6921
 20
39.6023
 30
0.0000
 41
0.2794
 42
0.0559
 43
1.0000
 50
90.0000
  0
INSERT
  8
21
  2
RECT
 10
15.6921
 20
39.9376
 30
0.0000
 41
0.2794
 42
0.0559
 43
1.0000
 50
90.0000
  0
INSERT
  8
21
  2
RECT
 10
15.6921
 20
40.4125
 30
0.0000
 41
0.2235
 42
0.0559
 43
1.0000
 50
90.0000
  0
INSERT
  8
21
  2
RECT
 10
15.6921
 20
40.7758
 30
0.0000
 41
0.2794
 42
0.0559
 43
1.0000
 50
90.0000
  0
INSERT
  8
21
  2
RECT
 10
15.6921
 20
41.1669
 30
0.0000
 41
0.1676
 42
0.0559
 43
1.0000
 50
90.0000
  0
INSERT
  8
21
  2
RECT
 10
15.6921
 20
41.8375
 30
0.0000
 41
0.2794
 42
0.0559
 43
1.0000
 50
90.0000
  0
INSERT
  8
21
  2
RECT
 10
15.6921
 20
42.2007
 30
0.0000
 41
0.2235
 42
0.0559
 43
1.0000
 50
90.0000
  0
INSERT
  8
21
  2
RECT
 10
15.6921
 20
42.5360
 30
0.0000
 41
0.2235
 42
0.0559
 43
1.0000
 50
90.0000
  0
INSERT
  8
21
  2
RECT
 10
15.6921
 20
42.8992
 30
0.0000
 41
0.1676
 42
0.0559
 43
1.0000
 50
90.0000
  0
INSERT
  8
21
  2
RECT
 10
15.6362
 20
35.2157
 30
0.0000
 41
0.2235
 42
0.0559
 43
1.0000
 50
90.0000
  0
INSERT
  8
21
  2
RECT
 10
15.6362
 20
35.6627
 30
0.0000
 41
0.2235
 42
0.0559
 43
1.0000
 50
90.0000
  0
INSERT
  8
21
  2
RECT
 10
15.6362
 20
36.0260
 30
0.0000
 41
0.1676
 42
0.0559
 43
1.0000
 50
90.0000
  0
INSERT
  8
21
  2
RECT
 10
15.6362
 20
36.4730
 30
0.0000
 41
0.1676
 42
0.0559
 43
1.0000
 50
90.0000
  0
INSERT
  8
21
  2
RECT
 10
15.6362
 20
36.8083
 30
0.0000
 41
0.1676
 42
0.0559
 43
1.0000
 50
90.0000
  0
INSERT
  8
21
  2
RECT
 10
15.6362
 20
37.2553
 30
0.0000
 41
0.0559
 42
0.0559
 43
1.0000
 50
90.0000
  0
INSERT
  8
21
  2
RECT
 10
15.6362
 20
37.5906
 30
0.0000
 41
0.1676
 42
0.0559
 43
1.0000
 50
90.0000
  0
INSERT
  8
21
  2
RECT
 10
15.6362
 20
38.0935
 30
0.0000
 41
0.1676
 42
0.0559
 43
1.0000
 50
90.0000
  0
INSERT
  8
21
  2
RECT
 10
15.6362
 20
38.7641
 30
0.0000
 41
0.0559
 42
0.0559
 43
1.0000
 50
90.0000
  0
INSERT
  8
21
  2
RECT
 10
15.6362
 20
39.2670
 30
0.0000
 41
0.1676
 42
0.0559
 43
1.0000
 50
90.0000
  0
INSERT
  8
21
  2
RECT
 10
15.6362
 20
39.5464
 30
0.0000
 41
0.1676
 42
0.0559
 43
1.0000
 50
90.0000
  0
INSERT
  8
21
  2
RECT
 10
15.6362
 20
39.9934
 30
0.0000
 41
0.1676
 42
0.0559
 43
1.0000
 50
90.0000
  0
INSERT
  8
21
  2
RECT
 10
15.6362
 20
40.3567
 30
0.0000
 41
0.2235
 42
0.0559
 43
1.0000
 50
90.0000
  0
INSERT
  8
21
  2
RECT
 10
15.6362
 20
40.8037
 30
0.0000
 41
0.2235
 42
0.0559
 43
1.0000
 50
90.0000
  0
INSERT
  8
21
  2
RECT
 10
15.6362
 20
41.1669
 30
0.0000
 41
0.1676
 42
0.0559
 43
1.0000
 50
90.0000
  0
INSERT
  8
21
  2
RECT
 10
15.6362
 20
41.7537
 30
0.0000
 41
0.2235
 42
0.0559
 43
1.0000
 50
90.0000
  0
INSERT
  8
21
  2
RECT
 10
15.6362
 20
42.4801
 30
0.0000
 41
0.2235
 42
0.0559
 43
1.0000
 50
90.0000
  0
INSERT
  8
21
  2
RECT
 10
15.6362
 20
42.8992
 30
0.0000
 41
0.0559
 42
0.0559
 43
1.0000
 50
90.0000
  0
INSERT
  8
21
  2
RECT
 10
15.5804
 20
35.1878
 30
0.0000
 41
0.1676
 42
0.0559
 43
1.0000
 50
90.0000
  0
INSERT
  8
21
  2
RECT
 10
15.5804
 20
35.6907
 30
0.0000
 41
0.1676
 42
0.0559
 43
1.0000
 50
90.0000
  0
INSERT
  8
21
  2
RECT
 10
15.5804
 20
36.0260
 30
0.0000
 41
0.1676
 42
0.0559
 43
1.0000
 50
90.0000
  0
INSERT
  8
21
  2
RECT
 10
15.5804
 20
36.5009
 30
0.0000
 41
0.2235
 42
0.0559
 43
1.0000
 50
90.0000
  0
INSERT
  8
21
  2
RECT
 10
15.5804
 20
36.8083
 30
0.0000
 41
0.1676
 42
0.0559
 43
1.0000
 50
90.0000
  0
INSERT
  8
21
  2
RECT
 10
15.5804
 20
37.5906
 30
0.0000
 41
0.1676
 42
0.0559
 43
1.0000
 50
90.0000
  0
INSERT
  8
21
  2
RECT
 10
15.5804
 20
38.0935
 30
0.0000
 41
0.1676
 42
0.0559
 43
1.0000
 50
90.0000
  0
INSERT
  8
21
  2
RECT
 10
15.5804
 20
39.2670
 30
0.0000
 41
0.1676
 42
0.0559
 43
1.0000
 50
90.0000
  0
INSERT
  8
21
  2
RECT
 10
15.5804
 20
39.5464
 30
0.0000
 41
0.1676
 42
0.0559
 43
1.0000
 50
90.0000
  0
INSERT
  8
21
  2
RECT
 10
15.5804
 20
40.0214
 30
0.0000
 41
0.2235
 42
0.0559
 43
1.0000
 50
90.0000
  0
INSERT
  8
21
  2
RECT
 10
15.5804
 20
40.3287
 30
0.0000
 41
0.1676
 42
0.0559
 43
1.0000
 50
90.0000
  0
INSERT
  8
21
  2
RECT
 10
15.5804
 20
40.8316
 30
0.0000
 41
0.1676
 42
0.0559
 43
1.0000
 50
90.0000
  0
INSERT
  8
21
  2
RECT
 10
15.5804
 20
41.1669
 30
0.0000
 41
0.1676
 42
0.0559
 43
1.0000
 50
90.0000
  0
INSERT
  8
21
  2
RECT
 10
15.5804
 20
41.7257
 30
0.0000
 41
0.1676
 42
0.0559
 43
1.0000
 50
90.0000
  0
INSERT
  8
21
  2
RECT
 10
15.5804
 20
42.4522
 30
0.0000
 41
0.1676
 42
0.0559
 43
1.0000
 50
90.0000
  0
INSERT
  8
21
  2
RECT
 10
15.5245
 20
35.1878
 30
0.0000
 41
0.1676
 42
0.0559
 43
1.0000
 50
90.0000
  0
INSERT
  8
21
  2
RECT
 10
15.5245
 20
35.6907
 30
0.0000
 41
0.1676
 42
0.0559
 43
1.0000
 50
90.0000
  0
INSERT
  8
21
  2
RECT
 10
15.5245
 20
36.0260
 30
0.0000
 41
0.1676
 42
0.0559
 43
1.0000
 50
90.0000
  0
INSERT
  8
21
  2
RECT
 10
15.5245
 20
36.5009
 30
0.0000
 41
0.2235
 42
0.0559
 43
1.0000
 50
90.0000
  0
INSERT
  8
21
  2
RECT
 10
15.5245
 20
36.8083
 30
0.0000
 41
0.1676
 42
0.0559
 43
1.0000
 50
90.0000
  0
INSERT
  8
21
  2
RECT
 10
15.5245
 20
37.5906
 30
0.0000
 41
0.1676
 42
0.0559
 43
1.0000
 50
90.0000
  0
INSERT
  8
21
  2
RECT
 10
15.5245
 20
38.0935
 30
0.0000
 41
0.1676
 42
0.0559
 43
1.0000
 50
90.0000
  0
INSERT
  8
21
  2
RECT
 10
15.5245
 20
39.2111
 30
0.0000
 41
0.2794
 42
0.0559
 43
1.0000
 50
90.0000
  0
INSERT
  8
21
  2
RECT
 10
15.5245
 20
39.5464
 30
0.0000
 41
0.1676
 42
0.0559
 43
1.0000
 50
90.0000
  0
INSERT
  8
21
  2
RECT
 10
15.5245
 20
40.0493
 30
0.0000
 41
0.1676
 42
0.0559
 43
1.0000
 50
90.0000
  0
INSERT
  8
21
  2
RECT
 10
15.5245
 20
40.3287
 30
0.0000
 41
0.1676
 42
0.0559
 43
1.0000
 50
90.0000
  0
INSERT
  8
21
  2
RECT
 10
15.5245
 20
40.8316
 30
0.0000
 41
0.1676
 42
0.0559
 43
1.0000
 50
90.0000
  0
INSERT
  8
21
  2
RECT
 10
15.5245
 20
41.1669
 30
0.0000
 41
0.1676
 42
0.0559
 43
1.0000
 50
90.0000
  0
INSERT
  8
21
  2
RECT
 10
15.5245
 20
41.7257
 30
0.0000
 41
0.1676
 42
0.0559
 43
1.0000
 50
90.0000
  0
INSERT
  8
21
  2
RECT
 10
15.5245
 20
42.4522
 30
0.0000
 41
0.1676
 42
0.0559
 43
1.0000
 50
90.0000
  0
INSERT
  8
21
  2
RECT
 10
15.4686
 20
35.1878
 30
0.0000
 41
0.1676
 42
0.0559
 43
1.0000
 50
90.0000
  0
INSERT
  8
21
  2
RECT
 10
15.4686
 20
35.6907
 30
0.0000
 41
0.1676
 42
0.0559
 43
1.0000
 50
90.0000
  0
INSERT
  8
21
  2
RECT
 10
15.4686
 20
36.0260
 30
0.0000
 41
0.1676
 42
0.0559
 43
1.0000
 50
90.0000
  0
INSERT
  8
21
  2
RECT
 10
15.4686
 20
36.5289
 30
0.0000
 41
0.1676
 42
0.0559
 43
1.0000
 50
90.0000
  0
INSERT
  8
21
  2
RECT
 10
15.4686
 20
37.0318
 30
0.0000
 41
0.7264
 42
0.0559
 43
1.0000
 50
90.0000
  0
INSERT
  8
21
  2
RECT
 10
15.4686
 20
37.5906
 30
0.0000
 41
0.1676
 42
0.0559
 43
1.0000
 50
90.0000
  0
INSERT
  8
21
  2
RECT
 10
15.4686
 20
38.0935
 30
0.0000
 41
0.1676
 42
0.0559
 43
1.0000
 50
90.0000
  0
INSERT
  8
21
  2
RECT
 10
15.4686
 20
39.0435
 30
0.0000
 41
0.5029
 42
0.0559
 43
1.0000
 50
90.0000
  0
INSERT
  8
21
  2
RECT
 10
15.4686
 20
39.5185
 30
0.0000
 41
0.2235
 42
0.0559
 43
1.0000
 50
90.0000
  0
INSERT
  8
21
  2
RECT
 10
15.4686
 20
40.0493
 30
0.0000
 41
0.1676
 42
0.0559
 43
1.0000
 50
90.0000
  0
INSERT
  8
21
  2
RECT
 10
15.4686
 20
40.3287
 30
0.0000
 41
0.1676
 42
0.0559
 43
1.0000
 50
90.0000
  0
INSERT
  8
21
  2
RECT
 10
15.4686
 20
40.8316
 30
0.0000
 41
0.1676
 42
0.0559
 43
1.0000
 50
90.0000
  0
INSERT
  8
21
  2
RECT
 10
15.4686
 20
41.1669
 30
0.0000
 41
0.1676
 42
0.0559
 43
1.0000
 50
90.0000
  0
INSERT
  8
21
  2
RECT
 10
15.4686
 20
41.7257
 30
0.0000
 41
0.1676
 42
0.0559
 43
1.0000
 50
90.0000
  0
INSERT
  8
21
  2
RECT
 10
15.4686
 20
42.7036
 30
0.0000
 41
0.6706
 42
0.0559
 43
1.0000
 50
90.0000
  0
INSERT
  8
21
  2
RECT
 10
15.4127
 20
35.1878
 30
0.0000
 41
0.1676
 42
0.0559
 43
1.0000
 50
90.0000
  0
INSERT
  8
21
  2
RECT
 10
15.4127
 20
35.6907
 30
0.0000
 41
0.1676
 42
0.0559
 43
1.0000
 50
90.0000
  0
INSERT
  8
21
  2
RECT
 10
15.4127
 20
36.0260
 30
0.0000
 41
0.1676
 42
0.0559
 43
1.0000
 50
90.0000
  0
INSERT
  8
21
  2
RECT
 10
15.4127
 20
36.5289
 30
0.0000
 41
0.1676
 42
0.0559
 43
1.0000
 50
90.0000
  0
INSERT
  8
21
  2
RECT
 10
15.4127
 20
37.0318
 30
0.0000
 41
0.7264
 42
0.0559
 43
1.0000
 50
90.0000
  0
INSERT
  8
21
  2
RECT
 10
15.4127
 20
37.5906
 30
0.0000
 41
0.1676
 42
0.0559
 43
1.0000
 50
90.0000
  0
INSERT
  8
21
  2
RECT
 10
15.4127
 20
38.0935
 30
0.0000
 41
0.1676
 42
0.0559
 43
1.0000
 50
90.0000
  0
INSERT
  8
21
  2
RECT
 10
15.4127
 20
38.9876
 30
0.0000
 41
0.5029
 42
0.0559
 43
1.0000
 50
90.0000
  0
INSERT
  8
21
  2
RECT
 10
15.4127
 20
39.5185
 30
0.0000
 41
0.2235
 42
0.0559
 43
1.0000
 50
90.0000
  0
INSERT
  8
21
  2
RECT
 10
15.4127
 20
40.0493
 30
0.0000
 41
0.1676
 42
0.0559
 43
1.0000
 50
90.0000
  0
INSERT
  8
21
  2
RECT
 10
15.4127
 20
40.3287
 30
0.0000
 41
0.1676
 42
0.0559
 43
1.0000
 50
90.0000
  0
INSERT
  8
21
  2
RECT
 10
15.4127
 20
40.8316
 30
0.0000
 41
0.1676
 42
0.0559
 43
1.0000
 50
90.0000
  0
INSERT
  8
21
  2
RECT
 10
15.4127
 20
41.1669
 30
0.0000
 41
0.1676
 42
0.0559
 43
1.0000
 50
90.0000
  0
INSERT
  8
21
  2
RECT
 10
15.4127
 20
41.7257
 30
0.0000
 41
0.1676
 42
0.0559
 43
1.0000
 50
90.0000
  0
INSERT
  8
21
  2
RECT
 10
15.4127
 20
42.7036
 30
0.0000
 41
0.6706
 42
0.0559
 43
1.0000
 50
90.0000
  0
INSERT
  8
21
  2
RECT
 10
15.3568
 20
35.1878
 30
0.0000
 41
0.1676
 42
0.0559
 43
1.0000
 50
90.0000
  0
INSERT
  8
21
  2
RECT
 10
15.3568
 20
35.6907
 30
0.0000
 41
0.1676
 42
0.0559
 43
1.0000
 50
90.0000
  0
INSERT
  8
21
  2
RECT
 10
15.3568
 20
36.0260
 30
0.0000
 41
0.1676
 42
0.0559
 43
1.0000
 50
90.0000
  0
INSERT
  8
21
  2
RECT
 10
15.3568
 20
36.5009
 30
0.0000
 41
0.2235
 42
0.0559
 43
1.0000
 50
90.0000
  0
INSERT
  8
21
  2
RECT
 10
15.3568
 20
36.8083
 30
0.0000
 41
0.1676
 42
0.0559
 43
1.0000
 50
90.0000
  0
INSERT
  8
21
  2
RECT
 10
15.3568
 20
37.3112
 30
0.0000
 41
0.1676
 42
0.0559
 43
1.0000
 50
90.0000
  0
INSERT
  8
21
  2
RECT
 10
15.3568
 20
37.5906
 30
0.0000
 41
0.1676
 42
0.0559
 43
1.0000
 50
90.0000
  0
INSERT
  8
21
  2
RECT
 10
15.3568
 20
38.0935
 30
0.0000
 41
0.1676
 42
0.0559
 43
1.0000
 50
90.0000
  0
INSERT
  8
21
  2
RECT
 10
15.3568
 20
38.8479
 30
0.0000
 41
0.3353
 42
0.0559
 43
1.0000
 50
90.0000
  0
INSERT
  8
21
  2
RECT
 10
15.3568
 20
39.5464
 30
0.0000
 41
0.1676
 42
0.0559
 43
1.0000
 50
90.0000
  0
INSERT
  8
21
  2
RECT
 10
15.3568
 20
40.0493
 30
0.0000
 41
0.1676
 42
0.0559
 43
1.0000
 50
90.0000
  0
INSERT
  8
21
  2
RECT
 10
15.3568
 20
40.3287
 30
0.0000
 41
0.1676
 42
0.0559
 43
1.0000
 50
90.0000
  0
INSERT
  8
21
  2
RECT
 10
15.3568
 20
40.8316
 30
0.0000
 41
0.1676
 42
0.0559
 43
1.0000
 50
90.0000
  0
INSERT
  8
21
  2
RECT
 10
15.3568
 20
41.1669
 30
0.0000
 41
0.1676
 42
0.0559
 43
1.0000
 50
90.0000
  0
INSERT
  8
21
  2
RECT
 10
15.3568
 20
41.7257
 30
0.0000
 41
0.1676
 42
0.0559
 43
1.0000
 50
90.0000
  0
INSERT
  8
21
  2
RECT
 10
15.3568
 20
42.4522
 30
0.0000
 41
0.1676
 42
0.0559
 43
1.0000
 50
90.0000
  0
INSERT
  8
21
  2
RECT
 10
15.3568
 20
42.9551
 30
0.0000
 41
0.1676
 42
0.0559
 43
1.0000
 50
90.0000
  0
INSERT
  8
21
  2
RECT
 10
15.3010
 20
35.1878
 30
0.0000
 41
0.1676
 42
0.0559
 43
1.0000
 50
90.0000
  0
INSERT
  8
21
  2
RECT
 10
15.3010
 20
35.6907
 30
0.0000
 41
0.1676
 42
0.0559
 43
1.0000
 50
90.0000
  0
INSERT
  8
21
  2
RECT
 10
15.3010
 20
36.0260
 30
0.0000
 41
0.1676
 42
0.0559
 43
1.0000
 50
90.0000
  0
INSERT
  8
21
  2
RECT
 10
15.3010
 20
36.5009
 30
0.0000
 41
0.2235
 42
0.0559
 43
1.0000
 50
90.0000
  0
INSERT
  8
21
  2
RECT
 10
15.3010
 20
36.8083
 30
0.0000
 41
0.1676
 42
0.0559
 43
1.0000
 50
90.0000
  0
INSERT
  8
21
  2
RECT
 10
15.3010
 20
37.3112
 30
0.0000
 41
0.1676
 42
0.0559
 43
1.0000
 50
90.0000
  0
INSERT
  8
21
  2
RECT
 10
15.3010
 20
37.6185
 30
0.0000
 41
0.2235
 42
0.0559
 43
1.0000
 50
90.0000
  0
INSERT
  8
21
  2
RECT
 10
15.3010
 20
38.0935
 30
0.0000
 41
0.1676
 42
0.0559
 43
1.0000
 50
90.0000
  0
INSERT
  8
21
  2
RECT
 10
15.3010
 20
38.7641
 30
0.0000
 41
0.1676
 42
0.0559
 43
1.0000
 50
90.0000
  0
INSERT
  8
21
  2
RECT
 10
15.3010
 20
39.5464
 30
0.0000
 41
0.1676
 42
0.0559
 43
1.0000
 50
90.0000
  0
INSERT
  8
21
  2
RECT
 10
15.3010
 20
40.0214
 30
0.0000
 41
0.2235
 42
0.0559
 43
1.0000
 50
90.0000
  0
INSERT
  8
21
  2
RECT
 10
15.3010
 20
40.3287
 30
0.0000
 41
0.1676
 42
0.0559
 43
1.0000
 50
90.0000
  0
INSERT
  8
21
  2
RECT
 10
15.3010
 20
40.8316
 30
0.0000
 41
0.1676
 42
0.0559
 43
1.0000
 50
90.0000
  0
INSERT
  8
21
  2
RECT
 10
15.3010
 20
41.1669
 30
0.0000
 41
0.1676
 42
0.0559
 43
1.0000
 50
90.0000
  0
INSERT
  8
21
  2
RECT
 10
15.3010
 20
41.7257
 30
0.0000
 41
0.1676
 42
0.0559
 43
1.0000
 50
90.0000
  0
INSERT
  8
21
  2
RECT
 10
15.3010
 20
42.4522
 30
0.0000
 41
0.1676
 42
0.0559
 43
1.0000
 50
90.0000
  0
INSERT
  8
21
  2
RECT
 10
15.3010
 20
42.9551
 30
0.0000
 41
0.1676
 42
0.0559
 43
1.0000
 50
90.0000
  0
INSERT
  8
21
  2
RECT
 10
15.2451
 20
35.2157
 30
0.0000
 41
0.2235
 42
0.0559
 43
1.0000
 50
90.0000
  0
INSERT
  8
21
  2
RECT
 10
15.2451
 20
35.6627
 30
0.0000
 41
0.2235
 42
0.0559
 43
1.0000
 50
90.0000
  0
INSERT
  8
21
  2
RECT
 10
15.2451
 20
36.0260
 30
0.0000
 41
0.1676
 42
0.0559
 43
1.0000
 50
90.0000
  0
INSERT
  8
21
  2
RECT
 10
15.2451
 20
36.4730
 30
0.0000
 41
0.1676
 42
0.0559
 43
1.0000
 50
90.0000
  0
INSERT
  8
21
  2
RECT
 10
15.2451
 20
36.8083
 30
0.0000
 41
0.1676
 42
0.0559
 43
1.0000
 50
90.0000
  0
INSERT
  8
21
  2
RECT
 10
15.2451
 20
37.2833
 30
0.0000
 41
0.2235
 42
0.0559
 43
1.0000
 50
90.0000
  0
INSERT
  8
21
  2
RECT
 10
15.2451
 20
37.6185
 30
0.0000
 41
0.2235
 42
0.0559
 43
1.0000
 50
90.0000
  0
INSERT
  8
21
  2
RECT
 10
15.2451
 20
38.0656
 30
0.0000
 41
0.2235
 42
0.0559
 43
1.0000
 50
90.0000
  0
INSERT
  8
21
  2
RECT
 10
15.2451
 20
38.7641
 30
0.0000
 41
0.1676
 42
0.0559
 43
1.0000
 50
90.0000
  0
INSERT
  8
21
  2
RECT
 10
15.2451
 20
39.2111
 30
0.0000
 41
0.0559
 42
0.0559
 43
1.0000
 50
90.0000
  0
INSERT
  8
21
  2
RECT
 10
15.2451
 20
39.5464
 30
0.0000
 41
0.1676
 42
0.0559
 43
1.0000
 50
90.0000
  0
INSERT
  8
21
  2
RECT
 10
15.2451
 20
39.9934
 30
0.0000
 41
0.1676
 42
0.0559
 43
1.0000
 50
90.0000
  0
INSERT
  8
21
  2
RECT
 10
15.2451
 20
40.3287
 30
0.0000
 41
0.1676
 42
0.0559
 43
1.0000
 50
90.0000
  0
INSERT
  8
21
  2
RECT
 10
15.2451
 20
40.8316
 30
0.0000
 41
0.1676
 42
0.0559
 43
1.0000
 50
90.0000
  0
INSERT
  8
21
  2
RECT
 10
15.2451
 20
41.1949
 30
0.0000
 41
0.2235
 42
0.0559
 43
1.0000
 50
90.0000
  0
INSERT
  8
21
  2
RECT
 10
15.2451
 20
41.7537
 30
0.0000
 41
0.2235
 42
0.0559
 43
1.0000
 50
90.0000
  0
INSERT
  8
21
  2
RECT
 10
15.2451
 20
42.4522
 30
0.0000
 41
0.1676
 42
0.0559
 43
1.0000
 50
90.0000
  0
INSERT
  8
21
  2
RECT
 10
15.2451
 20
42.9271
 30
0.0000
 41
0.2235
 42
0.0559
 43
1.0000
 50
90.0000
  0
INSERT
  8
21
  2
RECT
 10
15.1892
 20
35.4672
 30
0.0000
 41
0.6147
 42
0.0559
 43
1.0000
 50
90.0000
  0
INSERT
  8
21
  2
RECT
 10
15.1892
 20
36.2495
 30
0.0000
 41
0.6147
 42
0.0559
 43
1.0000
 50
90.0000
  0
INSERT
  8
21
  2
RECT
 10
15.1892
 20
36.8642
 30
0.0000
 41
0.2794
 42
0.0559
 43
1.0000
 50
90.0000
  0
INSERT
  8
21
  2
RECT
 10
15.1892
 20
37.2274
 30
0.0000
 41
0.2235
 42
0.0559
 43
1.0000
 50
90.0000
  0
INSERT
  8
21
  2
RECT
 10
15.1892
 20
37.8421
 30
0.0000
 41
0.6706
 42
0.0559
 43
1.0000
 50
90.0000
  0
INSERT
  8
21
  2
RECT
 10
15.1892
 20
38.8200
 30
0.0000
 41
0.2794
 42
0.0559
 43
1.0000
 50
90.0000
  0
INSERT
  8
21
  2
RECT
 10
15.1892
 20
39.1832
 30
0.0000
 41
0.2235
 42
0.0559
 43
1.0000
 50
90.0000
  0
INSERT
  8
21
  2
RECT
 10
15.1892
 20
39.7699
 30
0.0000
 41
0.6147
 42
0.0559
 43
1.0000
 50
90.0000
  0
INSERT
  8
21
  2
RECT
 10
15.1892
 20
40.3287
 30
0.0000
 41
0.1676
 42
0.0559
 43
1.0000
 50
90.0000
  0
INSERT
  8
21
  2
RECT
 10
15.1892
 20
40.8316
 30
0.0000
 41
0.1676
 42
0.0559
 43
1.0000
 50
90.0000
  0
INSERT
  8
21
  2
RECT
 10
15.1892
 20
41.3346
 30
0.0000
 41
0.5029
 42
0.0559
 43
1.0000
 50
90.0000
  0
INSERT
  8
21
  2
RECT
 10
15.1892
 20
42.0051
 30
0.0000
 41
0.6147
 42
0.0559
 43
1.0000
 50
90.0000
  0
INSERT
  8
21
  2
RECT
 10
15.1892
 20
42.5360
 30
0.0000
 41
0.2235
 42
0.0559
 43
1.0000
 50
90.0000
  0
INSERT
  8
21
  2
RECT
 10
15.1892
 20
42.8713
 30
0.0000
 41
0.2235
 42
0.0559
 43
1.0000
 50
90.0000
  0
INSERT
  8
21
  2
RECT
 10
15.1333
 20
35.4392
 30
0.0000
 41
0.5588
 42
0.0559
 43
1.0000
 50
90.0000
  0
INSERT
  8
21
  2
RECT
 10
15.1333
 20
36.2495
 30
0.0000
 41
0.6147
 42
0.0559
 43
1.0000
 50
90.0000
  0
INSERT
  8
21
  2
RECT
 10
15.1333
 20
37.0318
 30
0.0000
 41
0.5029
 42
0.0559
 43
1.0000
 50
90.0000
  0
INSERT
  8
21
  2
RECT
 10
15.1333
 20
37.8141
 30
0.0000
 41
0.6147
 42
0.0559
 43
1.0000
 50
90.0000
  0
INSERT
  8
21
  2
RECT
 10
15.1333
 20
39.0435
 30
0.0000
 41
0.6147
 42
0.0559
 43
1.0000
 50
90.0000
  0
INSERT
  8
21
  2
RECT
 10
15.1333
 20
39.7699
 30
0.0000
 41
0.5029
 42
0.0559
 43
1.0000
 50
90.0000
  0
INSERT
  8
21
  2
RECT
 10
15.1333
 20
40.3287
 30
0.0000
 41
0.1676
 42
0.0559
 43
1.0000
 50
90.0000
  0
INSERT
  8
21
  2
RECT
 10
15.1333
 20
40.8316
 30
0.0000
 41
0.1676
 42
0.0559
 43
1.0000
 50
90.0000
  0
INSERT
  8
21
  2
RECT
 10
15.1333
 20
41.3625
 30
0.0000
 41
0.5588
 42
0.0559
 43
1.0000
 50
90.0000
  0
INSERT
  8
21
  2
RECT
 10
15.1333
 20
42.0331
 30
0.0000
 41
0.5588
 42
0.0559
 43
1.0000
 50
90.0000
  0
INSERT
  8
21
  2
RECT
 10
15.1333
 20
42.7036
 30
0.0000
 41
0.5588
 42
0.0559
 43
1.0000
 50
90.0000
  0
INSERT
  8
21
  2
RECT
 10
15.0774
 20
35.4392
 30
0.0000
 41
0.4470
 42
0.0559
 43
1.0000
 50
90.0000
  0
INSERT
  8
21
  2
RECT
 10
15.0774
 20
36.2215
 30
0.0000
 41
0.5588
 42
0.0559
 43
1.0000
 50
90.0000
  0
INSERT
  8
21
  2
RECT
 10
15.0774
 20
37.0318
 30
0.0000
 41
0.3912
 42
0.0559
 43
1.0000
 50
90.0000
  0
INSERT
  8
21
  2
RECT
 10
15.0774
 20
37.5906
 30
0.0000
 41
0.1676
 42
0.0559
 43
1.0000
 50
90.0000
  0
INSERT
  8
21
  2
RECT
 10
15.0774
 20
37.8979
 30
0.0000
 41
0.3353
 42
0.0559
 43
1.0000
 50
90.0000
  0
INSERT
  8
21
  2
RECT
 10
15.0774
 20
39.0155
 30
0.0000
 41
0.4470
 42
0.0559
 43
1.0000
 50
90.0000
  0
INSERT
  8
21
  2
RECT
 10
15.0774
 20
39.7699
 30
0.0000
 41
0.3912
 42
0.0559
 43
1.0000
 50
90.0000
  0
INSERT
  8
21
  2
RECT
 10
15.0774
 20
40.3287
 30
0.0000
 41
0.1676
 42
0.0559
 43
1.0000
 50
90.0000
  0
INSERT
  8
21
  2
RECT
 10
15.0774
 20
40.8316
 30
0.0000
 41
0.1676
 42
0.0559
 43
1.0000
 50
90.0000
  0
INSERT
  8
21
  2
RECT
 10
15.0774
 20
41.1669
 30
0.0000
 41
0.1676
 42
0.0559
 43
1.0000
 50
90.0000
  0
INSERT
  8
21
  2
RECT
 10
15.0774
 20
41.4743
 30
0.0000
 41
0.3353
 42
0.0559
 43
1.0000
 50
90.0000
  0
INSERT
  8
21
  2
RECT
 10
15.0774
 20
42.0051
 30
0.0000
 41
0.3912
 42
0.0559
 43
1.0000
 50
90.0000
  0
INSERT
  8
21
  2
RECT
 10
15.0774
 20
42.7036
 30
0.0000
 41
0.4470
 42
0.0559
 43
1.0000
 50
90.0000
  0
INSERT
  8
21
  2
RECT
 10
15.0216
 20
35.4392
 30
0.0000
 41
0.1118
 42
0.0559
 43
1.0000
 50
90.0000
  0
INSERT
  8
21
  2
RECT
 10
15.0216
 20
37.8979
 30
0.0000
 41
0.1118
 42
0.0559
 43
1.0000
 50
90.0000
  0
INSERT
  8
21
  2
RECT
 10
15.0216
 20
39.0155
 30
0.0000
 41
0.1118
 42
0.0559
 43
1.0000
 50
90.0000
  0
INSERT
  8
21
  2
RECT
 10
15.0216
 20
39.7979
 30
0.0000
 41
0.1118
 42
0.0559
 43
1.0000
 50
90.0000
  0
INSERT
  8
21
  2
RECT
 10
15.0216
 20
42.0331
 30
0.0000
 41
0.1118
 42
0.0559
 43
1.0000
 50
90.0000
  0
INSERT
  8
21
  2
RECT
 10
15.0216
 20
42.7036
 30
0.0000
 41
0.1118
 42
0.0559
 43
1.0000
 50
90.0000
  0
INSERT
  8
21
  2
RECT
 10
14.3510
 20
37.1994
 30
0.0000
 41
0.1676
 42
0.0559
 43
1.0000
 50
90.0000
  0
INSERT
  8
21
  2
RECT
 10
14.3510
 20
40.9434
 30
0.0000
 41
0.1676
 42
0.0559
 43
1.0000
 50
90.0000
  0
INSERT
  8
21
  2
RECT
 10
14.2951
 20
37.1994
 30
0.0000
 41
0.2794
 42
0.0559
 43
1.0000
 50
90.0000
  0
INSERT
  8
21
  2
RECT
 10
14.2951
 20
40.9434
 30
0.0000
 41
0.2794
 42
0.0559
 43
1.0000
 50
90.0000
  0
INSERT
  8
21
  2
RECT
 10
14.2392
 20
37.2274
 30
0.0000
 41
0.4470
 42
0.0559
 43
1.0000
 50
90.0000
  0
INSERT
  8
21
  2
RECT
 10
14.2392
 20
40.9155
 30
0.0000
 41
0.4470
 42
0.0559
 43
1.0000
 50
90.0000
  0
INSERT
  8
21
  2
RECT
 10
14.1834
 20
37.2274
 30
0.0000
 41
0.5588
 42
0.0559
 43
1.0000
 50
90.0000
  0
INSERT
  8
21
  2
RECT
 10
14.1834
 20
40.9155
 30
0.0000
 41
0.5588
 42
0.0559
 43
1.0000
 50
90.0000
  0
INSERT
  8
21
  2
RECT
 10
14.1275
 20
37.2553
 30
0.0000
 41
0.7264
 42
0.0559
 43
1.0000
 50
90.0000
  0
INSERT
  8
21
  2
RECT
 10
14.1275
 20
40.8875
 30
0.0000
 41
0.7264
 42
0.0559
 43
1.0000
 50
90.0000
  0
INSERT
  8
21
  2
RECT
 10
14.0716
 20
37.2553
 30
0.0000
 41
0.8382
 42
0.0559
 43
1.0000
 50
90.0000
  0
INSERT
  8
21
  2
RECT
 10
14.0716
 20
38.1215
 30
0.0000
 41
0.1118
 42
0.0559
 43
1.0000
 50
90.0000
  0
INSERT
  8
21
  2
RECT
 10
14.0716
 20
40.0214
 30
0.0000
 41
0.1118
 42
0.0559
 43
1.0000
 50
90.0000
  0
INSERT
  8
21
  2
RECT
 10
14.0716
 20
40.8875
 30
0.0000
 41
0.8382
 42
0.0559
 43
1.0000
 50
90.0000
  0
INSERT
  8
21
  2
RECT
 10
14.0157
 20
37.2833
 30
0.0000
 41
1.0058
 42
0.0559
 43
1.0000
 50
90.0000
  0
INSERT
  8
21
  2
RECT
 10
14.0157
 20
38.0935
 30
0.0000
 41
0.2794
 42
0.0559
 43
1.0000
 50
90.0000
  0
INSERT
  8
21
  2
RECT
 10
14.0157
 20
40.0493
 30
0.0000
 41
0.2794
 42
0.0559
 43
1.0000
 50
90.0000
  0
INSERT
  8
21
  2
RECT
 10
14.0157
 20
40.8596
 30
0.0000
 41
1.0058
 42
0.0559
 43
1.0000
 50
90.0000
  0
INSERT
  8
21
  2
RECT
 10
13.9598
 20
37.4788
 30
0.0000
 41
1.5088
 42
0.0559
 43
1.0000
 50
90.0000
  0
INSERT
  8
21
  2
RECT
 10
13.9598
 20
40.6640
 30
0.0000
 41
1.5088
 42
0.0559
 43
1.0000
 50
90.0000
  0
INSERT
  8
21
  2
RECT
 10
13.9040
 20
37.4788
 30
0.0000
 41
1.6205
 42
0.0559
 43
1.0000
 50
90.0000
  0
INSERT
  8
21
  2
RECT
 10
13.9040
 20
40.6640
 30
0.0000
 41
1.6205
 42
0.0559
 43
1.0000
 50
90.0000
  0
INSERT
  8
21
  2
RECT
 10
13.8481
 20
37.4509
 30
0.0000
 41
1.6764
 42
0.0559
 43
1.0000
 50
90.0000
  0
INSERT
  8
21
  2
RECT
 10
13.8481
 20
40.6919
 30
0.0000
 41
1.6764
 42
0.0559
 43
1.0000
 50
90.0000
  0
INSERT
  8
21
  2
RECT
 10
13.7922
 20
37.4509
 30
0.0000
 41
1.6764
 42
0.0559
 43
1.0000
 50
90.0000
  0
INSERT
  8
21
  2
RECT
 10
13.7922
 20
40.6919
 30
0.0000
 41
1.6764
 42
0.0559
 43
1.0000
 50
90.0000
  0
INSERT
  8
21
  2
RECT
 10
13.7363
 20
37.4788
 30
0.0000
 41
1.7323
 42
0.0559
 43
1.0000
 50
90.0000
  0
INSERT
  8
21
  2
RECT
 10
13.7363
 20
40.6640
 30
0.0000
 41
1.7323
 42
0.0559
 43
1.0000
 50
90.0000
  0
INSERT
  8
21
  2
RECT
 10
13.6804
 20
37.5068
 30
0.0000
 41
1.6764
 42
0.0559
 43
1.0000
 50
90.0000
  0
INSERT
  8
21
  2
RECT
 10
13.6804
 20
40.6361
 30
0.0000
 41
1.6764
 42
0.0559
 43
1.0000
 50
90.0000
  0
INSERT
  8
21
  2
RECT
 10
13.6246
 20
37.5627
 30
0.0000
 41
1.6764
 42
0.0559
 43
1.0000
 50
90.0000
  0
INSERT
  8
21
  2
RECT
 10
13.6246
 20
40.5802
 30
0.0000
 41
1.6764
 42
0.0559
 43
1.0000
 50
90.0000
  0
INSERT
  8
21
  2
RECT
 10
13.5687
 20
37.5627
 30
0.0000
 41
1.6764
 42
0.0559
 43
1.0000
 50
90.0000
  0
INSERT
  8
21
  2
RECT
 10
13.5687
 20
40.5802
 30
0.0000
 41
1.6764
 42
0.0559
 43
1.0000
 50
90.0000
  0
INSERT
  8
21
  2
RECT
 10
13.5128
 20
37.6185
 30
0.0000
 41
1.6764
 42
0.0559
 43
1.0000
 50
90.0000
  0
INSERT
  8
21
  2
RECT
 10
13.5128
 20
40.5243
 30
0.0000
 41
1.6764
 42
0.0559
 43
1.0000
 50
90.0000
  0
INSERT
  8
21
  2
RECT
 10
13.4569
 20
37.6465
 30
0.0000
 41
1.6205
 42
0.0559
 43
1.0000
 50
90.0000
  0
INSERT
  8
21
  2
RECT
 10
13.4569
 20
40.4964
 30
0.0000
 41
1.6205
 42
0.0559
 43
1.0000
 50
90.0000
  0
INSERT
  8
21
  2
RECT
 10
13.4010
 20
37.6744
 30
0.0000
 41
1.5646
 42
0.0559
 43
1.0000
 50
90.0000
  0
INSERT
  8
21
  2
RECT
 10
13.4010
 20
40.4684
 30
0.0000
 41
1.5646
 42
0.0559
 43
1.0000
 50
90.0000
  0
INSERT
  8
21
  2
RECT
 10
13.3452
 20
37.7024
 30
0.0000
 41
1.6205
 42
0.0559
 43
1.0000
 50
90.0000
  0
INSERT
  8
21
  2
RECT
 10
13.3452
 20
40.4405
 30
0.0000
 41
1.6205
 42
0.0559
 43
1.0000
 50
90.0000
  0
INSERT
  8
21
  2
RECT
 10
13.2893
 20
37.7303
 30
0.0000
 41
1.5646
 42
0.0559
 43
1.0000
 50
90.0000
  0
INSERT
  8
21
  2
RECT
 10
13.2893
 20
40.4125
 30
0.0000
 41
1.5646
 42
0.0559
 43
1.0000
 50
90.0000
  0
INSERT
  8
21
  2
RECT
 10
13.2334
 20
37.7862
 30
0.0000
 41
1.5646
 42
0.0559
 43
1.0000
 50
90.0000
  0
INSERT
  8
21
  2
RECT
 10
13.2334
 20
40.3567
 30
0.0000
 41
1.5646
 42
0.0559
 43
1.0000
 50
90.0000
  0
INSERT
  8
21
  2
RECT
 10
13.1775
 20
37.7862
 30
0.0000
 41
1.5646
 42
0.0559
 43
1.0000
 50
90.0000
  0
INSERT
  8
21
  2
RECT
 10
13.1775
 20
40.3567
 30
0.0000
 41
1.5646
 42
0.0559
 43
1.0000
 50
90.0000
  0
INSERT
  8
21
  2
RECT
 10
13.1216
 20
37.8141
 30
0.0000
 41
1.5088
 42
0.0559
 43
1.0000
 50
90.0000
  0
INSERT
  8
21
  2
RECT
 10
13.1216
 20
40.3287
 30
0.0000
 41
1.5088
 42
0.0559
 43
1.0000
 50
90.0000
  0
INSERT
  8
21
  2
RECT
 10
13.0658
 20
37.8141
 30
0.0000
 41
1.6205
 42
0.0559
 43
1.0000
 50
90.0000
  0
INSERT
  8
21
  2
RECT
 10
13.0658
 20
40.3287
 30
0.0000
 41
1.6205
 42
0.0559
 43
1.0000
 50
90.0000
  0
INSERT
  8
21
  2
RECT
 10
13.0099
 20
37.8141
 30
0.0000
 41
1.6205
 42
0.0559
 43
1.0000
 50
90.0000
  0
INSERT
  8
21
  2
RECT
 10
13.0099
 20
40.3287
 30
0.0000
 41
1.6205
 42
0.0559
 43
1.0000
 50
90.0000
  0
INSERT
  8
21
  2
RECT
 10
12.9540
 20
37.8141
 30
0.0000
 41
1.7323
 42
0.0559
 43
1.0000
 50
90.0000
  0
INSERT
  8
21
  2
RECT
 10
12.9540
 20
40.3287
 30
0.0000
 41
1.7323
 42
0.0559
 43
1.0000
 50
90.0000
  0
INSERT
  8
21
  2
RECT
 10
12.8981
 20
37.8141
 30
0.0000
 41
1.7323
 42
0.0559
 43
1.0000
 50
90.0000
  0
INSERT
  8
21
  2
RECT
 10
12.8981
 20
40.3287
 30
0.0000
 41
1.7323
 42
0.0559
 43
1.0000
 50
90.0000
  0
INSERT
  8
21
  2
RECT
 10
12.8422
 20
37.8421
 30
0.0000
 41
1.7882
 42
0.0559
 43
1.0000
 50
90.0000
  0
INSERT
  8
21
  2
RECT
 10
12.8422
 20
40.3008
 30
0.0000
 41
1.7882
 42
0.0559
 43
1.0000
 50
90.0000
  0
INSERT
  8
21
  2
RECT
 10
12.7864
 20
37.8141
 30
0.0000
 41
1.8440
 42
0.0559
 43
1.0000
 50
90.0000
  0
INSERT
  8
21
  2
RECT
 10
12.7864
 20
40.3287
 30
0.0000
 41
1.8440
 42
0.0559
 43
1.0000
 50
90.0000
  0
INSERT
  8
21
  2
RECT
 10
12.7305
 20
37.8141
 30
0.0000
 41
1.8440
 42
0.0559
 43
1.0000
 50
90.0000
  0
INSERT
  8
21
  2
RECT
 10
12.7305
 20
40.3287
 30
0.0000
 41
1.8440
 42
0.0559
 43
1.0000
 50
90.0000
  0
INSERT
  8
21
  2
RECT
 10
12.6746
 20
37.7303
 30
0.0000
 41
1.7882
 42
0.0559
 43
1.0000
 50
90.0000
  0
INSERT
  8
21
  2
RECT
 10
12.6746
 20
40.4125
 30
0.0000
 41
1.7882
 42
0.0559
 43
1.0000
 50
90.0000
  0
INSERT
  8
21
  2
RECT
 10
12.6187
 20
37.7024
 30
0.0000
 41
1.7323
 42
0.0559
 43
1.0000
 50
90.0000
  0
INSERT
  8
21
  2
RECT
 10
12.6187
 20
40.4405
 30
0.0000
 41
1.7323
 42
0.0559
 43
1.0000
 50
90.0000
  0
INSERT
  8
21
  2
RECT
 10
12.5628
 20
37.6744
 30
0.0000
 41
1.6764
 42
0.0559
 43
1.0000
 50
90.0000
  0
INSERT
  8
21
  2
RECT
 10
12.5628
 20
40.4684
 30
0.0000
 41
1.6764
 42
0.0559
 43
1.0000
 50
90.0000
  0
INSERT
  8
21
  2
RECT
 10
12.5070
 20
37.6185
 30
0.0000
 41
1.6764
 42
0.0559
 43
1.0000
 50
90.0000
  0
INSERT
  8
21
  2
RECT
 10
12.5070
 20
40.5243
 30
0.0000
 41
1.6764
 42
0.0559
 43
1.0000
 50
90.0000
  0
INSERT
  8
21
  2
RECT
 10
12.4511
 20
37.4509
 30
0.0000
 41
1.8999
 42
0.0559
 43
1.0000
 50
90.0000
  0
INSERT
  8
21
  2
RECT
 10
12.4511
 20
40.6919
 30
0.0000
 41
1.8999
 42
0.0559
 43
1.0000
 50
90.0000
  0
INSERT
  8
21
  2
RECT
 10
12.3952
 20
37.2833
 30
0.0000
 41
2.1234
 42
0.0559
 43
1.0000
 50
90.0000
  0
INSERT
  8
21
  2
RECT
 10
12.3952
 20
40.8596
 30
0.0000
 41
2.1234
 42
0.0559
 43
1.0000
 50
90.0000
  0
INSERT
  8
21
  2
RECT
 10
12.3393
 20
37.1436
 30
0.0000
 41
2.2911
 42
0.0559
 43
1.0000
 50
90.0000
  0
INSERT
  8
21
  2
RECT
 10
12.3393
 20
40.9993
 30
0.0000
 41
2.2911
 42
0.0559
 43
1.0000
 50
90.0000
  0
INSERT
  8
21
  2
RECT
 10
12.2834
 20
37.1436
 30
0.0000
 41
2.2911
 42
0.0559
 43
1.0000
 50
90.0000
  0
INSERT
  8
21
  2
RECT
 10
12.2834
 20
40.9993
 30
0.0000
 41
2.2911
 42
0.0559
 43
1.0000
 50
90.0000
  0
INSERT
  8
21
  2
RECT
 10
12.2276
 20
37.1436
 30
0.0000
 41
2.2911
 42
0.0559
 43
1.0000
 50
90.0000
  0
INSERT
  8
21
  2
RECT
 10
12.2276
 20
40.9993
 30
0.0000
 41
2.2911
 42
0.0559
 43
1.0000
 50
90.0000
  0
INSERT
  8
21
  2
RECT
 10
12.1717
 20
37.1156
 30
0.0000
 41
2.2352
 42
0.0559
 43
1.0000
 50
90.0000
  0
INSERT
  8
21
  2
RECT
 10
12.1717
 20
41.0272
 30
0.0000
 41
2.2352
 42
0.0559
 43
1.0000
 50
90.0000
  0
INSERT
  8
21
  2
RECT
 10
12.1158
 20
37.1156
 30
0.0000
 41
2.2352
 42
0.0559
 43
1.0000
 50
90.0000
  0
INSERT
  8
21
  2
RECT
 10
12.1158
 20
41.0272
 30
0.0000
 41
2.2352
 42
0.0559
 43
1.0000
 50
90.0000
  0
INSERT
  8
21
  2
RECT
 10
12.0599
 20
37.1156
 30
0.0000
 41
2.2352
 42
0.0559
 43
1.0000
 50
90.0000
  0
INSERT
  8
21
  2
RECT
 10
12.0599
 20
41.0272
 30
0.0000
 41
2.2352
 42
0.0559
 43
1.0000
 50
90.0000
  0
INSERT
  8
21
  2
RECT
 10
12.0040
 20
37.1156
 30
0.0000
 41
2.2352
 42
0.0559
 43
1.0000
 50
90.0000
  0
INSERT
  8
21
  2
RECT
 10
12.0040
 20
41.0272
 30
0.0000
 41
2.2352
 42
0.0559
 43
1.0000
 50
90.0000
  0
INSERT
  8
21
  2
RECT
 10
11.9482
 20
37.1156
 30
0.0000
 41
2.2352
 42
0.0559
 43
1.0000
 50
90.0000
  0
INSERT
  8
21
  2
RECT
 10
11.9482
 20
41.0272
 30
0.0000
 41
2.2352
 42
0.0559
 43
1.0000
 50
90.0000
  0
INSERT
  8
21
  2
RECT
 10
11.8923
 20
37.1156
 30
0.0000
 41
2.2352
 42
0.0559
 43
1.0000
 50
90.0000
  0
INSERT
  8
21
  2
RECT
 10
11.8923
 20
41.0272
 30
0.0000
 41
2.2352
 42
0.0559
 43
1.0000
 50
90.0000
  0
INSERT
  8
21
  2
RECT
 10
11.8364
 20
37.1156
 30
0.0000
 41
2.2352
 42
0.0559
 43
1.0000
 50
90.0000
  0
INSERT
  8
21
  2
RECT
 10
11.8364
 20
41.0272
 30
0.0000
 41
2.2352
 42
0.0559
 43
1.0000
 50
90.0000
  0
INSERT
  8
21
  2
RECT
 10
11.7805
 20
37.1156
 30
0.0000
 41
2.2352
 42
0.0559
 43
1.0000
 50
90.0000
  0
INSERT
  8
21
  2
RECT
 10
11.7805
 20
41.0272
 30
0.0000
 41
2.2352
 42
0.0559
 43
1.0000
 50
90.0000
  0
INSERT
  8
21
  2
RECT
 10
11.7246
 20
37.1156
 30
0.0000
 41
2.2352
 42
0.0559
 43
1.0000
 50
90.0000
  0
INSERT
  8
21
  2
RECT
 10
11.7246
 20
41.0272
 30
0.0000
 41
2.2352
 42
0.0559
 43
1.0000
 50
90.0000
  0
INSERT
  8
21
  2
RECT
 10
11.6688
 20
37.1156
 30
0.0000
 41
2.2352
 42
0.0559
 43
1.0000
 50
90.0000
  0
INSERT
  8
21
  2
RECT
 10
11.6688
 20
41.0272
 30
0.0000
 41
2.2352
 42
0.0559
 43
1.0000
 50
90.0000
  0
INSERT
  8
21
  2
RECT
 10
11.6129
 20
37.1436
 30
0.0000
 41
2.2911
 42
0.0559
 43
1.0000
 50
90.0000
  0
INSERT
  8
21
  2
RECT
 10
11.6129
 20
40.9993
 30
0.0000
 41
2.2911
 42
0.0559
 43
1.0000
 50
90.0000
  0
INSERT
  8
21
  2
RECT
 10
11.5570
 20
37.1436
 30
0.0000
 41
2.2911
 42
0.0559
 43
1.0000
 50
90.0000
  0
INSERT
  8
21
  2
RECT
 10
11.5570
 20
40.9993
 30
0.0000
 41
2.2911
 42
0.0559
 43
1.0000
 50
90.0000
  0
INSERT
  8
21
  2
RECT
 10
11.5011
 20
37.1715
 30
0.0000
 41
2.3470
 42
0.0559
 43
1.0000
 50
90.0000
  0
INSERT
  8
21
  2
RECT
 10
11.5011
 20
40.9713
 30
0.0000
 41
2.3470
 42
0.0559
 43
1.0000
 50
90.0000
  0
INSERT
  8
21
  2
RECT
 10
11.4452
 20
37.3391
 30
0.0000
 41
2.0117
 42
0.0559
 43
1.0000
 50
90.0000
  0
INSERT
  8
21
  2
RECT
 10
11.4452
 20
40.8037
 30
0.0000
 41
2.0117
 42
0.0559
 43
1.0000
 50
90.0000
  0
INSERT
  8
21
  2
RECT
 10
11.3894
 20
37.5068
 30
0.0000
 41
1.7882
 42
0.0559
 43
1.0000
 50
90.0000
  0
INSERT
  8
21
  2
RECT
 10
11.3894
 20
40.6361
 30
0.0000
 41
1.7882
 42
0.0559
 43
1.0000
 50
90.0000
  0
INSERT
  8
21
  2
RECT
 10
11.3335
 20
37.6465
 30
0.0000
 41
1.6205
 42
0.0559
 43
1.0000
 50
90.0000
  0
INSERT
  8
21
  2
RECT
 10
11.3335
 20
40.4964
 30
0.0000
 41
1.6205
 42
0.0559
 43
1.0000
 50
90.0000
  0
INSERT
  8
21
  2
RECT
 10
11.2776
 20
37.6744
 30
0.0000
 41
1.6764
 42
0.0559
 43
1.0000
 50
90.0000
  0
INSERT
  8
21
  2
RECT
 10
11.2776
 20
40.4684
 30
0.0000
 41
1.6764
 42
0.0559
 43
1.0000
 50
90.0000
  0
INSERT
  8
21
  2
RECT
 10
11.2217
 20
37.7303
 30
0.0000
 41
1.6764
 42
0.0559
 43
1.0000
 50
90.0000
  0
INSERT
  8
21
  2
RECT
 10
11.2217
 20
40.4125
 30
0.0000
 41
1.6764
 42
0.0559
 43
1.0000
 50
90.0000
  0
INSERT
  8
21
  2
RECT
 10
11.1658
 20
37.7862
 30
0.0000
 41
1.7882
 42
0.0559
 43
1.0000
 50
90.0000
  0
INSERT
  8
21
  2
RECT
 10
11.1658
 20
40.3567
 30
0.0000
 41
1.7882
 42
0.0559
 43
1.0000
 50
90.0000
  0
INSERT
  8
21
  2
RECT
 10
11.1100
 20
37.8700
 30
0.0000
 41
1.9558
 42
0.0559
 43
1.0000
 50
90.0000
  0
INSERT
  8
21
  2
RECT
 10
11.1100
 20
40.2728
 30
0.0000
 41
1.9558
 42
0.0559
 43
1.0000
 50
90.0000
  0
INSERT
  8
21
  2
RECT
 10
11.0541
 20
39.0714
 30
0.0000
 41
4.2469
 42
0.0559
 43
1.0000
 50
90.0000
  0
INSERT
  8
21
  2
RECT
 10
10.9982
 20
39.0714
 30
0.0000
 41
4.2469
 42
0.0559
 43
1.0000
 50
90.0000
  0
INSERT
  8
21
  2
RECT
 10
10.9423
 20
39.0714
 30
0.0000
 41
4.1351
 42
0.0559
 43
1.0000
 50
90.0000
  0
INSERT
  8
21
  2
RECT
 10
10.8864
 20
39.0714
 30
0.0000
 41
4.1351
 42
0.0559
 43
1.0000
 50
90.0000
  0
INSERT
  8
21
  2
RECT
 10
10.8306
 20
39.0714
 30
0.0000
 41
4.1351
 42
0.0559
 43
1.0000
 50
90.0000
  0
INSERT
  8
21
  2
RECT
 10
10.7747
 20
39.0714
 30
0.0000
 41
4.0234
 42
0.0559
 43
1.0000
 50
90.0000
  0
INSERT
  8
21
  2
RECT
 10
10.7188
 20
39.0714
 30
0.0000
 41
4.0234
 42
0.0559
 43
1.0000
 50
90.0000
  0
INSERT
  8
21
  2
RECT
 10
10.6629
 20
39.0714
 30
0.0000
 41
4.1351
 42
0.0559
 43
1.0000
 50
90.0000
  0
INSERT
  8
21
  2
RECT
 10
10.6070
 20
39.0714
 30
0.0000
 41
4.2469
 42
0.0559
 43
1.0000
 50
90.0000
  0
INSERT
  8
21
  2
RECT
 10
10.5512
 20
39.0714
 30
0.0000
 41
4.2469
 42
0.0559
 43
1.0000
 50
90.0000
  0
INSERT
  8
21
  2
RECT
 10
10.4953
 20
39.0714
 30
0.0000
 41
4.3586
 42
0.0559
 43
1.0000
 50
90.0000
  0
INSERT
  8
21
  2
RECT
 10
10.4394
 20
39.0714
 30
0.0000
 41
4.4704
 42
0.0559
 43
1.0000
 50
90.0000
  0
INSERT
  8
21
  2
RECT
 10
10.3835
 20
39.0714
 30
0.0000
 41
4.4704
 42
0.0559
 43
1.0000
 50
90.0000
  0
INSERT
  8
21
  2
RECT
 10
10.3276
 20
39.0714
 30
0.0000
 41
4.5822
 42
0.0559
 43
1.0000
 50
90.0000
  0
INSERT
  8
21
  2
RECT
 10
10.2718
 20
39.0714
 30
0.0000
 41
4.6939
 42
0.0559
 43
1.0000
 50
90.0000
  0
INSERT
  8
21
  2
RECT
 10
10.2159
 20
39.0714
 30
0.0000
 41
4.8057
 42
0.0559
 43
1.0000
 50
90.0000
  0
INSERT
  8
21
  2
RECT
 10
10.1600
 20
39.0714
 30
0.0000
 41
4.8057
 42
0.0559
 43
1.0000
 50
90.0000
  0
INSERT
  8
21
  2
RECT
 10
10.1041
 20
39.0714
 30
0.0000
 41
4.9174
 42
0.0559
 43
1.0000
 50
90.0000
  0
INSERT
  8
21
  2
RECT
 10
10.0482
 20
39.0714
 30
0.0000
 41
4.9174
 42
0.0559
 43
1.0000
 50
90.0000
  0
INSERT
  8
21
  2
RECT
 10
9.9924
 20
39.0714
 30
0.0000
 41
4.8057
 42
0.0559
 43
1.0000
 50
90.0000
  0
INSERT
  8
21
  2
RECT
 10
9.9365
 20
39.0714
 30
0.0000
 41
4.6939
 42
0.0559
 43
1.0000
 50
90.0000
  0
INSERT
  8
21
  2
RECT
 10
9.8806
 20
37.3112
 30
0.0000
 41
1.0617
 42
0.0559
 43
1.0000
 50
90.0000
  0
INSERT
  8
21
  2
RECT
 10
9.8806
 20
39.0714
 30
0.0000
 41
2.1234
 42
0.0559
 43
1.0000
 50
90.0000
  0
INSERT
  8
21
  2
RECT
 10
9.8806
 20
40.8316
 30
0.0000
 41
1.0617
 42
0.0559
 43
1.0000
 50
90.0000
  0
INSERT
  8
21
  2
RECT
 10
9.8247
 20
37.2833
 30
0.0000
 41
0.8941
 42
0.0559
 43
1.0000
 50
90.0000
  0
INSERT
  8
21
  2
RECT
 10
9.8247
 20
39.0714
 30
0.0000
 41
1.7882
 42
0.0559
 43
1.0000
 50
90.0000
  0
INSERT
  8
21
  2
RECT
 10
9.8247
 20
40.8596
 30
0.0000
 41
0.8941
 42
0.0559
 43
1.0000
 50
90.0000
  0
INSERT
  8
21
  2
RECT
 10
9.7688
 20
37.2833
 30
0.0000
 41
0.7823
 42
0.0559
 43
1.0000
 50
90.0000
  0
INSERT
  8
21
  2
RECT
 10
9.7688
 20
39.0714
 30
0.0000
 41
1.5646
 42
0.0559
 43
1.0000
 50
90.0000
  0
INSERT
  8
21
  2
RECT
 10
9.7688
 20
40.8596
 30
0.0000
 41
0.7823
 42
0.0559
 43
1.0000
 50
90.0000
  0
INSERT
  8
21
  2
RECT
 10
9.7130
 20
37.2553
 30
0.0000
 41
0.6147
 42
0.0559
 43
1.0000
 50
90.0000
  0
INSERT
  8
21
  2
RECT
 10
9.7130
 20
39.0714
 30
0.0000
 41
1.2294
 42
0.0559
 43
1.0000
 50
90.0000
  0
INSERT
  8
21
  2
RECT
 10
9.7130
 20
40.8875
 30
0.0000
 41
0.6147
 42
0.0559
 43
1.0000
 50
90.0000
  0
INSERT
  8
21
  2
RECT
 10
9.6571
 20
37.2553
 30
0.0000
 41
0.5029
 42
0.0559
 43
1.0000
 50
90.0000
  0
INSERT
  8
21
  2
RECT
 10
9.6571
 20
39.0714
 30
0.0000
 41
1.1176
 42
0.0559
 43
1.0000
 50
90.0000
  0
INSERT
  8
21
  2
RECT
 10
9.6571
 20
40.8875
 30
0.0000
 41
0.5029
 42
0.0559
 43
1.0000
 50
90.0000
  0
INSERT
  8
21
  2
RECT
 10
9.6012
 20
37.2274
 30
0.0000
 41
0.3353
 42
0.0559
 43
1.0000
 50
90.0000
  0
INSERT
  8
21
  2
RECT
 10
9.6012
 20
39.0714
 30
0.0000
 41
1.1176
 42
0.0559
 43
1.0000
 50
90.0000
  0
INSERT
  8
21
  2
RECT
 10
9.6012
 20
40.9155
 30
0.0000
 41
0.3353
 42
0.0559
 43
1.0000
 50
90.0000
  0
INSERT
  8
21
  2
RECT
 10
9.5453
 20
37.2274
 30
0.0000
 41
0.2235
 42
0.0559
 43
1.0000
 50
90.0000
  0
INSERT
  8
21
  2
RECT
 10
9.5453
 20
39.0714
 30
0.0000
 41
1.1176
 42
0.0559
 43
1.0000
 50
90.0000
  0
INSERT
  8
21
  2
RECT
 10
9.5453
 20
40.9155
 30
0.0000
 41
0.2235
 42
0.0559
 43
1.0000
 50
90.0000
  0
INSERT
  8
21
  2
RECT
 10
9.4894
 20
37.1994
 30
0.0000
 41
0.0559
 42
0.0559
 43
1.0000
 50
90.0000
  0
INSERT
  8
21
  2
RECT
 10
9.4894
 20
39.0714
 30
0.0000
 41
1.1176
 42
0.0559
 43
1.0000
 50
90.0000
  0
INSERT
  8
21
  2
RECT
 10
9.4894
 20
40.9434
 30
0.0000
 41
0.0559
 42
0.0559
 43
1.0000
 50
90.0000
  0
INSERT
  8
21
  2
RECT
 10
9.4336
 20
39.0714
 30
0.0000
 41
1.1176
 42
0.0559
 43
1.0000
 50
90.0000
  0
INSERT
  8
21
  2
RECT
 10
9.3777
 20
39.0714
 30
0.0000
 41
1.0058
 42
0.0559
 43
1.0000
 50
90.0000
  0
INSERT
  8
21
  2
RECT
 10
9.3218
 20
39.0714
 30
0.0000
 41
1.0058
 42
0.0559
 43
1.0000
 50
90.0000
  0
INSERT
  8
21
  2
RECT
 10
9.2659
 20
39.0714
 30
0.0000
 41
1.0058
 42
0.0559
 43
1.0000
 50
90.0000
  0
INSERT
  8
21
  2
RECT
 10
9.2100
 20
39.0714
 30
0.0000
 41
1.0058
 42
0.0559
 43
1.0000
 50
90.0000
  0
INSERT
  8
21
  2
RECT
 10
9.1542
 20
39.0714
 30
0.0000
 41
1.0058
 42
0.0559
 43
1.0000
 50
90.0000
  0
INSERT
  8
21
  2
RECT
 10
9.0983
 20
39.0714
 30
0.0000
 41
0.8941
 42
0.0559
 43
1.0000
 50
90.0000
  0
INSERT
  8
21
  2
RECT
 10
9.0424
 20
39.0714
 30
0.0000
 41
0.8941
 42
0.0559
 43
1.0000
 50
90.0000
  0
INSERT
  8
21
  2
RECT
 10
8.9865
 20
39.0714
 30
0.0000
 41
0.8941
 42
0.0559
 43
1.0000
 50
90.0000
  0
INSERT
  8
21
  2
RECT
 10
8.9306
 20
39.0714
 30
0.0000
 41
0.8941
 42
0.0559
 43
1.0000
 50
90.0000
  0
INSERT
  8
21
  2
RECT
 10
8.8748
 20
39.0714
 30
0.0000
 41
0.8941
 42
0.0559
 43
1.0000
 50
90.0000
  0
LINE
  8
48
 10
54.5306
 20
92.4394
 30
0.0000
 11
54.5306
 21
95.6144
 31
0.0000
  0
LINE
  8
48
 10
54.5306
 20
95.6144
 30
0.0000
 11
54.5306
 21
98.7894
 31
0.0000
  0
LINE
  8
48
 10
54.5306
 20
98.7894
 30
0.0000
 11
54.5306
 21
101.9644
 31
0.0000
  0
LINE
  8
48
 10
54.5306
 20
101.9644
 30
0.0000
 11
54.5306
 21
105.1394
 31
0.0000
  0
LINE
  8
48
 10
54.5306
 20
105.1394
 30
0.0000
 11
54.5306
 21
108.3144
 31
0.0000
  0
LINE
  8
48
 10
54.5306
 20
108.3144
 30
0.0000
 11
22.7806
 21
108.3144
 31
0.0000
  0
LINE
  8
48
 10
22.7806
 20
108.3144
 30
0.0000
 11
-0.0794
 21
108.3144
 31
0.0000
  0
LINE
  8
48
 10
-0.0794
 20
108.3144
 30
0.0000
 11
-0.0794
 21
101.9644
 31
0.0000
  0
LINE
  8
48
 10
-0.0794
 20
101.9644
 30
0.0000
 11
-0.0794
 21
98.7894
 31
0.0000
  0
LINE
  8
48
 10
-0.0794
 20
98.7894
 30
0.0000
 11
-0.0794
 21
95.6144
 31
0.0000
  0
LINE
  8
48
 10
-0.0794
 20
95.6144
 30
0.0000
 11
-0.0794
 21
92.4394
 31
0.0000
  0
LINE
  8
48
 10
-0.0794
 20
92.4394
 30
0.0000
 11
54.5306
 21
92.4394
 31
0.0000
  0
LINE
  8
48
 10
-0.0794
 20
95.6144
 30
0.0000
 11
36.7506
 21
95.6144
 31
0.0000
  0
LINE
  8
48
 10
36.7506
 20
95.6144
 30
0.0000
 11
54.5306
 21
95.6144
 31
0.0000
  0
LINE
  8
48
 10
-0.0794
 20
98.7894
 30
0.0000
 11
36.7506
 21
98.7894
 31
0.0000
  0
LINE
  8
48
 10
36.7506
 20
98.7894
 30
0.0000
 11
54.5306
 21
98.7894
 31
0.0000
  0
LINE
  8
48
 10
-0.0794
 20
101.9644
 30
0.0000
 11
22.7806
 21
101.9644
 31
0.0000
  0
LINE
  8
48
 10
22.7806
 20
101.9644
 30
0.0000
 11
36.7506
 21
101.9644
 31
0.0000
  0
LINE
  8
48
 10
36.7506
 20
101.9644
 30
0.0000
 11
54.5306
 21
101.9644
 31
0.0000
  0
LINE
  8
48
 10
22.7806
 20
108.3144
 30
0.0000
 11
22.7806
 21
105.1394
 31
0.0000
  0
LINE
  8
48
 10
22.7806
 20
105.1394
 30
0.0000
 11
22.7806
 21
101.9644
 31
0.0000
  0
LINE
  8
48
 10
22.7806
 20
105.1394
 30
0.0000
 11
36.7506
 21
105.1394
 31
0.0000
  0
LINE
  8
48
 10
36.7506
 20
105.1394
 30
0.0000
 11
54.5306
 21
105.1394
 31
0.0000
  0
LINE
  8
48
 10
36.7506
 20
105.1394
 30
0.0000
 11
36.7506
 21
101.9644
 31
0.0000
  0
LINE
  8
48
 10
36.7506
 20
98.7894
 30
0.0000
 11
36.7506
 21
95.6144
 31
0.0000
  0
LINE
  8
21
 10
1.2795
 20
93.3495
 30
0.0000
 11
1.2795
 21
94.6957
 31
0.0000
  0
LINE
  8
21
 10
1.2795
 20
94.6957
 30
0.0000
 11
1.6535
 21
94.6957
 31
0.0000
  0
ARC
  8
21
 10
1.6535
 20
94.4714
 30
0.0000
 40
0.2244
 50
0.0000
 51
90.0000
  0
LINE
  8
21
 10
1.8778
 20
94.4714
 30
0.0000
 11
1.8778
 21
94.0226
 31
0.0000
  0
ARC
  8
21
 10
1.6535
 20
94.0226
 30
0.0000
 40
0.2244
 50
270.0008
 51
0.0000
  0
LINE
  8
21
 10
1.6535
 20
93.7983
 30
0.0000
 11
1.2795
 21
93.7983
 31
0.0000
  0
LINE
  8
21
 10
2.4691
 20
95.1445
 30
0.0000
 11
2.4691
 21
94.0226
 31
0.0000
  0
ARC
  8
21
 10
2.6935
 20
94.0226
 30
0.0000
 40
0.2244
 50
180.0000
 51
270.0000
  0
LINE
  8
21
 10
3.7770
 20
94.3218
 30
0.0000
 11
3.4405
 21
94.3218
 31
0.0000
  0
ARC
  8
21
 10
3.4405
 20
94.0600
 30
0.0000
 40
0.2618
 50
90.0000
 51
270.0000
  0
LINE
  8
21
 10
3.4405
 20
93.7983
 30
0.0000
 11
3.7770
 21
93.7983
 31
0.0000
  0
LINE
  8
21
 10
3.7770
 20
93.7983
 30
0.0000
 11
3.7770
 21
94.4714
 31
0.0000
  0
ARC
  8
21
 10
3.5527
 20
94.4714
 30
0.0000
 40
0.2244
 50
0.0000
 51
90.0000
  0
LINE
  8
21
 10
3.5527
 20
94.6957
 30
0.0000
 11
3.2535
 21
94.6957
 31
0.0000
  0
LINE
  8
21
 10
4.9448
 20
93.7983
 30
0.0000
 11
4.6456
 21
93.7983
 31
0.0000
  0
ARC
  8
21
 10
4.6456
 20
94.0226
 30
0.0000
 40
0.2244
 50
180.0000
 51
270.0000
  0
LINE
  8
21
 10
4.4212
 20
94.0226
 30
0.0000
 11
4.4212
 21
94.4714
 31
0.0000
  0
ARC
  8
21
 10
4.6456
 20
94.4714
 30
0.0000
 40
0.2244
 50
89.9992
 51
180.0000
  0
LINE
  8
21
 10
4.6456
 20
94.6957
 30
0.0000
 11
4.9448
 21
94.6957
 31
0.0000
  0
LINE
  8
21
 10
6.0670
 20
93.7983
 30
0.0000
 11
5.6931
 21
93.7983
 31
0.0000
  0
ARC
  8
21
 10
5.6931
 20
94.0226
 30
0.0000
 40
0.2244
 50
180.0000
 51
270.0000
  0
LINE
  8
21
 10
5.4687
 20
94.0226
 30
0.0000
 11
5.4687
 21
94.3966
 31
0.0000
  0
ARC
  8
21
 10
5.7679
 20
94.3966
 30
0.0000
 40
0.2992
 50
0.0000
 51
180.0000
  0
LINE
  8
21
 10
6.0670
 20
94.3966
 30
0.0000
 11
6.0670
 21
94.2470
 31
0.0000
  0
LINE
  8
21
 10
6.0670
 20
94.2470
 30
0.0000
 11
5.4687
 21
94.2470
 31
0.0000
  0
LINE
  8
21
 10
6.7336
 20
93.7983
 30
0.0000
 11
6.7336
 21
94.6957
 31
0.0000
  0
LINE
  8
21
 10
6.7336
 20
94.6957
 30
0.0000
 11
7.4067
 21
94.6957
 31
0.0000
  0
ARC
  8
21
 10
7.4067
 20
94.4714
 30
0.0000
 40
0.2244
 50
0.0000
 51
90.0000
  0
LINE
  8
21
 10
7.6311
 20
94.4714
 30
0.0000
 11
7.6311
 21
93.7983
 31
0.0000
  0
LINE
  8
21
 10
7.1824
 20
93.7983
 30
0.0000
 11
7.1824
 21
94.6957
 31
0.0000
  0
LINE
  8
21
 10
8.8960
 20
93.7983
 30
0.0000
 11
8.5221
 21
93.7983
 31
0.0000
  0
ARC
  8
21
 10
8.5221
 20
94.0226
 30
0.0000
 40
0.2244
 50
180.0000
 51
270.0000
  0
LINE
  8
21
 10
8.2977
 20
94.0226
 30
0.0000
 11
8.2977
 21
94.3966
 31
0.0000
  0
ARC
  8
21
 10
8.5969
 20
94.3966
 30
0.0000
 40
0.2992
 50
0.0000
 51
180.0000
  0
LINE
  8
21
 10
8.8960
 20
94.3966
 30
0.0000
 11
8.8960
 21
94.2470
 31
0.0000
  0
LINE
  8
21
 10
8.8960
 20
94.2470
 30
0.0000
 11
8.2977
 21
94.2470
 31
0.0000
  0
LINE
  8
21
 10
9.5297
 20
93.7983
 30
0.0000
 11
9.5297
 21
94.6957
 31
0.0000
  0
LINE
  8
21
 10
9.5297
 20
94.6957
 30
0.0000
 11
9.9036
 21
94.6957
 31
0.0000
  0
ARC
  8
21
 10
9.9036
 20
94.4714
 30
0.0000
 40
0.2244
 50
0.0000
 51
90.0000
  0
LINE
  8
21
 10
10.1280
 20
94.4714
 30
0.0000
 11
10.1280
 21
93.7983
 31
0.0000
  0
LINE
  8
21
 10
10.6404
 20
94.6957
 30
0.0000
 11
11.0891
 21
94.6957
 31
0.0000
  0
LINE
  8
21
 10
10.7900
 20
95.1445
 30
0.0000
 11
10.7900
 21
94.0226
 31
0.0000
  0
ARC
  8
21
 10
11.0144
 20
94.0226
 30
0.0000
 40
0.2244
 50
180.0000
 51
270.0000
  0
LINE
  8
21
 10
11.0144
 20
93.7983
 30
0.0000
 11
11.0891
 21
93.7983
 31
0.0000
  0
LINE
  8
21
 10
12.8841
 20
93.7983
 30
0.0000
 11
12.5849
 21
93.7983
 31
0.0000
  0
ARC
  8
21
 10
12.5849
 20
94.0226
 30
0.0000
 40
0.2244
 50
180.0000
 51
270.0000
  0
LINE
  8
21
 10
12.3606
 20
94.0226
 30
0.0000
 11
12.3606
 21
94.4714
 31
0.0000
  0
ARC
  8
21
 10
12.5849
 20
94.4714
 30
0.0000
 40
0.2244
 50
89.9992
 51
180.0000
  0
LINE
  8
21
 10
12.5849
 20
94.6957
 30
0.0000
 11
12.8841
 21
94.6957
 31
0.0000
  0
LINE
  8
21
 10
13.4081
 20
94.0974
 30
0.0000
 11
13.4081
 21
94.3966
 31
0.0000
  0
ARC
  8
21
 10
13.7072
 20
94.3966
 30
0.0000
 40
0.2992
 50
0.0000
 51
180.0000
  0
LINE
  8
21
 10
14.0064
 20
94.3966
 30
0.0000
 11
14.0064
 21
94.0974
 31
0.0000
  0
ARC
  8
21
 10
13.7072
 20
94.0974
 30
0.0000
 40
0.2992
 50
180.0000
 51
0.0000
  0
LINE
  8
21
 10
14.6730
 20
93.7983
 30
0.0000
 11
14.6730
 21
94.6957
 31
0.0000
  0
LINE
  8
21
 10
14.6730
 20
94.6957
 30
0.0000
 11
15.3461
 21
94.6957
 31
0.0000
  0
ARC
  8
21
 10
15.3461
 20
94.4714
 30
0.0000
 40
0.2244
 50
0.0000
 51
90.0000
  0
LINE
  8
21
 10
15.5704
 20
94.4714
 30
0.0000
 11
15.5704
 21
93.7983
 31
0.0000
  0
LINE
  8
21
 10
15.1217
 20
93.7983
 30
0.0000
 11
15.1217
 21
94.6957
 31
0.0000
  0
LINE
  8
21
 10
16.2913
 20
93.3495
 30
0.0000
 11
16.2913
 21
94.6957
 31
0.0000
  0
LINE
  8
21
 10
16.2913
 20
94.6957
 30
0.0000
 11
16.6652
 21
94.6957
 31
0.0000
  0
ARC
  8
21
 10
16.6652
 20
94.4714
 30
0.0000
 40
0.2244
 50
0.0000
 51
90.0000
  0
LINE
  8
21
 10
16.8896
 20
94.4714
 30
0.0000
 11
16.8896
 21
94.0226
 31
0.0000
  0
ARC
  8
21
 10
16.6652
 20
94.0226
 30
0.0000
 40
0.2244
 50
270.0008
 51
0.0000
  0
LINE
  8
21
 10
16.6652
 20
93.7983
 30
0.0000
 11
16.2913
 21
93.7983
 31
0.0000
  0
LINE
  8
21
 10
17.4690
 20
94.0974
 30
0.0000
 11
17.4690
 21
94.3966
 31
0.0000
  0
ARC
  8
21
 10
17.7682
 20
94.3966
 30
0.0000
 40
0.2992
 50
0.0000
 51
180.0000
  0
LINE
  8
21
 10
18.0673
 20
94.3966
 30
0.0000
 11
18.0673
 21
94.0974
 31
0.0000
  0
ARC
  8
21
 10
17.7682
 20
94.0974
 30
0.0000
 40
0.2992
 50
180.0000
 51
0.0000
  0
LINE
  8
21
 10
18.7010
 20
93.7983
 30
0.0000
 11
18.7010
 21
94.6957
 31
0.0000
  0
LINE
  8
21
 10
18.7010
 20
94.6957
 30
0.0000
 11
19.0749
 21
94.6957
 31
0.0000
  0
ARC
  8
21
 10
19.0749
 20
94.4714
 30
0.0000
 40
0.2244
 50
0.0000
 51
90.0000
  0
LINE
  8
21
 10
19.2993
 20
94.4714
 30
0.0000
 11
19.2993
 21
93.7983
 31
0.0000
  0
LINE
  8
21
 10
20.5313
 20
93.7983
 30
0.0000
 11
20.1573
 21
93.7983
 31
0.0000
  0
ARC
  8
21
 10
20.1573
 20
94.0226
 30
0.0000
 40
0.2244
 50
180.0000
 51
270.0000
  0
LINE
  8
21
 10
19.9329
 20
94.0226
 30
0.0000
 11
19.9329
 21
94.3966
 31
0.0000
  0
ARC
  8
21
 10
20.2321
 20
94.3966
 30
0.0000
 40
0.2992
 50
0.0000
 51
180.0000
  0
LINE
  8
21
 10
20.5313
 20
94.3966
 30
0.0000
 11
20.5313
 21
94.2470
 31
0.0000
  0
LINE
  8
21
 10
20.5313
 20
94.2470
 30
0.0000
 11
19.9329
 21
94.2470
 31
0.0000
  0
LINE
  8
21
 10
21.1649
 20
93.7983
 30
0.0000
 11
21.1649
 21
94.6957
 31
0.0000
  0
LINE
  8
21
 10
21.1649
 20
94.6957
 30
0.0000
 11
21.5389
 21
94.6957
 31
0.0000
  0
ARC
  8
21
 10
21.5389
 20
94.4714
 30
0.0000
 40
0.2244
 50
0.0000
 51
90.0000
  0
LINE
  8
21
 10
21.7632
 20
94.4714
 30
0.0000
 11
21.7632
 21
93.7983
 31
0.0000
  0
LINE
  8
21
 10
22.2757
 20
94.6957
 30
0.0000
 11
22.7244
 21
94.6957
 31
0.0000
  0
LINE
  8
21
 10
22.4252
 20
95.1445
 30
0.0000
 11
22.4252
 21
94.0226
 31
0.0000
  0
ARC
  8
21
 10
22.6496
 20
94.0226
 30
0.0000
 40
0.2244
 50
180.0000
 51
270.0000
  0
LINE
  8
21
 10
22.6496
 20
93.7983
 30
0.0000
 11
22.7244
 21
93.7983
 31
0.0000
  0
LINE
  8
21
 10
24.4800
 20
94.1722
 30
0.0000
 11
24.1061
 21
94.3218
 31
0.0000
  0
ARC
  8
21
 10
24.1781
 20
94.5018
 30
0.0000
 40
0.1939
 50
89.1810
 51
248.1986
  0
ARC
  8
21
 10
24.1687
 20
93.8465
 30
0.0000
 40
0.8493
 50
65.7609
 51
89.1810
  0
ARC
  8
21
 10
24.4080
 20
93.9922
 30
0.0000
 40
0.1939
 50
269.1810
 51
68.1986
  0
ARC
  8
21
 10
24.4233
 20
95.0666
 30
0.0000
 40
1.2684
 50
250.2096
 51
269.1810
  0
LINE
  8
21
 10
25.1600
 20
93.7983
 30
0.0000
 11
25.1600
 21
94.6957
 31
0.0000
  0
LINE
  8
21
 10
25.1226
 20
95.0697
 30
0.0000
 11
25.1226
 21
95.1445
 31
0.0000
  0
LINE
  8
21
 10
25.1226
 20
95.1445
 30
0.0000
 11
25.1974
 21
95.1445
 31
0.0000
  0
LINE
  8
21
 10
25.1974
 20
95.1445
 30
0.0000
 11
25.1974
 21
95.0697
 31
0.0000
  0
LINE
  8
21
 10
25.1974
 20
95.0697
 30
0.0000
 11
25.1226
 21
95.0697
 31
0.0000
  0
LINE
  8
21
 10
26.3175
 20
95.1445
 30
0.0000
 11
26.3175
 21
93.7983
 31
0.0000
  0
LINE
  8
21
 10
26.3175
 20
93.7983
 30
0.0000
 11
25.9435
 21
93.7983
 31
0.0000
  0
ARC
  8
21
 10
25.9435
 20
94.0226
 30
0.0000
 40
0.2244
 50
180.0000
 51
270.0000
  0
LINE
  8
21
 10
25.7192
 20
94.0226
 30
0.0000
 11
25.7192
 21
94.4714
 31
0.0000
  0
ARC
  8
21
 10
25.9435
 20
94.4714
 30
0.0000
 40
0.2244
 50
89.9992
 51
180.0000
  0
LINE
  8
21
 10
25.9435
 20
94.6957
 30
0.0000
 11
26.3175
 21
94.6957
 31
0.0000
  0
LINE
  8
21
 10
27.5580
 20
93.7983
 30
0.0000
 11
27.1841
 21
93.7983
 31
0.0000
  0
ARC
  8
21
 10
27.1841
 20
94.0226
 30
0.0000
 40
0.2244
 50
180.0000
 51
270.0000
  0
LINE
  8
21
 10
26.9597
 20
94.0226
 30
0.0000
 11
26.9597
 21
94.3966
 31
0.0000
  0
ARC
  8
21
 10
27.2589
 20
94.3966
 30
0.0000
 40
0.2992
 50
0.0000
 51
180.0000
  0
LINE
  8
21
 10
27.5580
 20
94.3966
 30
0.0000
 11
27.5580
 21
94.2470
 31
0.0000
  0
LINE
  8
21
 10
27.5580
 20
94.2470
 30
0.0000
 11
26.9597
 21
94.2470
 31
0.0000
  0
LINE
  8
48
 10
24.1522
 20
105.8760
 30
0.0000
 11
24.1522
 21
107.3492
 31
0.0000
  0
LINE
  8
48
 10
24.1522
 20
107.3492
 30
0.0000
 11
24.5614
 21
107.3492
 31
0.0000
  0
ARC
  8
48
 10
24.5614
 20
106.9400
 30
0.0000
 40
0.4092
 50
359.9996
 51
90.0000
  0
LINE
  8
48
 10
24.9707
 20
106.9400
 30
0.0000
 11
24.9707
 21
106.2852
 31
0.0000
  0
ARC
  8
48
 10
24.5614
 20
106.2852
 30
0.0000
 40
0.4092
 50
270.0004
 51
360.0000
  0
LINE
  8
48
 10
24.5614
 20
105.8760
 30
0.0000
 11
24.1522
 21
105.8760
 31
0.0000
  0
LINE
  8
48
 10
25.6711
 20
106.2034
 30
0.0000
 11
25.6711
 21
106.5307
 31
0.0000
  0
ARC
  8
48
 10
25.9985
 20
106.5307
 30
0.0000
 40
0.3274
 50
0.0000
 51
180.0000
  0
LINE
  8
48
 10
26.3258
 20
106.5307
 30
0.0000
 11
26.3258
 21
106.2034
 31
0.0000
  0
ARC
  8
48
 10
25.9985
 20
106.2034
 30
0.0000
 40
0.3274
 50
180.0000
 51
0.0000
  0
LINE
  8
48
 10
27.5345
 20
105.8760
 30
0.0000
 11
27.2071
 21
105.8760
 31
0.0000
  0
ARC
  8
48
 10
27.2071
 20
106.1215
 30
0.0000
 40
0.2455
 50
180.0000
 51
270.0000
  0
LINE
  8
48
 10
26.9616
 20
106.1215
 30
0.0000
 11
26.9616
 21
106.6126
 31
0.0000
  0
ARC
  8
48
 10
27.2071
 20
106.6126
 30
0.0000
 40
0.2455
 50
90.0000
 51
180.0000
  0
LINE
  8
48
 10
27.2071
 20
106.8581
 30
0.0000
 11
27.5345
 21
106.8581
 31
0.0000
  0
LINE
  8
48
 10
28.0388
 20
105.8760
 30
0.0000
 11
28.0388
 21
105.9578
 31
0.0000
  0
LINE
  8
48
 10
28.0388
 20
105.9578
 30
0.0000
 11
28.1206
 21
105.9578
 31
0.0000
  0
LINE
  8
48
 10
28.1206
 20
105.9578
 30
0.0000
 11
28.1206
 21
105.8760
 31
0.0000
  0
LINE
  8
48
 10
28.1206
 20
105.8760
 30
0.0000
 11
28.0388
 21
105.8760
 31
0.0000
  0
LINE
  8
48
 10
28.7283
 20
106.4489
 30
0.0000
 11
29.7104
 21
106.4489
 31
0.0000
  0
LINE
  8
48
 10
30.4454
 20
105.8760
 30
0.0000
 11
30.4454
 21
107.3492
 31
0.0000
  0
LINE
  8
48
 10
30.4454
 20
107.3492
 30
0.0000
 11
31.2638
 21
105.8760
 31
0.0000
  0
LINE
  8
48
 10
31.2638
 20
105.8760
 30
0.0000
 11
31.2638
 21
107.3492
 31
0.0000
  0
LINE
  8
48
 10
31.9643
 20
106.2034
 30
0.0000
 11
31.9643
 21
106.5307
 31
0.0000
  0
ARC
  8
48
 10
32.2916
 20
106.5307
 30
0.0000
 40
0.3274
 50
0.0000
 51
180.0000
  0
LINE
  8
48
 10
32.6190
 20
106.5307
 30
0.0000
 11
32.6190
 21
106.2034
 31
0.0000
  0
ARC
  8
48
 10
32.2916
 20
106.2034
 30
0.0000
 40
0.3274
 50
180.0000
 51
0.0000
  0
LINE
  8
48
 10
33.1922
 20
105.8760
 30
0.0000
 11
33.1922
 21
105.9578
 31
0.0000
  0
LINE
  8
48
 10
33.1922
 20
105.9578
 30
0.0000
 11
33.2741
 21
105.9578
 31
0.0000
  0
LINE
  8
48
 10
33.2741
 20
105.9578
 30
0.0000
 11
33.2741
 21
105.8760
 31
0.0000
  0
LINE
  8
48
 10
33.2741
 20
105.8760
 30
0.0000
 11
33.1922
 21
105.8760
 31
0.0000
  0
LINE
  8
48
 10
33.8364
 20
105.9987
 30
0.0000
 11
33.8364
 21
106.0806
 31
0.0000
  0
LINE
  8
48
 10
33.8364
 20
106.0806
 30
0.0000
 11
33.9182
 21
106.0806
 31
0.0000
  0
LINE
  8
48
 10
33.9182
 20
106.0806
 30
0.0000
 11
33.9182
 21
105.9987
 31
0.0000
  0
LINE
  8
48
 10
33.9182
 20
105.9987
 30
0.0000
 11
33.8364
 21
105.9987
 31
0.0000
  0
LINE
  8
48
 10
33.8364
 20
106.6535
 30
0.0000
 11
33.8364
 21
106.7353
 31
0.0000
  0
LINE
  8
48
 10
33.8364
 20
106.7353
 30
0.0000
 11
33.9182
 21
106.7353
 31
0.0000
  0
LINE
  8
48
 10
33.9182
 20
106.7353
 30
0.0000
 11
33.9182
 21
106.6535
 31
0.0000
  0
LINE
  8
48
 10
33.9182
 20
106.6535
 30
0.0000
 11
33.8364
 21
106.6535
 31
0.0000
  0
LINE
  8
48
 10
38.1222
 20
96.3510
 30
0.0000
 11
38.1222
 21
97.8242
 31
0.0000
  0
LINE
  8
48
 10
38.1222
 20
97.8242
 30
0.0000
 11
38.5314
 21
97.8242
 31
0.0000
  0
ARC
  8
48
 10
38.5314
 20
97.4150
 30
0.0000
 40
0.4092
 50
270.0000
 51
90.0000
  0
LINE
  8
48
 10
38.5314
 20
97.0057
 30
0.0000
 11
38.1222
 21
97.0057
 31
0.0000
  0
LINE
  8
48
 10
38.9407
 20
96.3510
 30
0.0000
 11
38.6133
 21
97.0057
 31
0.0000
  0
LINE
  8
48
 10
40.2350
 20
96.3510
 30
0.0000
 11
39.8257
 21
96.3510
 31
0.0000
  0
ARC
  8
48
 10
39.8257
 20
96.5965
 30
0.0000
 40
0.2455
 50
180.0000
 51
270.0000
  0
LINE
  8
48
 10
39.5802
 20
96.5965
 30
0.0000
 11
39.5802
 21
97.0057
 31
0.0000
  0
ARC
  8
48
 10
39.9076
 20
97.0057
 30
0.0000
 40
0.3274
 50
0.0000
 51
180.0000
  0
LINE
  8
48
 10
40.2350
 20
97.0057
 30
0.0000
 11
40.2350
 21
96.8420
 31
0.0000
  0
LINE
  8
48
 10
40.2350
 20
96.8420
 30
0.0000
 11
39.5802
 21
96.8420
 31
0.0000
  0
LINE
  8
48
 10
40.8190
 20
97.3331
 30
0.0000
 11
41.1464
 21
96.3510
 31
0.0000
  0
LINE
  8
48
 10
41.1464
 20
96.3510
 30
0.0000
 11
41.4738
 21
97.3331
 31
0.0000
  0
LINE
  8
48
 10
41.9974
 20
96.3510
 30
0.0000
 11
41.9974
 21
96.4328
 31
0.0000
  0
LINE
  8
48
 10
41.9974
 20
96.4328
 30
0.0000
 11
42.0793
 21
96.4328
 31
0.0000
  0
LINE
  8
48
 10
42.0793
 20
96.4328
 30
0.0000
 11
42.0793
 21
96.3510
 31
0.0000
  0
LINE
  8
48
 10
42.0793
 20
96.3510
 30
0.0000
 11
41.9974
 21
96.3510
 31
0.0000
  0
LINE
  8
48
 10
42.6416
 20
96.4737
 30
0.0000
 11
42.6416
 21
96.5556
 31
0.0000
  0
LINE
  8
48
 10
42.6416
 20
96.5556
 30
0.0000
 11
42.7234
 21
96.5556
 31
0.0000
  0
LINE
  8
48
 10
42.7234
 20
96.5556
 30
0.0000
 11
42.7234
 21
96.4737
 31
0.0000
  0
LINE
  8
48
 10
42.7234
 20
96.4737
 30
0.0000
 11
42.6416
 21
96.4737
 31
0.0000
  0
LINE
  8
48
 10
42.6416
 20
97.1285
 30
0.0000
 11
42.6416
 21
97.2103
 31
0.0000
  0
LINE
  8
48
 10
42.6416
 20
97.2103
 30
0.0000
 11
42.7234
 21
97.2103
 31
0.0000
  0
LINE
  8
48
 10
42.7234
 20
97.2103
 30
0.0000
 11
42.7234
 21
97.1285
 31
0.0000
  0
LINE
  8
48
 10
42.7234
 20
97.1285
 30
0.0000
 11
42.6416
 21
97.1285
 31
0.0000
  0
LINE
  8
48
 10
38.7770
 20
102.7010
 30
0.0000
 11
38.4496
 21
102.7010
 31
0.0000
  0
ARC
  8
48
 10
38.4496
 20
103.0284
 30
0.0000
 40
0.3274
 50
180.0000
 51
270.0000
  0
LINE
  8
48
 10
38.1222
 20
103.0284
 30
0.0000
 11
38.1222
 21
103.8468
 31
0.0000
  0
ARC
  8
48
 10
38.4496
 20
103.8468
 30
0.0000
 40
0.3274
 50
90.0005
 51
180.0000
  0
LINE
  8
48
 10
38.4496
 20
104.1742
 30
0.0000
 11
38.7770
 21
104.1742
 31
0.0000
  0
LINE
  8
48
 10
39.3983
 20
103.6831
 30
0.0000
 11
39.3983
 21
102.9465
 31
0.0000
  0
ARC
  8
48
 10
39.6438
 20
102.9465
 30
0.0000
 40
0.2455
 50
180.0000
 51
270.0000
  0
LINE
  8
48
 10
39.6438
 20
102.7010
 30
0.0000
 11
40.0531
 21
102.7010
 31
0.0000
  0
LINE
  8
48
 10
40.0531
 20
102.7010
 30
0.0000
 11
40.0531
 21
103.6831
 31
0.0000
  0
LINE
  8
48
 10
40.7707
 20
103.2739
 30
0.0000
 11
41.7529
 21
103.2739
 31
0.0000
  0
LINE
  8
48
 10
42.4914
 20
104.1742
 30
0.0000
 11
42.4914
 21
102.7010
 31
0.0000
  0
LINE
  8
48
 10
42.4914
 20
102.7010
 30
0.0000
 11
43.1462
 21
102.7010
 31
0.0000
  0
LINE
  8
48
 10
44.3551
 20
103.2739
 30
0.0000
 11
43.9868
 21
103.2739
 31
0.0000
  0
ARC
  8
48
 10
43.9868
 20
102.9874
 30
0.0000
 40
0.2865
 50
90.0000
 51
270.0000
  0
LINE
  8
48
 10
43.9868
 20
102.7010
 30
0.0000
 11
44.3551
 21
102.7010
 31
0.0000
  0
LINE
  8
48
 10
44.3551
 20
102.7010
 30
0.0000
 11
44.3551
 21
103.4376
 31
0.0000
  0
ARC
  8
48
 10
44.1095
 20
103.4376
 30
0.0000
 40
0.2455
 50
0.0000
 51
90.0000
  0
LINE
  8
48
 10
44.1095
 20
103.6831
 30
0.0000
 11
43.7822
 21
103.6831
 31
0.0000
  0
LINE
  8
48
 10
44.9977
 20
102.2099
 30
0.0000
 11
45.1614
 21
102.2099
 31
0.0000
  0
LINE
  8
48
 10
45.1614
 20
102.2099
 30
0.0000
 11
45.6525
 21
103.6831
 31
0.0000
  0
LINE
  8
48
 10
44.9977
 20
103.6831
 30
0.0000
 11
45.3251
 21
102.7010
 31
0.0000
  0
LINE
  8
48
 10
46.8913
 20
102.7010
 30
0.0000
 11
46.4821
 21
102.7010
 31
0.0000
  0
ARC
  8
48
 10
46.4821
 20
102.9465
 30
0.0000
 40
0.2455
 50
180.0000
 51
270.0000
  0
LINE
  8
48
 10
46.2366
 20
102.9465
 30
0.0000
 11
46.2366
 21
103.3557
 31
0.0000
  0
ARC
  8
48
 10
46.5639
 20
103.3557
 30
0.0000
 40
0.3274
 50
0.0000
 51
180.0000
  0
LINE
  8
48
 10
46.8913
 20
103.3557
 30
0.0000
 11
46.8913
 21
103.1920
 31
0.0000
  0
LINE
  8
48
 10
46.8913
 20
103.1920
 30
0.0000
 11
46.2366
 21
103.1920
 31
0.0000
  0
LINE
  8
48
 10
47.5849
 20
102.7010
 30
0.0000
 11
47.5849
 21
103.6831
 31
0.0000
  0
LINE
  8
48
 10
47.5849
 20
103.6831
 30
0.0000
 11
48.0759
 21
103.6831
 31
0.0000
  0
LINE
  8
48
 10
48.0759
 20
103.6831
 30
0.0000
 11
48.0759
 21
103.5194
 31
0.0000
  0
LINE
  8
48
 10
49.0975
 20
103.1102
 30
0.0000
 11
48.6883
 21
103.2739
 31
0.0000
  0
ARC
  8
48
 10
48.7671
 20
103.4709
 30
0.0000
 40
0.2122
 50
89.1816
 51
248.1986
  0
ARC
  8
48
 10
48.7569
 20
102.7538
 30
0.0000
 40
0.9294
 50
65.7610
 51
89.1816
  0
ARC
  8
48
 10
49.0187
 20
102.9132
 30
0.0000
 40
0.2122
 50
269.1816
 51
68.1989
  0
ARC
  8
48
 10
49.0355
 20
104.0889
 30
0.0000
 40
1.3880
 50
250.2089
 51
269.1815
  0
LINE
  8
48
 10
49.8430
 20
102.8237
 30
0.0000
 11
49.8430
 21
102.9056
 31
0.0000
  0
LINE
  8
48
 10
49.8430
 20
102.9056
 30
0.0000
 11
49.9249
 21
102.9056
 31
0.0000
  0
LINE
  8
48
 10
49.9249
 20
102.9056
 30
0.0000
 11
49.9249
 21
102.8237
 31
0.0000
  0
LINE
  8
48
 10
49.9249
 20
102.8237
 30
0.0000
 11
49.8430
 21
102.8237
 31
0.0000
  0
LINE
  8
48
 10
49.8430
 20
103.4785
 30
0.0000
 11
49.8430
 21
103.5603
 31
0.0000
  0
LINE
  8
48
 10
49.8430
 20
103.5603
 30
0.0000
 11
49.9249
 21
103.5603
 31
0.0000
  0
LINE
  8
48
 10
49.9249
 20
103.5603
 30
0.0000
 11
49.9249
 21
103.4785
 31
0.0000
  0
LINE
  8
48
 10
49.9249
 20
103.4785
 30
0.0000
 11
49.8430
 21
103.4785
 31
0.0000
  0
LINE
  8
48
 10
24.8070
 20
102.7010
 30
0.0000
 11
24.4796
 21
102.7010
 31
0.0000
  0
ARC
  8
48
 10
24.4796
 20
103.0284
 30
0.0000
 40
0.3274
 50
180.0000
 51
270.0000
  0
LINE
  8
48
 10
24.1522
 20
103.0284
 30
0.0000
 11
24.1522
 21
103.8468
 31
0.0000
  0
ARC
  8
48
 10
24.4796
 20
103.8468
 30
0.0000
 40
0.3274
 50
90.0005
 51
180.0000
  0
LINE
  8
48
 10
24.4796
 20
104.1742
 30
0.0000
 11
24.8070
 21
104.1742
 31
0.0000
  0
LINE
  8
48
 10
25.4283
 20
103.6831
 30
0.0000
 11
25.4283
 21
102.9465
 31
0.0000
  0
ARC
  8
48
 10
25.6738
 20
102.9465
 30
0.0000
 40
0.2455
 50
180.0000
 51
270.0000
  0
LINE
  8
48
 10
25.6738
 20
102.7010
 30
0.0000
 11
26.0831
 21
102.7010
 31
0.0000
  0
LINE
  8
48
 10
26.0831
 20
102.7010
 30
0.0000
 11
26.0831
 21
103.6831
 31
0.0000
  0
LINE
  8
48
 10
26.7554
 20
102.8237
 30
0.0000
 11
26.7554
 21
102.9056
 31
0.0000
  0
LINE
  8
48
 10
26.7554
 20
102.9056
 30
0.0000
 11
26.8372
 21
102.9056
 31
0.0000
  0
LINE
  8
48
 10
26.8372
 20
102.9056
 30
0.0000
 11
26.8372
 21
102.8237
 31
0.0000
  0
LINE
  8
48
 10
26.8372
 20
102.8237
 30
0.0000
 11
26.7554
 21
102.8237
 31
0.0000
  0
LINE
  8
48
 10
26.7554
 20
103.4785
 30
0.0000
 11
26.7554
 21
103.5603
 31
0.0000
  0
LINE
  8
48
 10
26.7554
 20
103.5603
 30
0.0000
 11
26.8372
 21
103.5603
 31
0.0000
  0
LINE
  8
48
 10
26.8372
 20
103.5603
 30
0.0000
 11
26.8372
 21
103.4785
 31
0.0000
  0
LINE
  8
48
 10
26.8372
 20
103.4785
 30
0.0000
 11
26.7554
 21
103.4785
 31
0.0000
  0
LINE
  8
48
 10
1.2922
 20
99.5260
 30
0.0000
 11
1.2922
 21
100.9992
 31
0.0000
  0
LINE
  8
48
 10
1.2922
 20
100.9992
 30
0.0000
 11
1.7014
 21
100.9992
 31
0.0000
  0
ARC
  8
48
 10
1.7014
 20
100.5900
 30
0.0000
 40
0.4092
 50
270.0000
 51
90.0000
  0
LINE
  8
48
 10
1.7014
 20
100.1807
 30
0.0000
 11
1.2922
 21
100.1807
 31
0.0000
  0
LINE
  8
48
 10
3.4111
 20
99.5260
 30
0.0000
 11
2.7563
 21
99.5260
 31
0.0000
  0
LINE
  8
48
 10
2.7563
 20
99.5260
 30
0.0000
 11
2.7563
 21
100.9992
 31
0.0000
  0
LINE
  8
48
 10
2.7563
 20
100.9992
 30
0.0000
 11
3.4111
 21
100.9992
 31
0.0000
  0
LINE
  8
48
 10
2.7563
 20
100.3444
 30
0.0000
 11
3.2474
 21
100.3444
 31
0.0000
  0
LINE
  8
48
 10
4.3017
 20
99.5260
 30
0.0000
 11
4.3017
 21
100.9992
 31
0.0000
  0
LINE
  8
48
 10
3.8924
 20
100.9992
 30
0.0000
 11
4.7109
 21
100.9992
 31
0.0000
  0
LINE
  8
48
 10
5.2131
 20
99.3623
 30
0.0000
 11
5.8678
 21
99.3623
 31
0.0000
  0
LINE
  8
48
 10
6.9839
 20
99.9352
 30
0.0000
 11
6.5747
 21
100.0989
 31
0.0000
  0
ARC
  8
48
 10
6.6535
 20
100.2959
 30
0.0000
 40
0.2122
 50
89.1816
 51
248.1986
  0
ARC
  8
48
 10
6.6432
 20
99.5788
 30
0.0000
 40
0.9294
 50
65.7610
 51
89.1816
  0
ARC
  8
48
 10
6.9051
 20
99.7382
 30
0.0000
 40
0.2122
 50
269.1816
 51
68.1989
  0
ARC
  8
48
 10
6.9219
 20
100.9139
 30
0.0000
 40
1.3880
 50
250.2089
 51
269.1815
  0
LINE
  8
48
 10
7.7898
 20
99.5260
 30
0.0000
 11
7.7898
 21
100.5081
 31
0.0000
  0
LINE
  8
48
 10
7.7898
 20
100.5081
 30
0.0000
 11
8.1990
 21
100.5081
 31
0.0000
  0
ARC
  8
48
 10
8.1990
 20
100.2626
 30
0.0000
 40
0.2455
 50
0.0000
 51
90.0000
  0
LINE
  8
48
 10
8.4446
 20
100.2626
 30
0.0000
 11
8.4446
 21
99.5260
 31
0.0000
  0
LINE
  8
48
 10
9.7825
 20
99.5260
 30
0.0000
 11
9.3733
 21
99.5260
 31
0.0000
  0
ARC
  8
48
 10
9.3733
 20
99.7715
 30
0.0000
 40
0.2455
 50
180.0000
 51
270.0000
  0
LINE
  8
48
 10
9.1277
 20
99.7715
 30
0.0000
 11
9.1277
 21
100.1807
 31
0.0000
  0
ARC
  8
48
 10
9.4551
 20
100.1807
 30
0.0000
 40
0.3274
 50
0.0000
 51
180.0000
  0
LINE
  8
48
 10
9.7825
 20
100.1807
 30
0.0000
 11
9.7825
 21
100.0170
 31
0.0000
  0
LINE
  8
48
 10
9.7825
 20
100.0170
 30
0.0000
 11
9.1277
 21
100.0170
 31
0.0000
  0
LINE
  8
48
 10
10.9481
 20
99.9352
 30
0.0000
 11
10.5389
 21
100.0989
 31
0.0000
  0
ARC
  8
48
 10
10.6177
 20
100.2959
 30
0.0000
 40
0.2122
 50
89.1816
 51
248.1986
  0
ARC
  8
48
 10
10.6074
 20
99.5788
 30
0.0000
 40
0.9294
 50
65.7610
 51
89.1816
  0
ARC
  8
48
 10
10.8693
 20
99.7382
 30
0.0000
 40
0.2122
 50
269.1816
 51
68.1989
  0
ARC
  8
48
 10
10.8861
 20
100.9139
 30
0.0000
 40
1.3880
 50
250.2089
 51
269.1815
  0
LINE
  8
48
 10
11.6549
 20
99.3623
 30
0.0000
 11
12.3097
 21
99.3623
 31
0.0000
  0
LINE
  8
48
 10
13.5394
 20
99.5260
 30
0.0000
 11
13.1302
 21
99.5260
 31
0.0000
  0
ARC
  8
48
 10
13.1302
 20
99.7715
 30
0.0000
 40
0.2455
 50
180.0000
 51
270.0000
  0
LINE
  8
48
 10
12.8847
 20
99.7715
 30
0.0000
 11
12.8847
 21
100.2626
 31
0.0000
  0
ARC
  8
48
 10
13.1302
 20
100.2626
 30
0.0000
 40
0.2455
 50
90.0000
 51
180.0000
  0
LINE
  8
48
 10
13.1302
 20
100.5081
 30
0.0000
 11
13.5394
 21
100.5081
 31
0.0000
  0
LINE
  8
48
 10
13.5394
 20
100.5081
 30
0.0000
 11
13.5394
 21
99.2804
 31
0.0000
  0
ARC
  8
48
 10
13.2939
 20
99.2804
 30
0.0000
 40
0.2455
 50
270.0015
 51
0.0000
  0
LINE
  8
48
 10
13.2939
 20
99.0349
 30
0.0000
 11
12.9665
 21
99.0349
 31
0.0000
  0
LINE
  8
48
 10
14.8774
 20
100.0989
 30
0.0000
 11
14.5091
 21
100.0989
 31
0.0000
  0
ARC
  8
48
 10
14.5091
 20
99.8124
 30
0.0000
 40
0.2865
 50
90.0000
 51
270.0000
  0
LINE
  8
48
 10
14.5091
 20
99.5260
 30
0.0000
 11
14.8774
 21
99.5260
 31
0.0000
  0
LINE
  8
48
 10
14.8774
 20
99.5260
 30
0.0000
 11
14.8774
 21
100.2626
 31
0.0000
  0
ARC
  8
48
 10
14.6318
 20
100.2626
 30
0.0000
 40
0.2455
 50
0.0000
 51
90.0000
  0
LINE
  8
48
 10
14.6318
 20
100.5081
 30
0.0000
 11
14.3045
 21
100.5081
 31
0.0000
  0
LINE
  8
48
 10
15.6537
 20
99.5260
 30
0.0000
 11
15.6537
 21
100.5081
 31
0.0000
  0
LINE
  8
48
 10
15.6537
 20
100.5081
 30
0.0000
 11
16.3903
 21
100.5081
 31
0.0000
  0
ARC
  8
48
 10
16.3903
 20
100.2626
 30
0.0000
 40
0.2455
 50
0.0000
 51
90.0000
  0
LINE
  8
48
 10
16.6358
 20
100.2626
 30
0.0000
 11
16.6358
 21
99.5260
 31
0.0000
  0
LINE
  8
48
 10
16.1447
 20
99.5260
 30
0.0000
 11
16.1447
 21
100.5081
 31
0.0000
  0
LINE
  8
48
 10
18.0082
 20
99.5260
 30
0.0000
 11
17.5990
 21
99.5260
 31
0.0000
  0
ARC
  8
48
 10
17.5990
 20
99.7715
 30
0.0000
 40
0.2455
 50
180.0000
 51
270.0000
  0
LINE
  8
48
 10
17.3535
 20
99.7715
 30
0.0000
 11
17.3535
 21
100.1807
 31
0.0000
  0
ARC
  8
48
 10
17.6809
 20
100.1807
 30
0.0000
 40
0.3274
 50
0.0000
 51
180.0000
  0
LINE
  8
48
 10
18.0082
 20
100.1807
 30
0.0000
 11
18.0082
 21
100.0170
 31
0.0000
  0
LINE
  8
48
 10
18.0082
 20
100.0170
 30
0.0000
 11
17.3535
 21
100.0170
 31
0.0000
  0
LINE
  8
48
 10
18.7005
 20
99.0349
 30
0.0000
 11
18.7005
 21
100.5081
 31
0.0000
  0
LINE
  8
48
 10
18.7005
 20
100.5081
 30
0.0000
 11
19.1097
 21
100.5081
 31
0.0000
  0
ARC
  8
48
 10
19.1097
 20
100.2626
 30
0.0000
 40
0.2455
 50
0.0000
 51
90.0000
  0
LINE
  8
48
 10
19.3552
 20
100.2626
 30
0.0000
 11
19.3552
 21
99.7715
 31
0.0000
  0
ARC
  8
48
 10
19.1097
 20
99.7715
 30
0.0000
 40
0.2455
 50
270.0000
 51
0.0000
  0
LINE
  8
48
 10
19.1097
 20
99.5260
 30
0.0000
 11
18.7005
 21
99.5260
 31
0.0000
  0
LINE
  8
48
 10
20.6255
 20
100.0989
 30
0.0000
 11
20.2572
 21
100.0989
 31
0.0000
  0
ARC
  8
48
 10
20.2572
 20
99.8124
 30
0.0000
 40
0.2865
 50
90.0000
 51
270.0000
  0
LINE
  8
48
 10
20.2572
 20
99.5260
 30
0.0000
 11
20.6255
 21
99.5260
 31
0.0000
  0
LINE
  8
48
 10
20.6255
 20
99.5260
 30
0.0000
 11
20.6255
 21
100.2626
 31
0.0000
  0
ARC
  8
48
 10
20.3799
 20
100.2626
 30
0.0000
 40
0.2455
 50
0.0000
 51
90.0000
  0
LINE
  8
48
 10
20.3799
 20
100.5081
 30
0.0000
 11
20.0526
 21
100.5081
 31
0.0000
  0
LINE
  8
48
 10
21.9634
 20
100.9992
 30
0.0000
 11
21.9634
 21
99.5260
 31
0.0000
  0
LINE
  8
48
 10
21.9634
 20
99.5260
 30
0.0000
 11
21.5542
 21
99.5260
 31
0.0000
  0
ARC
  8
48
 10
21.5542
 20
99.7715
 30
0.0000
 40
0.2455
 50
180.0000
 51
270.0000
  0
LINE
  8
48
 10
21.3086
 20
99.7715
 30
0.0000
 11
21.3086
 21
100.2626
 31
0.0000
  0
ARC
  8
48
 10
21.5542
 20
100.2626
 30
0.0000
 40
0.2455
 50
90.0000
 51
180.0000
  0
LINE
  8
48
 10
21.5542
 20
100.5081
 30
0.0000
 11
21.9634
 21
100.5081
 31
0.0000
  0
ARC
  8
48
 10
2.5063
 20
97.0876
 30
0.0000
 40
1.2140
 50
154.0109
 51
180.0000
  0
ARC
  8
48
 10
1.7014
 20
97.5213
 30
0.0000
 40
0.3028
 50
90.0000
 51
161.0756
  0
ARC
  8
48
 10
1.7014
 20
97.5214
 30
0.0000
 40
0.3028
 50
18.9237
 51
90.0001
  0
ARC
  8
48
 10
0.8967
 20
97.0876
 30
0.0000
 40
1.2140
 50
360.0000
 51
25.9897
  0
ARC
  8
48
 10
2.5063
 20
97.0876
 30
0.0000
 40
1.2140
 50
180.0000
 51
205.9889
  0
ARC
  8
48
 10
1.7014
 20
96.6538
 30
0.0000
 40
0.3028
 50
198.9251
 51
270.0001
  0
ARC
  8
48
 10
0.8966
 20
97.0876
 30
0.0000
 40
1.2140
 50
334.0105
 51
359.9999
  0
ARC
  8
48
 10
1.7014
 20
96.6538
 30
0.0000
 40
0.3028
 50
270.0000
 51
341.0759
  0
LINE
  8
48
 10
1.3741
 20
96.6784
 30
0.0000
 11
2.0288
 21
97.4968
 31
0.0000
  0
LINE
  8
48
 10
3.5972
 20
97.0057
 30
0.0000
 11
3.1062
 21
97.0057
 31
0.0000
  0
ARC
  8
48
 10
3.1062
 20
97.3331
 30
0.0000
 40
0.3274
 50
179.9995
 51
270.0000
  0
LINE
  8
48
 10
2.7788
 20
97.3331
 30
0.0000
 11
2.7788
 21
97.4150
 31
0.0000
  0
ARC
  8
48
 10
3.1880
 20
97.4150
 30
0.0000
 40
0.4092
 50
0.0000
 51
180.0000
  0
LINE
  8
48
 10
3.5972
 20
97.4150
 30
0.0000
 11
3.5972
 21
97.0057
 31
0.0000
  0
ARC
  8
48
 10
2.9425
 20
97.0057
 30
0.0000
 40
0.6548
 50
269.9997
 51
360.0000
  0
LINE
  8
48
 10
4.1877
 20
96.3510
 30
0.0000
 11
4.1877
 21
96.4328
 31
0.0000
  0
LINE
  8
48
 10
4.1877
 20
96.4328
 30
0.0000
 11
4.2695
 21
96.4328
 31
0.0000
  0
LINE
  8
48
 10
4.2695
 20
96.4328
 30
0.0000
 11
4.2695
 21
96.3510
 31
0.0000
  0
LINE
  8
48
 10
4.2695
 20
96.3510
 30
0.0000
 11
4.1877
 21
96.3510
 31
0.0000
  0
ARC
  8
48
 10
6.0740
 20
97.0876
 30
0.0000
 40
1.2140
 50
154.0109
 51
180.0000
  0
ARC
  8
48
 10
5.2692
 20
97.5213
 30
0.0000
 40
0.3028
 50
90.0000
 51
161.0756
  0
ARC
  8
48
 10
5.2692
 20
97.5214
 30
0.0000
 40
0.3028
 50
18.9237
 51
90.0001
  0
ARC
  8
48
 10
4.4644
 20
97.0876
 30
0.0000
 40
1.2140
 50
360.0000
 51
25.9897
  0
ARC
  8
48
 10
6.0740
 20
97.0876
 30
0.0000
 40
1.2140
 50
180.0000
 51
205.9889
  0
ARC
  8
48
 10
5.2692
 20
96.6538
 30
0.0000
 40
0.3028
 50
198.9251
 51
270.0001
  0
ARC
  8
48
 10
4.4644
 20
97.0876
 30
0.0000
 40
1.2140
 50
334.0105
 51
359.9999
  0
ARC
  8
48
 10
5.2692
 20
96.6538
 30
0.0000
 40
0.3028
 50
270.0000
 51
341.0759
  0
LINE
  8
48
 10
4.9418
 20
96.6784
 30
0.0000
 11
5.5966
 21
97.4968
 31
0.0000
  0
LINE
  8
48
 10
6.3466
 20
97.4968
 30
0.0000
 11
6.7558
 21
97.8242
 31
0.0000
  0
LINE
  8
48
 10
6.7558
 20
97.8242
 30
0.0000
 11
6.7558
 21
96.3510
 31
0.0000
  0
LINE
  8
48
 10
6.3466
 20
96.3510
 30
0.0000
 11
7.1650
 21
96.3510
 31
0.0000
  0
LINE
  8
48
 10
7.7555
 20
96.3510
 30
0.0000
 11
7.7555
 21
96.4328
 31
0.0000
  0
LINE
  8
48
 10
7.7555
 20
96.4328
 30
0.0000
 11
7.8373
 21
96.4328
 31
0.0000
  0
LINE
  8
48
 10
7.8373
 20
96.4328
 30
0.0000
 11
7.8373
 21
96.3510
 31
0.0000
  0
LINE
  8
48
 10
7.8373
 20
96.3510
 30
0.0000
 11
7.7555
 21
96.3510
 31
0.0000
  0
ARC
  8
48
 10
8.8779
 20
97.4559
 30
0.0000
 40
0.3683
 50
0.0000
 51
90.0000
  0
ARC
  8
48
 10
8.8779
 20
97.3510
 30
0.0000
 40
0.4732
 50
90.0000
 51
162.0549
  0
ARC
  8
48
 10
8.8506
 20
97.4559
 30
0.0000
 40
0.3956
 50
313.6022
 51
0.0000
  0
LINE
  8
48
 10
9.1235
 20
97.1694
 30
0.0000
 11
8.4278
 21
96.3510
 31
0.0000
  0
LINE
  8
48
 10
8.4278
 20
96.3510
 30
0.0000
 11
9.2462
 21
96.3510
 31
0.0000
  0
ARC
  8
48
 10
11.1284
 20
97.0876
 30
0.0000
 40
1.2140
 50
154.0109
 51
180.0000
  0
ARC
  8
48
 10
10.3236
 20
97.5213
 30
0.0000
 40
0.3028
 50
90.0000
 51
161.0756
  0
ARC
  8
48
 10
10.3236
 20
97.5214
 30
0.0000
 40
0.3028
 50
18.9237
 51
90.0001
  0
ARC
  8
48
 10
9.5188
 20
97.0876
 30
0.0000
 40
1.2140
 50
360.0000
 51
25.9897
  0
ARC
  8
48
 10
11.1284
 20
97.0876
 30
0.0000
 40
1.2140
 50
180.0000
 51
205.9889
  0
ARC
  8
48
 10
10.3236
 20
96.6538
 30
0.0000
 40
0.3028
 50
198.9251
 51
270.0001
  0
ARC
  8
48
 10
9.5188
 20
97.0876
 30
0.0000
 40
1.2140
 50
334.0105
 51
359.9999
  0
ARC
  8
48
 10
10.3236
 20
96.6538
 30
0.0000
 40
0.3028
 50
270.0000
 51
341.0759
  0
LINE
  8
48
 10
9.9962
 20
96.6784
 30
0.0000
 11
10.6509
 21
97.4968
 31
0.0000
  0
ARC
  8
48
 10
11.8511
 20
97.4559
 30
0.0000
 40
0.3683
 50
0.0000
 51
90.0000
  0
ARC
  8
48
 10
11.8511
 20
97.3510
 30
0.0000
 40
0.4732
 50
90.0000
 51
162.0549
  0
ARC
  8
48
 10
11.8238
 20
97.4559
 30
0.0000
 40
0.3956
 50
313.6022
 51
0.0000
  0
LINE
  8
48
 10
12.0966
 20
97.1694
 30
0.0000
 11
11.4009
 21
96.3510
 31
0.0000
  0
LINE
  8
48
 10
11.4009
 20
96.3510
 30
0.0000
 11
12.2194
 21
96.3510
 31
0.0000
  0
LINE
  8
48
 10
12.8875
 20
96.3510
 30
0.0000
 11
13.3786
 21
96.3510
 31
0.0000
  0
ARC
  8
48
 10
13.3786
 20
96.6784
 30
0.0000
 40
0.3274
 50
270.0000
 51
359.9995
  0
LINE
  8
48
 10
13.7059
 20
96.6784
 30
0.0000
 11
13.7059
 21
96.8420
 31
0.0000
  0
ARC
  8
48
 10
13.3786
 20
96.8420
 30
0.0000
 40
0.3274
 50
0.0000
 51
90.0000
  0
LINE
  8
48
 10
13.3786
 20
97.1694
 30
0.0000
 11
12.8875
 21
97.1694
 31
0.0000
  0
LINE
  8
48
 10
12.8875
 20
97.1694
 30
0.0000
 11
12.8875
 21
97.8242
 31
0.0000
  0
LINE
  8
48
 10
12.8875
 20
97.8242
 30
0.0000
 11
13.7059
 21
97.8242
 31
0.0000
  0
ARC
  8
48
 10
15.6171
 20
97.4559
 30
0.0000
 40
0.3683
 50
0.0000
 51
90.0000
  0
ARC
  8
48
 10
15.6171
 20
97.3510
 30
0.0000
 40
0.4732
 50
90.0000
 51
162.0549
  0
ARC
  8
48
 10
15.5898
 20
97.4559
 30
0.0000
 40
0.3956
 50
313.6022
 51
0.0000
  0
LINE
  8
48
 10
15.8626
 20
97.1694
 30
0.0000
 11
15.1669
 21
96.3510
 31
0.0000
  0
LINE
  8
48
 10
15.1669
 20
96.3510
 30
0.0000
 11
15.9854
 21
96.3510
 31
0.0000
  0
ARC
  8
48
 10
17.1036
 20
97.4559
 30
0.0000
 40
0.3683
 50
0.0000
 51
90.0000
  0
ARC
  8
48
 10
17.1036
 20
97.3510
 30
0.0000
 40
0.4732
 50
90.0000
 51
162.0549
  0
ARC
  8
48
 10
17.0764
 20
97.4559
 30
0.0000
 40
0.3956
 50
313.6022
 51
0.0000
  0
LINE
  8
48
 10
17.3492
 20
97.1694
 30
0.0000
 11
16.6535
 21
96.3510
 31
0.0000
  0
LINE
  8
48
 10
16.6535
 20
96.3510
 30
0.0000
 11
17.4719
 21
96.3510
 31
0.0000
  0
LINE
  8
48
 10
18.1119
 20
96.4737
 30
0.0000
 11
18.1119
 21
96.5556
 31
0.0000
  0
LINE
  8
48
 10
18.1119
 20
96.5556
 30
0.0000
 11
18.1938
 21
96.5556
 31
0.0000
  0
LINE
  8
48
 10
18.1938
 20
96.5556
 30
0.0000
 11
18.1938
 21
96.4737
 31
0.0000
  0
LINE
  8
48
 10
18.1938
 20
96.4737
 30
0.0000
 11
18.1119
 21
96.4737
 31
0.0000
  0
LINE
  8
48
 10
18.1119
 20
97.1285
 30
0.0000
 11
18.1119
 21
97.2103
 31
0.0000
  0
LINE
  8
48
 10
18.1119
 20
97.2103
 30
0.0000
 11
18.1938
 21
97.2103
 31
0.0000
  0
LINE
  8
48
 10
18.1938
 20
97.2103
 30
0.0000
 11
18.1938
 21
97.1285
 31
0.0000
  0
LINE
  8
48
 10
18.1938
 20
97.1285
 30
0.0000
 11
18.1119
 21
97.1285
 31
0.0000
  0
ARC
  8
48
 10
19.2839
 20
97.4559
 30
0.0000
 40
0.3683
 50
0.0000
 51
90.0000
  0
ARC
  8
48
 10
19.2839
 20
97.3510
 30
0.0000
 40
0.4732
 50
90.0000
 51
162.0549
  0
ARC
  8
48
 10
19.2567
 20
97.4559
 30
0.0000
 40
0.3956
 50
313.6022
 51
0.0000
  0
LINE
  8
48
 10
19.5295
 20
97.1694
 30
0.0000
 11
18.8338
 21
96.3510
 31
0.0000
  0
LINE
  8
48
 10
18.8338
 20
96.3510
 30
0.0000
 11
19.6522
 21
96.3510
 31
0.0000
  0
LINE
  8
48
 10
20.3204
 20
96.3510
 30
0.0000
 11
20.8114
 21
96.3510
 31
0.0000
  0
ARC
  8
48
 10
20.8114
 20
96.6784
 30
0.0000
 40
0.3274
 50
270.0000
 51
359.9995
  0
LINE
  8
48
 10
21.1388
 20
96.6784
 30
0.0000
 11
21.1388
 21
96.8420
 31
0.0000
  0
ARC
  8
48
 10
20.8114
 20
96.8420
 30
0.0000
 40
0.3274
 50
0.0000
 51
90.0000
  0
LINE
  8
48
 10
20.8114
 20
97.1694
 30
0.0000
 11
20.3204
 21
97.1694
 31
0.0000
  0
LINE
  8
48
 10
20.3204
 20
97.1694
 30
0.0000
 11
20.3204
 21
97.8242
 31
0.0000
  0
LINE
  8
48
 10
20.3204
 20
97.8242
 30
0.0000
 11
21.1388
 21
97.8242
 31
0.0000
  0
INSERT
  8
21
  2
RECT
 10
8.4384
 20
41.8863
 30
0.0000
 41
1.8288
 42
0.0305
 43
1.0000
 50
0.0000
  0
INSERT
  8
21
  2
RECT
 10
8.4384
 20
41.9167
 30
0.0000
 41
2.0726
 42
0.0305
 43
1.0000
 50
0.0000
  0
INSERT
  8
21
  2
RECT
 10
8.4384
 20
41.9472
 30
0.0000
 41
2.1946
 42
0.0305
 43
1.0000
 50
0.0000
  0
INSERT
  8
21
  2
RECT
 10
8.4384
 20
41.9777
 30
0.0000
 41
2.3165
 42
0.0305
 43
1.0000
 50
0.0000
  0
INSERT
  8
21
  2
RECT
 10
8.4384
 20
42.0082
 30
0.0000
 41
2.3774
 42
0.0305
 43
1.0000
 50
0.0000
  0
INSERT
  8
21
  2
RECT
 10
8.4384
 20
42.0387
 30
0.0000
 41
2.4384
 42
0.0305
 43
1.0000
 50
0.0000
  0
INSERT
  8
21
  2
RECT
 10
7.3412
 20
42.0691
 30
0.0000
 41
0.3048
 42
0.0305
 43
1.0000
 50
0.0000
  0
INSERT
  8
21
  2
RECT
 10
9.5510
 20
42.0691
 30
0.0000
 41
0.2743
 42
0.0305
 43
1.0000
 50
0.0000
  0
INSERT
  8
21
  2
RECT
 10
7.2802
 20
42.0996
 30
0.0000
 41
0.2438
 42
0.0305
 43
1.0000
 50
0.0000
  0
INSERT
  8
21
  2
RECT
 10
9.6119
 20
42.0996
 30
0.0000
 41
0.2743
 42
0.0305
 43
1.0000
 50
0.0000
  0
INSERT
  8
21
  2
RECT
 10
7.2345
 20
42.1301
 30
0.0000
 41
0.2134
 42
0.0305
 43
1.0000
 50
0.0000
  0
INSERT
  8
21
  2
RECT
 10
9.6424
 20
42.1301
 30
0.0000
 41
0.2134
 42
0.0305
 43
1.0000
 50
0.0000
  0
INSERT
  8
21
  2
RECT
 10
7.2040
 20
42.1606
 30
0.0000
 41
0.2134
 42
0.0305
 43
1.0000
 50
0.0000
  0
INSERT
  8
21
  2
RECT
 10
9.6729
 20
42.1606
 30
0.0000
 41
0.2134
 42
0.0305
 43
1.0000
 50
0.0000
  0
INSERT
  8
21
  2
RECT
 10
7.1735
 20
42.1911
 30
0.0000
 41
0.2134
 42
0.0305
 43
1.0000
 50
0.0000
  0
INSERT
  8
21
  2
RECT
 10
9.7186
 20
42.1911
 30
0.0000
 41
0.1829
 42
0.0305
 43
1.0000
 50
0.0000
  0
INSERT
  8
21
  2
RECT
 10
7.1278
 20
42.2215
 30
0.0000
 41
0.1829
 42
0.0305
 43
1.0000
 50
0.0000
  0
INSERT
  8
21
  2
RECT
 10
9.7491
 20
42.2215
 30
0.0000
 41
0.1829
 42
0.0305
 43
1.0000
 50
0.0000
  0
INSERT
  8
21
  2
RECT
 10
7.1126
 20
42.2520
 30
0.0000
 41
0.1524
 42
0.0305
 43
1.0000
 50
0.0000
  0
INSERT
  8
21
  2
RECT
 10
9.7796
 20
42.2520
 30
0.0000
 41
0.1829
 42
0.0305
 43
1.0000
 50
0.0000
  0
INSERT
  8
21
  2
RECT
 10
7.0973
 20
42.2825
 30
0.0000
 41
0.1829
 42
0.0305
 43
1.0000
 50
0.0000
  0
INSERT
  8
21
  2
RECT
 10
9.7948
 20
42.2825
 30
0.0000
 41
0.1524
 42
0.0305
 43
1.0000
 50
0.0000
  0
INSERT
  8
21
  2
RECT
 10
7.0821
 20
42.3130
 30
0.0000
 41
0.1524
 42
0.0305
 43
1.0000
 50
0.0000
  0
INSERT
  8
21
  2
RECT
 10
9.8101
 20
42.3130
 30
0.0000
 41
0.1829
 42
0.0305
 43
1.0000
 50
0.0000
  0
INSERT
  8
21
  2
RECT
 10
7.0516
 20
42.3435
 30
0.0000
 41
0.1524
 42
0.0305
 43
1.0000
 50
0.0000
  0
INSERT
  8
21
  2
RECT
 10
9.8253
 20
42.3435
 30
0.0000
 41
0.1524
 42
0.0305
 43
1.0000
 50
0.0000
  0
INSERT
  8
21
  2
RECT
 10
7.0211
 20
42.3739
 30
0.0000
 41
0.1524
 42
0.0305
 43
1.0000
 50
0.0000
  0
INSERT
  8
21
  2
RECT
 10
9.8558
 20
42.3739
 30
0.0000
 41
0.1524
 42
0.0305
 43
1.0000
 50
0.0000
  0
INSERT
  8
21
  2
RECT
 10
7.0211
 20
42.4044
 30
0.0000
 41
0.1524
 42
0.0305
 43
1.0000
 50
0.0000
  0
INSERT
  8
21
  2
RECT
 10
9.8710
 20
42.4044
 30
0.0000
 41
0.1219
 42
0.0305
 43
1.0000
 50
0.0000
  0
INSERT
  8
21
  2
RECT
 10
6.9907
 20
42.4349
 30
0.0000
 41
0.1524
 42
0.0305
 43
1.0000
 50
0.0000
  0
INSERT
  8
21
  2
RECT
 10
9.8863
 20
42.4349
 30
0.0000
 41
0.1524
 42
0.0305
 43
1.0000
 50
0.0000
  0
INSERT
  8
21
  2
RECT
 10
6.9754
 20
42.4654
 30
0.0000
 41
0.1219
 42
0.0305
 43
1.0000
 50
0.0000
  0
INSERT
  8
21
  2
RECT
 10
9.9015
 20
42.4654
 30
0.0000
 41
0.1219
 42
0.0305
 43
1.0000
 50
0.0000
  0
INSERT
  8
21
  2
RECT
 10
6.9754
 20
42.4959
 30
0.0000
 41
0.1219
 42
0.0305
 43
1.0000
 50
0.0000
  0
INSERT
  8
21
  2
RECT
 10
9.9167
 20
42.4959
 30
0.0000
 41
0.1524
 42
0.0305
 43
1.0000
 50
0.0000
  0
INSERT
  8
21
  2
RECT
 10
6.9449
 20
42.5263
 30
0.0000
 41
0.1219
 42
0.0305
 43
1.0000
 50
0.0000
  0
INSERT
  8
21
  2
RECT
 10
9.9320
 20
42.5263
 30
0.0000
 41
0.1219
 42
0.0305
 43
1.0000
 50
0.0000
  0
INSERT
  8
21
  2
RECT
 10
6.9449
 20
42.5568
 30
0.0000
 41
0.1219
 42
0.0305
 43
1.0000
 50
0.0000
  0
INSERT
  8
21
  2
RECT
 10
9.9320
 20
42.5568
 30
0.0000
 41
0.1219
 42
0.0305
 43
1.0000
 50
0.0000
  0
INSERT
  8
21
  2
RECT
 10
6.9297
 20
42.5873
 30
0.0000
 41
0.1524
 42
0.0305
 43
1.0000
 50
0.0000
  0
INSERT
  8
21
  2
RECT
 10
9.9625
 20
42.5873
 30
0.0000
 41
0.1219
 42
0.0305
 43
1.0000
 50
0.0000
  0
INSERT
  8
21
  2
RECT
 10
6.9145
 20
42.6178
 30
0.0000
 41
0.1219
 42
0.0305
 43
1.0000
 50
0.0000
  0
INSERT
  8
21
  2
RECT
 10
9.9625
 20
42.6178
 30
0.0000
 41
0.1219
 42
0.0305
 43
1.0000
 50
0.0000
  0
INSERT
  8
21
  2
RECT
 10
6.9145
 20
42.6483
 30
0.0000
 41
0.1219
 42
0.0305
 43
1.0000
 50
0.0000
  0
INSERT
  8
21
  2
RECT
 10
9.9625
 20
42.6483
 30
0.0000
 41
0.1219
 42
0.0305
 43
1.0000
 50
0.0000
  0
INSERT
  8
21
  2
RECT
 10
6.9145
 20
42.6787
 30
0.0000
 41
0.1219
 42
0.0305
 43
1.0000
 50
0.0000
  0
INSERT
  8
21
  2
RECT
 10
9.9929
 20
42.6787
 30
0.0000
 41
0.1219
 42
0.0305
 43
1.0000
 50
0.0000
  0
INSERT
  8
21
  2
RECT
 10
6.8840
 20
42.7092
 30
0.0000
 41
0.1219
 42
0.0305
 43
1.0000
 50
0.0000
  0
INSERT
  8
21
  2
RECT
 10
9.9929
 20
42.7092
 30
0.0000
 41
0.1219
 42
0.0305
 43
1.0000
 50
0.0000
  0
INSERT
  8
21
  2
RECT
 10
6.8840
 20
42.7397
 30
0.0000
 41
0.1219
 42
0.0305
 43
1.0000
 50
0.0000
  0
INSERT
  8
21
  2
RECT
 10
8.4232
 20
42.7397
 30
0.0000
 41
1.4935
 42
0.0305
 43
1.0000
 50
0.0000
  0
INSERT
  8
21
  2
RECT
 10
9.9929
 20
42.7397
 30
0.0000
 41
0.1219
 42
0.0305
 43
1.0000
 50
0.0000
  0
INSERT
  8
21
  2
RECT
 10
6.8840
 20
42.7702
 30
0.0000
 41
0.1219
 42
0.0305
 43
1.0000
 50
0.0000
  0
INSERT
  8
21
  2
RECT
 10
8.4232
 20
42.7702
 30
0.0000
 41
1.4935
 42
0.0305
 43
1.0000
 50
0.0000
  0
INSERT
  8
21
  2
RECT
 10
10.0082
 20
42.7702
 30
0.0000
 41
0.0914
 42
0.0305
 43
1.0000
 50
0.0000
  0
INSERT
  8
21
  2
RECT
 10
6.8687
 20
42.8007
 30
0.0000
 41
0.0914
 42
0.0305
 43
1.0000
 50
0.0000
  0
INSERT
  8
21
  2
RECT
 10
8.4232
 20
42.8007
 30
0.0000
 41
1.4935
 42
0.0305
 43
1.0000
 50
0.0000
  0
INSERT
  8
21
  2
RECT
 10
10.0234
 20
42.8007
 30
0.0000
 41
0.1219
 42
0.0305
 43
1.0000
 50
0.0000
  0
INSERT
  8
21
  2
RECT
 10
6.8535
 20
42.8311
 30
0.0000
 41
0.1219
 42
0.0305
 43
1.0000
 50
0.0000
  0
INSERT
  8
21
  2
RECT
 10
8.4232
 20
42.8311
 30
0.0000
 41
1.4935
 42
0.0305
 43
1.0000
 50
0.0000
  0
INSERT
  8
21
  2
RECT
 10
10.0234
 20
42.8311
 30
0.0000
 41
0.1219
 42
0.0305
 43
1.0000
 50
0.0000
  0
INSERT
  8
21
  2
RECT
 10
6.8535
 20
42.8616
 30
0.0000
 41
0.1219
 42
0.0305
 43
1.0000
 50
0.0000
  0
INSERT
  8
21
  2
RECT
 10
8.4232
 20
42.8616
 30
0.0000
 41
1.4935
 42
0.0305
 43
1.0000
 50
0.0000
  0
INSERT
  8
21
  2
RECT
 10
10.0234
 20
42.8616
 30
0.0000
 41
0.1219
 42
0.0305
 43
1.0000
 50
0.0000
  0
INSERT
  8
21
  2
RECT
 10
6.8535
 20
42.8921
 30
0.0000
 41
0.1219
 42
0.0305
 43
1.0000
 50
0.0000
  0
INSERT
  8
21
  2
RECT
 10
8.4232
 20
42.8921
 30
0.0000
 41
1.4935
 42
0.0305
 43
1.0000
 50
0.0000
  0
INSERT
  8
21
  2
RECT
 10
10.0234
 20
42.8921
 30
0.0000
 41
0.1219
 42
0.0305
 43
1.0000
 50
0.0000
  0
INSERT
  8
21
  2
RECT
 10
6.8535
 20
42.9226
 30
0.0000
 41
0.1219
 42
0.0305
 43
1.0000
 50
0.0000
  0
INSERT
  8
21
  2
RECT
 10
8.4232
 20
42.9226
 30
0.0000
 41
0.1524
 42
0.0305
 43
1.0000
 50
0.0000
  0
INSERT
  8
21
  2
RECT
 10
10.0387
 20
42.9226
 30
0.0000
 41
0.0914
 42
0.0305
 43
1.0000
 50
0.0000
  0
INSERT
  8
21
  2
RECT
 10
6.8383
 20
42.9531
 30
0.0000
 41
0.0914
 42
0.0305
 43
1.0000
 50
0.0000
  0
INSERT
  8
21
  2
RECT
 10
8.4232
 20
42.9531
 30
0.0000
 41
0.1524
 42
0.0305
 43
1.0000
 50
0.0000
  0
INSERT
  8
21
  2
RECT
 10
10.0387
 20
42.9531
 30
0.0000
 41
0.0914
 42
0.0305
 43
1.0000
 50
0.0000
  0
INSERT
  8
21
  2
RECT
 10
6.8383
 20
42.9835
 30
0.0000
 41
0.0914
 42
0.0305
 43
1.0000
 50
0.0000
  0
INSERT
  8
21
  2
RECT
 10
8.4232
 20
42.9835
 30
0.0000
 41
0.1524
 42
0.0305
 43
1.0000
 50
0.0000
  0
INSERT
  8
21
  2
RECT
 10
10.0387
 20
42.9835
 30
0.0000
 41
0.0914
 42
0.0305
 43
1.0000
 50
0.0000
  0
INSERT
  8
21
  2
RECT
 10
6.8383
 20
43.0140
 30
0.0000
 41
0.0914
 42
0.0305
 43
1.0000
 50
0.0000
  0
INSERT
  8
21
  2
RECT
 10
8.4232
 20
43.0140
 30
0.0000
 41
0.1524
 42
0.0305
 43
1.0000
 50
0.0000
  0
INSERT
  8
21
  2
RECT
 10
10.0539
 20
43.0140
 30
0.0000
 41
0.1219
 42
0.0305
 43
1.0000
 50
0.0000
  0
INSERT
  8
21
  2
RECT
 10
6.8383
 20
43.0445
 30
0.0000
 41
0.0914
 42
0.0305
 43
1.0000
 50
0.0000
  0
INSERT
  8
21
  2
RECT
 10
8.4232
 20
43.0445
 30
0.0000
 41
0.1524
 42
0.0305
 43
1.0000
 50
0.0000
  0
INSERT
  8
21
  2
RECT
 10
10.0539
 20
43.0445
 30
0.0000
 41
0.1219
 42
0.0305
 43
1.0000
 50
0.0000
  0
INSERT
  8
21
  2
RECT
 10
6.8383
 20
43.0750
 30
0.0000
 41
0.0914
 42
0.0305
 43
1.0000
 50
0.0000
  0
INSERT
  8
21
  2
RECT
 10
8.4232
 20
43.0750
 30
0.0000
 41
0.1524
 42
0.0305
 43
1.0000
 50
0.0000
  0
INSERT
  8
21
  2
RECT
 10
10.0539
 20
43.0750
 30
0.0000
 41
0.1219
 42
0.0305
 43
1.0000
 50
0.0000
  0
INSERT
  8
21
  2
RECT
 10
6.8230
 20
43.1055
 30
0.0000
 41
0.1219
 42
0.0305
 43
1.0000
 50
0.0000
  0
INSERT
  8
21
  2
RECT
 10
8.4232
 20
43.1055
 30
0.0000
 41
0.1524
 42
0.0305
 43
1.0000
 50
0.0000
  0
INSERT
  8
21
  2
RECT
 10
10.0539
 20
43.1055
 30
0.0000
 41
0.1219
 42
0.0305
 43
1.0000
 50
0.0000
  0
INSERT
  8
21
  2
RECT
 10
6.8230
 20
43.1359
 30
0.0000
 41
0.1219
 42
0.0305
 43
1.0000
 50
0.0000
  0
INSERT
  8
21
  2
RECT
 10
8.4232
 20
43.1359
 30
0.0000
 41
0.1524
 42
0.0305
 43
1.0000
 50
0.0000
  0
INSERT
  8
21
  2
RECT
 10
10.0539
 20
43.1359
 30
0.0000
 41
0.1219
 42
0.0305
 43
1.0000
 50
0.0000
  0
INSERT
  8
21
  2
RECT
 10
6.8230
 20
43.1664
 30
0.0000
 41
0.1219
 42
0.0305
 43
1.0000
 50
0.0000
  0
INSERT
  8
21
  2
RECT
 10
8.4232
 20
43.1664
 30
0.0000
 41
0.1524
 42
0.0305
 43
1.0000
 50
0.0000
  0
INSERT
  8
21
  2
RECT
 10
10.0539
 20
43.1664
 30
0.0000
 41
0.1219
 42
0.0305
 43
1.0000
 50
0.0000
  0
INSERT
  8
21
  2
RECT
 10
6.8230
 20
43.1969
 30
0.0000
 41
0.1219
 42
0.0305
 43
1.0000
 50
0.0000
  0
INSERT
  8
21
  2
RECT
 10
8.4232
 20
43.1969
 30
0.0000
 41
0.1524
 42
0.0305
 43
1.0000
 50
0.0000
  0
INSERT
  8
21
  2
RECT
 10
10.0539
 20
43.1969
 30
0.0000
 41
0.1219
 42
0.0305
 43
1.0000
 50
0.0000
  0
INSERT
  8
21
  2
RECT
 10
6.8230
 20
43.2274
 30
0.0000
 41
0.1219
 42
0.0305
 43
1.0000
 50
0.0000
  0
INSERT
  8
21
  2
RECT
 10
8.4232
 20
43.2274
 30
0.0000
 41
0.1524
 42
0.0305
 43
1.0000
 50
0.0000
  0
INSERT
  8
21
  2
RECT
 10
10.0539
 20
43.2274
 30
0.0000
 41
0.1219
 42
0.0305
 43
1.0000
 50
0.0000
  0
INSERT
  8
21
  2
RECT
 10
6.8230
 20
43.2579
 30
0.0000
 41
0.1219
 42
0.0305
 43
1.0000
 50
0.0000
  0
INSERT
  8
21
  2
RECT
 10
8.4232
 20
43.2579
 30
0.0000
 41
0.1524
 42
0.0305
 43
1.0000
 50
0.0000
  0
INSERT
  8
21
  2
RECT
 10
10.0539
 20
43.2579
 30
0.0000
 41
0.1219
 42
0.0305
 43
1.0000
 50
0.0000
  0
INSERT
  8
21
  2
RECT
 10
6.8230
 20
43.2883
 30
0.0000
 41
0.1219
 42
0.0305
 43
1.0000
 50
0.0000
  0
INSERT
  8
21
  2
RECT
 10
8.4232
 20
43.2883
 30
0.0000
 41
0.1524
 42
0.0305
 43
1.0000
 50
0.0000
  0
INSERT
  8
21
  2
RECT
 10
10.0539
 20
43.2883
 30
0.0000
 41
0.1219
 42
0.0305
 43
1.0000
 50
0.0000
  0
INSERT
  8
21
  2
RECT
 10
6.8230
 20
43.3188
 30
0.0000
 41
0.1219
 42
0.0305
 43
1.0000
 50
0.0000
  0
INSERT
  8
21
  2
RECT
 10
8.4232
 20
43.3188
 30
0.0000
 41
0.1524
 42
0.0305
 43
1.0000
 50
0.0000
  0
INSERT
  8
21
  2
RECT
 10
10.0539
 20
43.3188
 30
0.0000
 41
0.1219
 42
0.0305
 43
1.0000
 50
0.0000
  0
INSERT
  8
21
  2
RECT
 10
6.8230
 20
43.3493
 30
0.0000
 41
0.1219
 42
0.0305
 43
1.0000
 50
0.0000
  0
INSERT
  8
21
  2
RECT
 10
8.4232
 20
43.3493
 30
0.0000
 41
0.1524
 42
0.0305
 43
1.0000
 50
0.0000
  0
INSERT
  8
21
  2
RECT
 10
10.0539
 20
43.3493
 30
0.0000
 41
0.1219
 42
0.0305
 43
1.0000
 50
0.0000
  0
INSERT
  8
21
  2
RECT
 10
6.8230
 20
43.3798
 30
0.0000
 41
0.1219
 42
0.0305
 43
1.0000
 50
0.0000
  0
INSERT
  8
21
  2
RECT
 10
8.4232
 20
43.3798
 30
0.0000
 41
0.1524
 42
0.0305
 43
1.0000
 50
0.0000
  0
INSERT
  8
21
  2
RECT
 10
10.0539
 20
43.3798
 30
0.0000
 41
0.1219
 42
0.0305
 43
1.0000
 50
0.0000
  0
INSERT
  8
21
  2
RECT
 10
6.8230
 20
43.4103
 30
0.0000
 41
0.1219
 42
0.0305
 43
1.0000
 50
0.0000
  0
INSERT
  8
21
  2
RECT
 10
8.4232
 20
43.4103
 30
0.0000
 41
0.1524
 42
0.0305
 43
1.0000
 50
0.0000
  0
INSERT
  8
21
  2
RECT
 10
10.0539
 20
43.4103
 30
0.0000
 41
0.1219
 42
0.0305
 43
1.0000
 50
0.0000
  0
INSERT
  8
21
  2
RECT
 10
6.8230
 20
43.4407
 30
0.0000
 41
0.1219
 42
0.0305
 43
1.0000
 50
0.0000
  0
INSERT
  8
21
  2
RECT
 10
8.4232
 20
43.4407
 30
0.0000
 41
0.1524
 42
0.0305
 43
1.0000
 50
0.0000
  0
INSERT
  8
21
  2
RECT
 10
10.0539
 20
43.4407
 30
0.0000
 41
0.1219
 42
0.0305
 43
1.0000
 50
0.0000
  0
INSERT
  8
21
  2
RECT
 10
6.8230
 20
43.4712
 30
0.0000
 41
0.1219
 42
0.0305
 43
1.0000
 50
0.0000
  0
INSERT
  8
21
  2
RECT
 10
8.4232
 20
43.4712
 30
0.0000
 41
0.1524
 42
0.0305
 43
1.0000
 50
0.0000
  0
INSERT
  8
21
  2
RECT
 10
10.0539
 20
43.4712
 30
0.0000
 41
0.1219
 42
0.0305
 43
1.0000
 50
0.0000
  0
INSERT
  8
21
  2
RECT
 10
6.8230
 20
43.5017
 30
0.0000
 41
0.1219
 42
0.0305
 43
1.0000
 50
0.0000
  0
INSERT
  8
21
  2
RECT
 10
8.4232
 20
43.5017
 30
0.0000
 41
0.1524
 42
0.0305
 43
1.0000
 50
0.0000
  0
INSERT
  8
21
  2
RECT
 10
10.0539
 20
43.5017
 30
0.0000
 41
0.1219
 42
0.0305
 43
1.0000
 50
0.0000
  0
INSERT
  8
21
  2
RECT
 10
6.8230
 20
43.5322
 30
0.0000
 41
0.1219
 42
0.0305
 43
1.0000
 50
0.0000
  0
INSERT
  8
21
  2
RECT
 10
8.4232
 20
43.5322
 30
0.0000
 41
0.1524
 42
0.0305
 43
1.0000
 50
0.0000
  0
INSERT
  8
21
  2
RECT
 10
10.0539
 20
43.5322
 30
0.0000
 41
0.1219
 42
0.0305
 43
1.0000
 50
0.0000
  0
INSERT
  8
21
  2
RECT
 10
6.8230
 20
43.5627
 30
0.0000
 41
0.1219
 42
0.0305
 43
1.0000
 50
0.0000
  0
INSERT
  8
21
  2
RECT
 10
8.4232
 20
43.5627
 30
0.0000
 41
0.1524
 42
0.0305
 43
1.0000
 50
0.0000
  0
INSERT
  8
21
  2
RECT
 10
10.0539
 20
43.5627
 30
0.0000
 41
0.1219
 42
0.0305
 43
1.0000
 50
0.0000
  0
INSERT
  8
21
  2
RECT
 10
6.8230
 20
43.5931
 30
0.0000
 41
0.1219
 42
0.0305
 43
1.0000
 50
0.0000
  0
INSERT
  8
21
  2
RECT
 10
8.4232
 20
43.5931
 30
0.0000
 41
0.1524
 42
0.0305
 43
1.0000
 50
0.0000
  0
INSERT
  8
21
  2
RECT
 10
10.0539
 20
43.5931
 30
0.0000
 41
0.1219
 42
0.0305
 43
1.0000
 50
0.0000
  0
INSERT
  8
21
  2
RECT
 10
6.8230
 20
43.6236
 30
0.0000
 41
0.1219
 42
0.0305
 43
1.0000
 50
0.0000
  0
INSERT
  8
21
  2
RECT
 10
8.4232
 20
43.6236
 30
0.0000
 41
0.1524
 42
0.0305
 43
1.0000
 50
0.0000
  0
INSERT
  8
21
  2
RECT
 10
10.0539
 20
43.6236
 30
0.0000
 41
0.1219
 42
0.0305
 43
1.0000
 50
0.0000
  0
INSERT
  8
21
  2
RECT
 10
6.8230
 20
43.6541
 30
0.0000
 41
0.1219
 42
0.0305
 43
1.0000
 50
0.0000
  0
INSERT
  8
21
  2
RECT
 10
8.4232
 20
43.6541
 30
0.0000
 41
0.2134
 42
0.0305
 43
1.0000
 50
0.0000
  0
INSERT
  8
21
  2
RECT
 10
10.0539
 20
43.6541
 30
0.0000
 41
0.1219
 42
0.0305
 43
1.0000
 50
0.0000
  0
INSERT
  8
21
  2
RECT
 10
6.8230
 20
43.6846
 30
0.0000
 41
0.1219
 42
0.0305
 43
1.0000
 50
0.0000
  0
INSERT
  8
21
  2
RECT
 10
8.4384
 20
43.6846
 30
0.0000
 41
1.7069
 42
0.0305
 43
1.0000
 50
0.0000
  0
INSERT
  8
21
  2
RECT
 10
10.0539
 20
43.6846
 30
0.0000
 41
0.1219
 42
0.0305
 43
1.0000
 50
0.0000
  0
INSERT
  8
21
  2
RECT
 10
6.8230
 20
43.7151
 30
0.0000
 41
0.1219
 42
0.0305
 43
1.0000
 50
0.0000
  0
INSERT
  8
21
  2
RECT
 10
8.4384
 20
43.7151
 30
0.0000
 41
1.7069
 42
0.0305
 43
1.0000
 50
0.0000
  0
INSERT
  8
21
  2
RECT
 10
10.0539
 20
43.7151
 30
0.0000
 41
0.1219
 42
0.0305
 43
1.0000
 50
0.0000
  0
INSERT
  8
21
  2
RECT
 10
6.8230
 20
43.7455
 30
0.0000
 41
0.1219
 42
0.0305
 43
1.0000
 50
0.0000
  0
INSERT
  8
21
  2
RECT
 10
8.4384
 20
43.7455
 30
0.0000
 41
1.7069
 42
0.0305
 43
1.0000
 50
0.0000
  0
INSERT
  8
21
  2
RECT
 10
10.0539
 20
43.7455
 30
0.0000
 41
0.1219
 42
0.0305
 43
1.0000
 50
0.0000
  0
INSERT
  8
21
  2
RECT
 10
6.8230
 20
43.7760
 30
0.0000
 41
0.1219
 42
0.0305
 43
1.0000
 50
0.0000
  0
INSERT
  8
21
  2
RECT
 10
8.4384
 20
43.7760
 30
0.0000
 41
1.7069
 42
0.0305
 43
1.0000
 50
0.0000
  0
INSERT
  8
21
  2
RECT
 10
10.0539
 20
43.7760
 30
0.0000
 41
0.1219
 42
0.0305
 43
1.0000
 50
0.0000
  0
INSERT
  8
21
  2
RECT
 10
6.8230
 20
43.8065
 30
0.0000
 41
0.1219
 42
0.0305
 43
1.0000
 50
0.0000
  0
INSERT
  8
21
  2
RECT
 10
8.4384
 20
43.8065
 30
0.0000
 41
1.7069
 42
0.0305
 43
1.0000
 50
0.0000
  0
INSERT
  8
21
  2
RECT
 10
10.0539
 20
43.8065
 30
0.0000
 41
0.1219
 42
0.0305
 43
1.0000
 50
0.0000
  0
INSERT
  8
21
  2
RECT
 10
6.8230
 20
43.8370
 30
0.0000
 41
0.1219
 42
0.0305
 43
1.0000
 50
0.0000
  0
INSERT
  8
21
  2
RECT
 10
8.4080
 20
43.8370
 30
0.0000
 41
0.1829
 42
0.0305
 43
1.0000
 50
0.0000
  0
INSERT
  8
21
  2
RECT
 10
10.0539
 20
43.8370
 30
0.0000
 41
0.1219
 42
0.0305
 43
1.0000
 50
0.0000
  0
INSERT
  8
21
  2
RECT
 10
6.8230
 20
43.8675
 30
0.0000
 41
0.1219
 42
0.0305
 43
1.0000
 50
0.0000
  0
INSERT
  8
21
  2
RECT
 10
8.4232
 20
43.8675
 30
0.0000
 41
0.1524
 42
0.0305
 43
1.0000
 50
0.0000
  0
INSERT
  8
21
  2
RECT
 10
10.0539
 20
43.8675
 30
0.0000
 41
0.1219
 42
0.0305
 43
1.0000
 50
0.0000
  0
INSERT
  8
21
  2
RECT
 10
6.8230
 20
43.8979
 30
0.0000
 41
0.1219
 42
0.0305
 43
1.0000
 50
0.0000
  0
INSERT
  8
21
  2
RECT
 10
8.4232
 20
43.8979
 30
0.0000
 41
0.1524
 42
0.0305
 43
1.0000
 50
0.0000
  0
INSERT
  8
21
  2
RECT
 10
10.0539
 20
43.8979
 30
0.0000
 41
0.1219
 42
0.0305
 43
1.0000
 50
0.0000
  0
INSERT
  8
21
  2
RECT
 10
6.8230
 20
43.9284
 30
0.0000
 41
0.1219
 42
0.0305
 43
1.0000
 50
0.0000
  0
INSERT
  8
21
  2
RECT
 10
8.4232
 20
43.9284
 30
0.0000
 41
0.1524
 42
0.0305
 43
1.0000
 50
0.0000
  0
INSERT
  8
21
  2
RECT
 10
10.0539
 20
43.9284
 30
0.0000
 41
0.1219
 42
0.0305
 43
1.0000
 50
0.0000
  0
INSERT
  8
21
  2
RECT
 10
6.8230
 20
43.9589
 30
0.0000
 41
0.1219
 42
0.0305
 43
1.0000
 50
0.0000
  0
INSERT
  8
21
  2
RECT
 10
8.4232
 20
43.9589
 30
0.0000
 41
0.1524
 42
0.0305
 43
1.0000
 50
0.0000
  0
INSERT
  8
21
  2
RECT
 10
10.0539
 20
43.9589
 30
0.0000
 41
0.1219
 42
0.0305
 43
1.0000
 50
0.0000
  0
INSERT
  8
21
  2
RECT
 10
6.8230
 20
43.9894
 30
0.0000
 41
0.1219
 42
0.0305
 43
1.0000
 50
0.0000
  0
INSERT
  8
21
  2
RECT
 10
8.4232
 20
43.9894
 30
0.0000
 41
0.1524
 42
0.0305
 43
1.0000
 50
0.0000
  0
INSERT
  8
21
  2
RECT
 10
10.0539
 20
43.9894
 30
0.0000
 41
0.1219
 42
0.0305
 43
1.0000
 50
0.0000
  0
INSERT
  8
21
  2
RECT
 10
6.8230
 20
44.0199
 30
0.0000
 41
0.1219
 42
0.0305
 43
1.0000
 50
0.0000
  0
INSERT
  8
21
  2
RECT
 10
8.4232
 20
44.0199
 30
0.0000
 41
0.1524
 42
0.0305
 43
1.0000
 50
0.0000
  0
INSERT
  8
21
  2
RECT
 10
10.0539
 20
44.0199
 30
0.0000
 41
0.1219
 42
0.0305
 43
1.0000
 50
0.0000
  0
INSERT
  8
21
  2
RECT
 10
6.8230
 20
44.0503
 30
0.0000
 41
0.1219
 42
0.0305
 43
1.0000
 50
0.0000
  0
INSERT
  8
21
  2
RECT
 10
8.4232
 20
44.0503
 30
0.0000
 41
0.1524
 42
0.0305
 43
1.0000
 50
0.0000
  0
INSERT
  8
21
  2
RECT
 10
10.0539
 20
44.0503
 30
0.0000
 41
0.1219
 42
0.0305
 43
1.0000
 50
0.0000
  0
INSERT
  8
21
  2
RECT
 10
6.8230
 20
44.0808
 30
0.0000
 41
0.1219
 42
0.0305
 43
1.0000
 50
0.0000
  0
INSERT
  8
21
  2
RECT
 10
8.4232
 20
44.0808
 30
0.0000
 41
0.1524
 42
0.0305
 43
1.0000
 50
0.0000
  0
INSERT
  8
21
  2
RECT
 10
10.0539
 20
44.0808
 30
0.0000
 41
0.1219
 42
0.0305
 43
1.0000
 50
0.0000
  0
INSERT
  8
21
  2
RECT
 10
6.8230
 20
44.1113
 30
0.0000
 41
0.1219
 42
0.0305
 43
1.0000
 50
0.0000
  0
INSERT
  8
21
  2
RECT
 10
8.4232
 20
44.1113
 30
0.0000
 41
0.1524
 42
0.0305
 43
1.0000
 50
0.0000
  0
INSERT
  8
21
  2
RECT
 10
10.0539
 20
44.1113
 30
0.0000
 41
0.1219
 42
0.0305
 43
1.0000
 50
0.0000
  0
INSERT
  8
21
  2
RECT
 10
6.8230
 20
44.1418
 30
0.0000
 41
0.1219
 42
0.0305
 43
1.0000
 50
0.0000
  0
INSERT
  8
21
  2
RECT
 10
8.4232
 20
44.1418
 30
0.0000
 41
0.1524
 42
0.0305
 43
1.0000
 50
0.0000
  0
INSERT
  8
21
  2
RECT
 10
10.0539
 20
44.1418
 30
0.0000
 41
0.1219
 42
0.0305
 43
1.0000
 50
0.0000
  0
INSERT
  8
21
  2
RECT
 10
6.8230
 20
44.1723
 30
0.0000
 41
0.1219
 42
0.0305
 43
1.0000
 50
0.0000
  0
INSERT
  8
21
  2
RECT
 10
8.4232
 20
44.1723
 30
0.0000
 41
0.1524
 42
0.0305
 43
1.0000
 50
0.0000
  0
INSERT
  8
21
  2
RECT
 10
10.0539
 20
44.1723
 30
0.0000
 41
0.1219
 42
0.0305
 43
1.0000
 50
0.0000
  0
INSERT
  8
21
  2
RECT
 10
6.8230
 20
44.2027
 30
0.0000
 41
0.1219
 42
0.0305
 43
1.0000
 50
0.0000
  0
INSERT
  8
21
  2
RECT
 10
8.4232
 20
44.2027
 30
0.0000
 41
0.1524
 42
0.0305
 43
1.0000
 50
0.0000
  0
INSERT
  8
21
  2
RECT
 10
10.0539
 20
44.2027
 30
0.0000
 41
0.1219
 42
0.0305
 43
1.0000
 50
0.0000
  0
INSERT
  8
21
  2
RECT
 10
6.8230
 20
44.2332
 30
0.0000
 41
0.1219
 42
0.0305
 43
1.0000
 50
0.0000
  0
INSERT
  8
21
  2
RECT
 10
8.4232
 20
44.2332
 30
0.0000
 41
0.1524
 42
0.0305
 43
1.0000
 50
0.0000
  0
INSERT
  8
21
  2
RECT
 10
10.0539
 20
44.2332
 30
0.0000
 41
0.1219
 42
0.0305
 43
1.0000
 50
0.0000
  0
INSERT
  8
21
  2
RECT
 10
6.8230
 20
44.2637
 30
0.0000
 41
0.1219
 42
0.0305
 43
1.0000
 50
0.0000
  0
INSERT
  8
21
  2
RECT
 10
8.4232
 20
44.2637
 30
0.0000
 41
0.1524
 42
0.0305
 43
1.0000
 50
0.0000
  0
INSERT
  8
21
  2
RECT
 10
10.0539
 20
44.2637
 30
0.0000
 41
0.1219
 42
0.0305
 43
1.0000
 50
0.0000
  0
INSERT
  8
21
  2
RECT
 10
6.8230
 20
44.2942
 30
0.0000
 41
0.1219
 42
0.0305
 43
1.0000
 50
0.0000
  0
INSERT
  8
21
  2
RECT
 10
8.4384
 20
44.2942
 30
0.0000
 41
0.1829
 42
0.0305
 43
1.0000
 50
0.0000
  0
INSERT
  8
21
  2
RECT
 10
10.0539
 20
44.2942
 30
0.0000
 41
0.1219
 42
0.0305
 43
1.0000
 50
0.0000
  0
INSERT
  8
21
  2
RECT
 10
6.8230
 20
44.3247
 30
0.0000
 41
0.1219
 42
0.0305
 43
1.0000
 50
0.0000
  0
INSERT
  8
21
  2
RECT
 10
8.4232
 20
44.3247
 30
0.0000
 41
0.1524
 42
0.0305
 43
1.0000
 50
0.0000
  0
INSERT
  8
21
  2
RECT
 10
10.0539
 20
44.3247
 30
0.0000
 41
0.1219
 42
0.0305
 43
1.0000
 50
0.0000
  0
INSERT
  8
21
  2
RECT
 10
6.8230
 20
44.3551
 30
0.0000
 41
0.1219
 42
0.0305
 43
1.0000
 50
0.0000
  0
INSERT
  8
21
  2
RECT
 10
10.0539
 20
44.3551
 30
0.0000
 41
0.1219
 42
0.0305
 43
1.0000
 50
0.0000
  0
INSERT
  8
21
  2
RECT
 10
6.8230
 20
44.3856
 30
0.0000
 41
0.1219
 42
0.0305
 43
1.0000
 50
0.0000
  0
INSERT
  8
21
  2
RECT
 10
10.0539
 20
44.3856
 30
0.0000
 41
0.1219
 42
0.0305
 43
1.0000
 50
0.0000
  0
INSERT
  8
21
  2
RECT
 10
6.8230
 20
44.4161
 30
0.0000
 41
0.1219
 42
0.0305
 43
1.0000
 50
0.0000
  0
INSERT
  8
21
  2
RECT
 10
10.0539
 20
44.4161
 30
0.0000
 41
0.1219
 42
0.0305
 43
1.0000
 50
0.0000
  0
INSERT
  8
21
  2
RECT
 10
6.8230
 20
44.4466
 30
0.0000
 41
0.1219
 42
0.0305
 43
1.0000
 50
0.0000
  0
INSERT
  8
21
  2
RECT
 10
10.0539
 20
44.4466
 30
0.0000
 41
0.1219
 42
0.0305
 43
1.0000
 50
0.0000
  0
INSERT
  8
21
  2
RECT
 10
6.8230
 20
44.4771
 30
0.0000
 41
0.1219
 42
0.0305
 43
1.0000
 50
0.0000
  0
INSERT
  8
21
  2
RECT
 10
10.0539
 20
44.4771
 30
0.0000
 41
0.1219
 42
0.0305
 43
1.0000
 50
0.0000
  0
INSERT
  8
21
  2
RECT
 10
6.8230
 20
44.5075
 30
0.0000
 41
0.1219
 42
0.0305
 43
1.0000
 50
0.0000
  0
INSERT
  8
21
  2
RECT
 10
10.0539
 20
44.5075
 30
0.0000
 41
0.1219
 42
0.0305
 43
1.0000
 50
0.0000
  0
INSERT
  8
21
  2
RECT
 10
6.8230
 20
44.5380
 30
0.0000
 41
0.1219
 42
0.0305
 43
1.0000
 50
0.0000
  0
INSERT
  8
21
  2
RECT
 10
10.0539
 20
44.5380
 30
0.0000
 41
0.1219
 42
0.0305
 43
1.0000
 50
0.0000
  0
INSERT
  8
21
  2
RECT
 10
6.8230
 20
44.5685
 30
0.0000
 41
0.1219
 42
0.0305
 43
1.0000
 50
0.0000
  0
INSERT
  8
21
  2
RECT
 10
10.0539
 20
44.5685
 30
0.0000
 41
0.1219
 42
0.0305
 43
1.0000
 50
0.0000
  0
INSERT
  8
21
  2
RECT
 10
6.8230
 20
44.5990
 30
0.0000
 41
0.1219
 42
0.0305
 43
1.0000
 50
0.0000
  0
INSERT
  8
21
  2
RECT
 10
10.0539
 20
44.5990
 30
0.0000
 41
0.1219
 42
0.0305
 43
1.0000
 50
0.0000
  0
INSERT
  8
21
  2
RECT
 10
6.8230
 20
44.6295
 30
0.0000
 41
0.1219
 42
0.0305
 43
1.0000
 50
0.0000
  0
INSERT
  8
21
  2
RECT
 10
10.0539
 20
44.6295
 30
0.0000
 41
0.1219
 42
0.0305
 43
1.0000
 50
0.0000
  0
INSERT
  8
21
  2
RECT
 10
6.8230
 20
44.6599
 30
0.0000
 41
0.1219
 42
0.0305
 43
1.0000
 50
0.0000
  0
INSERT
  8
21
  2
RECT
 10
10.0539
 20
44.6599
 30
0.0000
 41
0.1219
 42
0.0305
 43
1.0000
 50
0.0000
  0
INSERT
  8
21
  2
RECT
 10
6.8230
 20
44.6904
 30
0.0000
 41
0.1219
 42
0.0305
 43
1.0000
 50
0.0000
  0
INSERT
  8
21
  2
RECT
 10
10.0539
 20
44.6904
 30
0.0000
 41
0.1219
 42
0.0305
 43
1.0000
 50
0.0000
  0
INSERT
  8
21
  2
RECT
 10
6.8230
 20
44.7209
 30
0.0000
 41
0.1219
 42
0.0305
 43
1.0000
 50
0.0000
  0
INSERT
  8
21
  2
RECT
 10
10.0539
 20
44.7209
 30
0.0000
 41
0.1219
 42
0.0305
 43
1.0000
 50
0.0000
  0
INSERT
  8
21
  2
RECT
 10
6.8230
 20
44.7514
 30
0.0000
 41
0.1219
 42
0.0305
 43
1.0000
 50
0.0000
  0
INSERT
  8
21
  2
RECT
 10
10.0539
 20
44.7514
 30
0.0000
 41
0.1219
 42
0.0305
 43
1.0000
 50
0.0000
  0
INSERT
  8
21
  2
RECT
 10
6.8230
 20
44.7818
 30
0.0000
 41
0.1219
 42
0.0305
 43
1.0000
 50
0.0000
  0
INSERT
  8
21
  2
RECT
 10
10.0539
 20
44.7818
 30
0.0000
 41
0.1219
 42
0.0305
 43
1.0000
 50
0.0000
  0
INSERT
  8
21
  2
RECT
 10
6.8230
 20
44.8123
 30
0.0000
 41
0.1219
 42
0.0305
 43
1.0000
 50
0.0000
  0
INSERT
  8
21
  2
RECT
 10
10.0539
 20
44.8123
 30
0.0000
 41
0.1219
 42
0.0305
 43
1.0000
 50
0.0000
  0
INSERT
  8
21
  2
RECT
 10
6.8230
 20
44.8428
 30
0.0000
 41
0.1219
 42
0.0305
 43
1.0000
 50
0.0000
  0
INSERT
  8
21
  2
RECT
 10
10.0539
 20
44.8428
 30
0.0000
 41
0.1219
 42
0.0305
 43
1.0000
 50
0.0000
  0
INSERT
  8
21
  2
RECT
 10
6.8230
 20
44.8733
 30
0.0000
 41
0.1219
 42
0.0305
 43
1.0000
 50
0.0000
  0
INSERT
  8
21
  2
RECT
 10
10.0539
 20
44.8733
 30
0.0000
 41
0.1219
 42
0.0305
 43
1.0000
 50
0.0000
  0
INSERT
  8
21
  2
RECT
 10
6.8230
 20
44.9038
 30
0.0000
 41
0.1219
 42
0.0305
 43
1.0000
 50
0.0000
  0
INSERT
  8
21
  2
RECT
 10
10.0539
 20
44.9038
 30
0.0000
 41
0.1219
 42
0.0305
 43
1.0000
 50
0.0000
  0
INSERT
  8
21
  2
RECT
 10
6.8230
 20
44.9342
 30
0.0000
 41
0.1219
 42
0.0305
 43
1.0000
 50
0.0000
  0
INSERT
  8
21
  2
RECT
 10
10.0539
 20
44.9342
 30
0.0000
 41
0.1219
 42
0.0305
 43
1.0000
 50
0.0000
  0
INSERT
  8
21
  2
RECT
 10
6.8230
 20
44.9647
 30
0.0000
 41
0.1219
 42
0.0305
 43
1.0000
 50
0.0000
  0
INSERT
  8
21
  2
RECT
 10
10.0539
 20
44.9647
 30
0.0000
 41
0.1219
 42
0.0305
 43
1.0000
 50
0.0000
  0
INSERT
  8
21
  2
RECT
 10
6.8230
 20
44.9952
 30
0.0000
 41
0.1219
 42
0.0305
 43
1.0000
 50
0.0000
  0
INSERT
  8
21
  2
RECT
 10
10.0539
 20
44.9952
 30
0.0000
 41
0.1219
 42
0.0305
 43
1.0000
 50
0.0000
  0
INSERT
  8
21
  2
RECT
 10
6.8230
 20
45.0257
 30
0.0000
 41
0.1219
 42
0.0305
 43
1.0000
 50
0.0000
  0
INSERT
  8
21
  2
RECT
 10
10.0539
 20
45.0257
 30
0.0000
 41
0.1219
 42
0.0305
 43
1.0000
 50
0.0000
  0
INSERT
  8
21
  2
RECT
 10
6.8230
 20
45.0562
 30
0.0000
 41
0.1219
 42
0.0305
 43
1.0000
 50
0.0000
  0
INSERT
  8
21
  2
RECT
 10
10.0539
 20
45.0562
 30
0.0000
 41
0.1219
 42
0.0305
 43
1.0000
 50
0.0000
  0
INSERT
  8
21
  2
RECT
 10
6.8230
 20
45.0866
 30
0.0000
 41
0.1219
 42
0.0305
 43
1.0000
 50
0.0000
  0
INSERT
  8
21
  2
RECT
 10
10.0539
 20
45.0866
 30
0.0000
 41
0.1219
 42
0.0305
 43
1.0000
 50
0.0000
  0
INSERT
  8
21
  2
RECT
 10
6.8230
 20
45.1171
 30
0.0000
 41
0.1219
 42
0.0305
 43
1.0000
 50
0.0000
  0
INSERT
  8
21
  2
RECT
 10
10.0539
 20
45.1171
 30
0.0000
 41
0.1219
 42
0.0305
 43
1.0000
 50
0.0000
  0
INSERT
  8
21
  2
RECT
 10
6.8230
 20
45.1476
 30
0.0000
 41
0.1219
 42
0.0305
 43
1.0000
 50
0.0000
  0
INSERT
  8
21
  2
RECT
 10
8.0422
 20
45.1476
 30
0.0000
 41
0.1219
 42
0.0305
 43
1.0000
 50
0.0000
  0
INSERT
  8
21
  2
RECT
 10
10.0539
 20
45.1476
 30
0.0000
 41
0.1219
 42
0.0305
 43
1.0000
 50
0.0000
  0
INSERT
  8
21
  2
RECT
 10
6.8230
 20
45.1781
 30
0.0000
 41
0.1219
 42
0.0305
 43
1.0000
 50
0.0000
  0
INSERT
  8
21
  2
RECT
 10
8.0422
 20
45.1781
 30
0.0000
 41
0.1219
 42
0.0305
 43
1.0000
 50
0.0000
  0
INSERT
  8
21
  2
RECT
 10
8.4080
 20
45.1781
 30
0.0000
 41
0.1219
 42
0.0305
 43
1.0000
 50
0.0000
  0
INSERT
  8
21
  2
RECT
 10
9.2005
 20
45.1781
 30
0.0000
 41
0.0610
 42
0.0305
 43
1.0000
 50
0.0000
  0
INSERT
  8
21
  2
RECT
 10
10.0539
 20
45.1781
 30
0.0000
 41
0.1219
 42
0.0305
 43
1.0000
 50
0.0000
  0
INSERT
  8
21
  2
RECT
 10
6.8230
 20
45.2086
 30
0.0000
 41
0.1219
 42
0.0305
 43
1.0000
 50
0.0000
  0
INSERT
  8
21
  2
RECT
 10
8.0422
 20
45.2086
 30
0.0000
 41
0.1219
 42
0.0305
 43
1.0000
 50
0.0000
  0
INSERT
  8
21
  2
RECT
 10
8.4384
 20
45.2086
 30
0.0000
 41
0.1829
 42
0.0305
 43
1.0000
 50
0.0000
  0
INSERT
  8
21
  2
RECT
 10
9.2005
 20
45.2086
 30
0.0000
 41
0.1829
 42
0.0305
 43
1.0000
 50
0.0000
  0
INSERT
  8
21
  2
RECT
 10
10.0539
 20
45.2086
 30
0.0000
 41
0.1219
 42
0.0305
 43
1.0000
 50
0.0000
  0
INSERT
  8
21
  2
RECT
 10
6.8230
 20
45.2390
 30
0.0000
 41
0.1219
 42
0.0305
 43
1.0000
 50
0.0000
  0
INSERT
  8
21
  2
RECT
 10
8.0422
 20
45.2390
 30
0.0000
 41
0.1219
 42
0.0305
 43
1.0000
 50
0.0000
  0
INSERT
  8
21
  2
RECT
 10
8.4537
 20
45.2390
 30
0.0000
 41
0.2743
 42
0.0305
 43
1.0000
 50
0.0000
  0
INSERT
  8
21
  2
RECT
 10
9.1852
 20
45.2390
 30
0.0000
 41
0.2134
 42
0.0305
 43
1.0000
 50
0.0000
  0
INSERT
  8
21
  2
RECT
 10
10.0539
 20
45.2390
 30
0.0000
 41
0.1219
 42
0.0305
 43
1.0000
 50
0.0000
  0
INSERT
  8
21
  2
RECT
 10
6.8230
 20
45.2695
 30
0.0000
 41
0.1219
 42
0.0305
 43
1.0000
 50
0.0000
  0
INSERT
  8
21
  2
RECT
 10
8.0422
 20
45.2695
 30
0.0000
 41
0.1219
 42
0.0305
 43
1.0000
 50
0.0000
  0
INSERT
  8
21
  2
RECT
 10
8.4842
 20
45.2695
 30
0.0000
 41
0.3353
 42
0.0305
 43
1.0000
 50
0.0000
  0
INSERT
  8
21
  2
RECT
 10
9.1852
 20
45.2695
 30
0.0000
 41
0.2743
 42
0.0305
 43
1.0000
 50
0.0000
  0
INSERT
  8
21
  2
RECT
 10
10.0539
 20
45.2695
 30
0.0000
 41
0.1219
 42
0.0305
 43
1.0000
 50
0.0000
  0
INSERT
  8
21
  2
RECT
 10
6.8230
 20
45.3000
 30
0.0000
 41
0.1219
 42
0.0305
 43
1.0000
 50
0.0000
  0
INSERT
  8
21
  2
RECT
 10
8.0422
 20
45.3000
 30
0.0000
 41
0.1219
 42
0.0305
 43
1.0000
 50
0.0000
  0
INSERT
  8
21
  2
RECT
 10
8.5146
 20
45.3000
 30
0.0000
 41
0.3353
 42
0.0305
 43
1.0000
 50
0.0000
  0
INSERT
  8
21
  2
RECT
 10
9.1700
 20
45.3000
 30
0.0000
 41
0.3048
 42
0.0305
 43
1.0000
 50
0.0000
  0
INSERT
  8
21
  2
RECT
 10
10.0539
 20
45.3000
 30
0.0000
 41
0.1219
 42
0.0305
 43
1.0000
 50
0.0000
  0
INSERT
  8
21
  2
RECT
 10
6.8230
 20
45.3305
 30
0.0000
 41
0.1219
 42
0.0305
 43
1.0000
 50
0.0000
  0
INSERT
  8
21
  2
RECT
 10
8.0422
 20
45.3305
 30
0.0000
 41
0.1219
 42
0.0305
 43
1.0000
 50
0.0000
  0
INSERT
  8
21
  2
RECT
 10
8.5756
 20
45.3305
 30
0.0000
 41
0.3353
 42
0.0305
 43
1.0000
 50
0.0000
  0
INSERT
  8
21
  2
RECT
 10
9.1547
 20
45.3305
 30
0.0000
 41
0.3353
 42
0.0305
 43
1.0000
 50
0.0000
  0
INSERT
  8
21
  2
RECT
 10
10.0539
 20
45.3305
 30
0.0000
 41
0.1219
 42
0.0305
 43
1.0000
 50
0.0000
  0
INSERT
  8
21
  2
RECT
 10
6.8230
 20
45.3610
 30
0.0000
 41
0.1219
 42
0.0305
 43
1.0000
 50
0.0000
  0
INSERT
  8
21
  2
RECT
 10
8.0422
 20
45.3610
 30
0.0000
 41
0.1219
 42
0.0305
 43
1.0000
 50
0.0000
  0
INSERT
  8
21
  2
RECT
 10
8.6213
 20
45.3610
 30
0.0000
 41
0.3048
 42
0.0305
 43
1.0000
 50
0.0000
  0
INSERT
  8
21
  2
RECT
 10
9.1395
 20
45.3610
 30
0.0000
 41
0.3658
 42
0.0305
 43
1.0000
 50
0.0000
  0
INSERT
  8
21
  2
RECT
 10
10.0539
 20
45.3610
 30
0.0000
 41
0.1219
 42
0.0305
 43
1.0000
 50
0.0000
  0
INSERT
  8
21
  2
RECT
 10
6.8230
 20
45.3914
 30
0.0000
 41
0.1219
 42
0.0305
 43
1.0000
 50
0.0000
  0
INSERT
  8
21
  2
RECT
 10
8.0422
 20
45.3914
 30
0.0000
 41
0.1219
 42
0.0305
 43
1.0000
 50
0.0000
  0
INSERT
  8
21
  2
RECT
 10
8.6670
 20
45.3914
 30
0.0000
 41
0.2743
 42
0.0305
 43
1.0000
 50
0.0000
  0
INSERT
  8
21
  2
RECT
 10
9.1547
 20
45.3914
 30
0.0000
 41
0.3962
 42
0.0305
 43
1.0000
 50
0.0000
  0
INSERT
  8
21
  2
RECT
 10
10.0539
 20
45.3914
 30
0.0000
 41
0.1219
 42
0.0305
 43
1.0000
 50
0.0000
  0
INSERT
  8
21
  2
RECT
 10
6.8230
 20
45.4219
 30
0.0000
 41
0.1219
 42
0.0305
 43
1.0000
 50
0.0000
  0
INSERT
  8
21
  2
RECT
 10
8.0422
 20
45.4219
 30
0.0000
 41
0.1219
 42
0.0305
 43
1.0000
 50
0.0000
  0
INSERT
  8
21
  2
RECT
 10
8.7128
 20
45.4219
 30
0.0000
 41
0.2438
 42
0.0305
 43
1.0000
 50
0.0000
  0
INSERT
  8
21
  2
RECT
 10
9.0176
 20
45.4219
 30
0.0000
 41
0.1829
 42
0.0305
 43
1.0000
 50
0.0000
  0
INSERT
  8
21
  2
RECT
 10
9.2767
 20
45.4219
 30
0.0000
 41
0.1524
 42
0.0305
 43
1.0000
 50
0.0000
  0
INSERT
  8
21
  2
RECT
 10
10.0539
 20
45.4219
 30
0.0000
 41
0.1219
 42
0.0305
 43
1.0000
 50
0.0000
  0
INSERT
  8
21
  2
RECT
 10
6.8230
 20
45.4524
 30
0.0000
 41
0.1219
 42
0.0305
 43
1.0000
 50
0.0000
  0
INSERT
  8
21
  2
RECT
 10
8.0422
 20
45.4524
 30
0.0000
 41
0.1219
 42
0.0305
 43
1.0000
 50
0.0000
  0
INSERT
  8
21
  2
RECT
 10
8.7432
 20
45.4524
 30
0.0000
 41
0.2438
 42
0.0305
 43
1.0000
 50
0.0000
  0
INSERT
  8
21
  2
RECT
 10
9.0176
 20
45.4524
 30
0.0000
 41
0.1829
 42
0.0305
 43
1.0000
 50
0.0000
  0
INSERT
  8
21
  2
RECT
 10
9.2767
 20
45.4524
 30
0.0000
 41
0.1524
 42
0.0305
 43
1.0000
 50
0.0000
  0
INSERT
  8
21
  2
RECT
 10
10.0539
 20
45.4524
 30
0.0000
 41
0.1219
 42
0.0305
 43
1.0000
 50
0.0000
  0
INSERT
  8
21
  2
RECT
 10
6.8230
 20
45.4829
 30
0.0000
 41
0.1219
 42
0.0305
 43
1.0000
 50
0.0000
  0
INSERT
  8
21
  2
RECT
 10
8.0422
 20
45.4829
 30
0.0000
 41
0.1219
 42
0.0305
 43
1.0000
 50
0.0000
  0
INSERT
  8
21
  2
RECT
 10
8.8804
 20
45.4829
 30
0.0000
 41
0.3962
 42
0.0305
 43
1.0000
 50
0.0000
  0
INSERT
  8
21
  2
RECT
 10
9.2767
 20
45.4829
 30
0.0000
 41
0.1524
 42
0.0305
 43
1.0000
 50
0.0000
  0
INSERT
  8
21
  2
RECT
 10
10.0539
 20
45.4829
 30
0.0000
 41
0.1219
 42
0.0305
 43
1.0000
 50
0.0000
  0
INSERT
  8
21
  2
RECT
 10
6.8230
 20
45.5134
 30
0.0000
 41
0.1219
 42
0.0305
 43
1.0000
 50
0.0000
  0
INSERT
  8
21
  2
RECT
 10
8.0422
 20
45.5134
 30
0.0000
 41
0.1219
 42
0.0305
 43
1.0000
 50
0.0000
  0
INSERT
  8
21
  2
RECT
 10
8.8804
 20
45.5134
 30
0.0000
 41
0.3353
 42
0.0305
 43
1.0000
 50
0.0000
  0
INSERT
  8
21
  2
RECT
 10
9.2919
 20
45.5134
 30
0.0000
 41
0.1219
 42
0.0305
 43
1.0000
 50
0.0000
  0
INSERT
  8
21
  2
RECT
 10
10.0539
 20
45.5134
 30
0.0000
 41
0.1219
 42
0.0305
 43
1.0000
 50
0.0000
  0
INSERT
  8
21
  2
RECT
 10
6.8230
 20
45.5438
 30
0.0000
 41
0.1219
 42
0.0305
 43
1.0000
 50
0.0000
  0
INSERT
  8
21
  2
RECT
 10
8.0422
 20
45.5438
 30
0.0000
 41
1.0363
 42
0.0305
 43
1.0000
 50
0.0000
  0
INSERT
  8
21
  2
RECT
 10
8.8956
 20
45.5438
 30
0.0000
 41
0.3048
 42
0.0305
 43
1.0000
 50
0.0000
  0
INSERT
  8
21
  2
RECT
 10
9.2767
 20
45.5438
 30
0.0000
 41
0.0914
 42
0.0305
 43
1.0000
 50
0.0000
  0
INSERT
  8
21
  2
RECT
 10
10.0539
 20
45.5438
 30
0.0000
 41
0.1219
 42
0.0305
 43
1.0000
 50
0.0000
  0
INSERT
  8
21
  2
RECT
 10
6.8230
 20
45.5743
 30
0.0000
 41
0.1219
 42
0.0305
 43
1.0000
 50
0.0000
  0
INSERT
  8
21
  2
RECT
 10
8.0422
 20
45.5743
 30
0.0000
 41
1.0363
 42
0.0305
 43
1.0000
 50
0.0000
  0
INSERT
  8
21
  2
RECT
 10
8.8956
 20
45.5743
 30
0.0000
 41
0.2438
 42
0.0305
 43
1.0000
 50
0.0000
  0
INSERT
  8
21
  2
RECT
 10
9.2614
 20
45.5743
 30
0.0000
 41
0.0610
 42
0.0305
 43
1.0000
 50
0.0000
  0
INSERT
  8
21
  2
RECT
 10
10.0539
 20
45.5743
 30
0.0000
 41
0.1219
 42
0.0305
 43
1.0000
 50
0.0000
  0
INSERT
  8
21
  2
RECT
 10
6.8230
 20
45.6048
 30
0.0000
 41
0.1219
 42
0.0305
 43
1.0000
 50
0.0000
  0
INSERT
  8
21
  2
RECT
 10
8.0422
 20
45.6048
 30
0.0000
 41
1.0363
 42
0.0305
 43
1.0000
 50
0.0000
  0
INSERT
  8
21
  2
RECT
 10
8.9109
 20
45.6048
 30
0.0000
 41
0.2134
 42
0.0305
 43
1.0000
 50
0.0000
  0
INSERT
  8
21
  2
RECT
 10
10.0539
 20
45.6048
 30
0.0000
 41
0.1219
 42
0.0305
 43
1.0000
 50
0.0000
  0
INSERT
  8
21
  2
RECT
 10
6.8230
 20
45.6353
 30
0.0000
 41
0.1219
 42
0.0305
 43
1.0000
 50
0.0000
  0
INSERT
  8
21
  2
RECT
 10
8.0422
 20
45.6353
 30
0.0000
 41
1.0363
 42
0.0305
 43
1.0000
 50
0.0000
  0
INSERT
  8
21
  2
RECT
 10
8.9109
 20
45.6353
 30
0.0000
 41
0.2134
 42
0.0305
 43
1.0000
 50
0.0000
  0
INSERT
  8
21
  2
RECT
 10
10.0539
 20
45.6353
 30
0.0000
 41
0.1219
 42
0.0305
 43
1.0000
 50
0.0000
  0
INSERT
  8
21
  2
RECT
 10
6.8230
 20
45.6658
 30
0.0000
 41
0.1219
 42
0.0305
 43
1.0000
 50
0.0000
  0
INSERT
  8
21
  2
RECT
 10
8.0422
 20
45.6658
 30
0.0000
 41
1.0363
 42
0.0305
 43
1.0000
 50
0.0000
  0
INSERT
  8
21
  2
RECT
 10
8.9109
 20
45.6658
 30
0.0000
 41
0.2134
 42
0.0305
 43
1.0000
 50
0.0000
  0
INSERT
  8
21
  2
RECT
 10
10.0539
 20
45.6658
 30
0.0000
 41
0.1219
 42
0.0305
 43
1.0000
 50
0.0000
  0
INSERT
  8
21
  2
RECT
 10
6.8230
 20
45.6962
 30
0.0000
 41
0.1219
 42
0.0305
 43
1.0000
 50
0.0000
  0
INSERT
  8
21
  2
RECT
 10
8.0422
 20
45.6962
 30
0.0000
 41
0.1219
 42
0.0305
 43
1.0000
 50
0.0000
  0
INSERT
  8
21
  2
RECT
 10
8.9261
 20
45.6962
 30
0.0000
 41
0.2438
 42
0.0305
 43
1.0000
 50
0.0000
  0
INSERT
  8
21
  2
RECT
 10
10.0539
 20
45.6962
 30
0.0000
 41
0.1219
 42
0.0305
 43
1.0000
 50
0.0000
  0
INSERT
  8
21
  2
RECT
 10
6.8230
 20
45.7267
 30
0.0000
 41
0.1219
 42
0.0305
 43
1.0000
 50
0.0000
  0
INSERT
  8
21
  2
RECT
 10
8.0422
 20
45.7267
 30
0.0000
 41
0.1219
 42
0.0305
 43
1.0000
 50
0.0000
  0
INSERT
  8
21
  2
RECT
 10
8.9414
 20
45.7267
 30
0.0000
 41
0.2743
 42
0.0305
 43
1.0000
 50
0.0000
  0
INSERT
  8
21
  2
RECT
 10
10.0539
 20
45.7267
 30
0.0000
 41
0.1219
 42
0.0305
 43
1.0000
 50
0.0000
  0
INSERT
  8
21
  2
RECT
 10
6.8230
 20
45.7572
 30
0.0000
 41
0.1219
 42
0.0305
 43
1.0000
 50
0.0000
  0
INSERT
  8
21
  2
RECT
 10
8.0422
 20
45.7572
 30
0.0000
 41
0.1219
 42
0.0305
 43
1.0000
 50
0.0000
  0
INSERT
  8
21
  2
RECT
 10
8.9261
 20
45.7572
 30
0.0000
 41
0.3048
 42
0.0305
 43
1.0000
 50
0.0000
  0
INSERT
  8
21
  2
RECT
 10
10.0539
 20
45.7572
 30
0.0000
 41
0.1219
 42
0.0305
 43
1.0000
 50
0.0000
  0
INSERT
  8
21
  2
RECT
 10
6.8230
 20
45.7877
 30
0.0000
 41
0.1219
 42
0.0305
 43
1.0000
 50
0.0000
  0
INSERT
  8
21
  2
RECT
 10
7.6764
 20
45.7877
 30
0.0000
 41
0.1219
 42
0.0305
 43
1.0000
 50
0.0000
  0
INSERT
  8
21
  2
RECT
 10
8.0422
 20
45.7877
 30
0.0000
 41
0.1219
 42
0.0305
 43
1.0000
 50
0.0000
  0
INSERT
  8
21
  2
RECT
 10
8.4080
 20
45.7877
 30
0.0000
 41
0.1219
 42
0.0305
 43
1.0000
 50
0.0000
  0
INSERT
  8
21
  2
RECT
 10
8.9414
 20
45.7877
 30
0.0000
 41
0.3353
 42
0.0305
 43
1.0000
 50
0.0000
  0
INSERT
  8
21
  2
RECT
 10
10.0539
 20
45.7877
 30
0.0000
 41
0.1219
 42
0.0305
 43
1.0000
 50
0.0000
  0
INSERT
  8
21
  2
RECT
 10
6.8230
 20
45.8182
 30
0.0000
 41
0.1219
 42
0.0305
 43
1.0000
 50
0.0000
  0
INSERT
  8
21
  2
RECT
 10
7.6764
 20
45.8182
 30
0.0000
 41
0.1219
 42
0.0305
 43
1.0000
 50
0.0000
  0
INSERT
  8
21
  2
RECT
 10
8.0422
 20
45.8182
 30
0.0000
 41
0.1219
 42
0.0305
 43
1.0000
 50
0.0000
  0
INSERT
  8
21
  2
RECT
 10
8.4080
 20
45.8182
 30
0.0000
 41
0.1219
 42
0.0305
 43
1.0000
 50
0.0000
  0
INSERT
  8
21
  2
RECT
 10
8.8499
 20
45.8182
 30
0.0000
 41
0.1524
 42
0.0305
 43
1.0000
 50
0.0000
  0
INSERT
  8
21
  2
RECT
 10
9.0328
 20
45.8182
 30
0.0000
 41
0.1524
 42
0.0305
 43
1.0000
 50
0.0000
  0
INSERT
  8
21
  2
RECT
 10
10.0539
 20
45.8182
 30
0.0000
 41
0.1219
 42
0.0305
 43
1.0000
 50
0.0000
  0
INSERT
  8
21
  2
RECT
 10
6.8230
 20
45.8486
 30
0.0000
 41
0.1219
 42
0.0305
 43
1.0000
 50
0.0000
  0
INSERT
  8
21
  2
RECT
 10
8.0422
 20
45.8486
 30
0.0000
 41
0.8534
 42
0.0305
 43
1.0000
 50
0.0000
  0
INSERT
  8
21
  2
RECT
 10
8.8499
 20
45.8486
 30
0.0000
 41
0.1524
 42
0.0305
 43
1.0000
 50
0.0000
  0
INSERT
  8
21
  2
RECT
 10
9.0480
 20
45.8486
 30
0.0000
 41
0.1829
 42
0.0305
 43
1.0000
 50
0.0000
  0
INSERT
  8
21
  2
RECT
 10
10.0539
 20
45.8486
 30
0.0000
 41
0.1219
 42
0.0305
 43
1.0000
 50
0.0000
  0
INSERT
  8
21
  2
RECT
 10
6.8230
 20
45.8791
 30
0.0000
 41
0.1219
 42
0.0305
 43
1.0000
 50
0.0000
  0
INSERT
  8
21
  2
RECT
 10
8.0422
 20
45.8791
 30
0.0000
 41
0.8534
 42
0.0305
 43
1.0000
 50
0.0000
  0
INSERT
  8
21
  2
RECT
 10
8.8194
 20
45.8791
 30
0.0000
 41
0.1524
 42
0.0305
 43
1.0000
 50
0.0000
  0
INSERT
  8
21
  2
RECT
 10
9.0633
 20
45.8791
 30
0.0000
 41
0.1524
 42
0.0305
 43
1.0000
 50
0.0000
  0
INSERT
  8
21
  2
RECT
 10
10.0539
 20
45.8791
 30
0.0000
 41
0.1219
 42
0.0305
 43
1.0000
 50
0.0000
  0
INSERT
  8
21
  2
RECT
 10
6.8230
 20
45.9096
 30
0.0000
 41
0.1219
 42
0.0305
 43
1.0000
 50
0.0000
  0
INSERT
  8
21
  2
RECT
 10
8.0422
 20
45.9096
 30
0.0000
 41
0.8534
 42
0.0305
 43
1.0000
 50
0.0000
  0
INSERT
  8
21
  2
RECT
 10
8.8194
 20
45.9096
 30
0.0000
 41
0.1524
 42
0.0305
 43
1.0000
 50
0.0000
  0
INSERT
  8
21
  2
RECT
 10
9.0633
 20
45.9096
 30
0.0000
 41
0.1524
 42
0.0305
 43
1.0000
 50
0.0000
  0
INSERT
  8
21
  2
RECT
 10
10.0539
 20
45.9096
 30
0.0000
 41
0.1219
 42
0.0305
 43
1.0000
 50
0.0000
  0
INSERT
  8
21
  2
RECT
 10
6.8230
 20
45.9401
 30
0.0000
 41
0.1219
 42
0.0305
 43
1.0000
 50
0.0000
  0
INSERT
  8
21
  2
RECT
 10
8.0422
 20
45.9401
 30
0.0000
 41
0.8534
 42
0.0305
 43
1.0000
 50
0.0000
  0
INSERT
  8
21
  2
RECT
 10
8.8194
 20
45.9401
 30
0.0000
 41
0.1524
 42
0.0305
 43
1.0000
 50
0.0000
  0
INSERT
  8
21
  2
RECT
 10
9.0938
 20
45.9401
 30
0.0000
 41
0.1524
 42
0.0305
 43
1.0000
 50
0.0000
  0
INSERT
  8
21
  2
RECT
 10
10.0539
 20
45.9401
 30
0.0000
 41
0.1219
 42
0.0305
 43
1.0000
 50
0.0000
  0
INSERT
  8
21
  2
RECT
 10
6.8230
 20
45.9706
 30
0.0000
 41
0.1219
 42
0.0305
 43
1.0000
 50
0.0000
  0
INSERT
  8
21
  2
RECT
 10
7.6764
 20
45.9706
 30
0.0000
 41
0.1219
 42
0.0305
 43
1.0000
 50
0.0000
  0
INSERT
  8
21
  2
RECT
 10
8.0422
 20
45.9706
 30
0.0000
 41
0.1219
 42
0.0305
 43
1.0000
 50
0.0000
  0
INSERT
  8
21
  2
RECT
 10
8.4080
 20
45.9706
 30
0.0000
 41
0.1219
 42
0.0305
 43
1.0000
 50
0.0000
  0
INSERT
  8
21
  2
RECT
 10
8.8194
 20
45.9706
 30
0.0000
 41
0.1524
 42
0.0305
 43
1.0000
 50
0.0000
  0
INSERT
  8
21
  2
RECT
 10
9.0938
 20
45.9706
 30
0.0000
 41
0.1524
 42
0.0305
 43
1.0000
 50
0.0000
  0
INSERT
  8
21
  2
RECT
 10
10.0539
 20
45.9706
 30
0.0000
 41
0.1219
 42
0.0305
 43
1.0000
 50
0.0000
  0
INSERT
  8
21
  2
RECT
 10
6.8230
 20
46.0010
 30
0.0000
 41
0.1219
 42
0.0305
 43
1.0000
 50
0.0000
  0
INSERT
  8
21
  2
RECT
 10
7.6764
 20
46.0010
 30
0.0000
 41
0.1219
 42
0.0305
 43
1.0000
 50
0.0000
  0
INSERT
  8
21
  2
RECT
 10
8.0422
 20
46.0010
 30
0.0000
 41
0.1219
 42
0.0305
 43
1.0000
 50
0.0000
  0
INSERT
  8
21
  2
RECT
 10
8.4080
 20
46.0010
 30
0.0000
 41
0.1219
 42
0.0305
 43
1.0000
 50
0.0000
  0
INSERT
  8
21
  2
RECT
 10
8.8194
 20
46.0010
 30
0.0000
 41
0.1524
 42
0.0305
 43
1.0000
 50
0.0000
  0
INSERT
  8
21
  2
RECT
 10
9.1090
 20
46.0010
 30
0.0000
 41
0.1829
 42
0.0305
 43
1.0000
 50
0.0000
  0
INSERT
  8
21
  2
RECT
 10
10.0539
 20
46.0010
 30
0.0000
 41
0.1219
 42
0.0305
 43
1.0000
 50
0.0000
  0
INSERT
  8
21
  2
RECT
 10
6.8230
 20
46.0315
 30
0.0000
 41
0.1219
 42
0.0305
 43
1.0000
 50
0.0000
  0
INSERT
  8
21
  2
RECT
 10
7.6764
 20
46.0315
 30
0.0000
 41
0.1219
 42
0.0305
 43
1.0000
 50
0.0000
  0
INSERT
  8
21
  2
RECT
 10
8.0422
 20
46.0315
 30
0.0000
 41
0.1219
 42
0.0305
 43
1.0000
 50
0.0000
  0
INSERT
  8
21
  2
RECT
 10
8.4080
 20
46.0315
 30
0.0000
 41
0.1219
 42
0.0305
 43
1.0000
 50
0.0000
  0
INSERT
  8
21
  2
RECT
 10
8.8194
 20
46.0315
 30
0.0000
 41
0.1524
 42
0.0305
 43
1.0000
 50
0.0000
  0
INSERT
  8
21
  2
RECT
 10
9.1242
 20
46.0315
 30
0.0000
 41
0.1524
 42
0.0305
 43
1.0000
 50
0.0000
  0
INSERT
  8
21
  2
RECT
 10
10.0539
 20
46.0315
 30
0.0000
 41
0.1219
 42
0.0305
 43
1.0000
 50
0.0000
  0
INSERT
  8
21
  2
RECT
 10
6.8230
 20
46.0620
 30
0.0000
 41
0.1219
 42
0.0305
 43
1.0000
 50
0.0000
  0
INSERT
  8
21
  2
RECT
 10
7.6764
 20
46.0620
 30
0.0000
 41
0.1219
 42
0.0305
 43
1.0000
 50
0.0000
  0
INSERT
  8
21
  2
RECT
 10
8.0422
 20
46.0620
 30
0.0000
 41
0.1219
 42
0.0305
 43
1.0000
 50
0.0000
  0
INSERT
  8
21
  2
RECT
 10
8.4080
 20
46.0620
 30
0.0000
 41
0.1219
 42
0.0305
 43
1.0000
 50
0.0000
  0
INSERT
  8
21
  2
RECT
 10
8.7890
 20
46.0620
 30
0.0000
 41
0.1524
 42
0.0305
 43
1.0000
 50
0.0000
  0
INSERT
  8
21
  2
RECT
 10
9.1242
 20
46.0620
 30
0.0000
 41
0.1524
 42
0.0305
 43
1.0000
 50
0.0000
  0
INSERT
  8
21
  2
RECT
 10
10.0539
 20
46.0620
 30
0.0000
 41
0.1219
 42
0.0305
 43
1.0000
 50
0.0000
  0
INSERT
  8
21
  2
RECT
 10
6.8230
 20
46.0925
 30
0.0000
 41
0.1219
 42
0.0305
 43
1.0000
 50
0.0000
  0
INSERT
  8
21
  2
RECT
 10
7.6764
 20
46.0925
 30
0.0000
 41
0.1219
 42
0.0305
 43
1.0000
 50
0.0000
  0
INSERT
  8
21
  2
RECT
 10
8.0422
 20
46.0925
 30
0.0000
 41
0.1219
 42
0.0305
 43
1.0000
 50
0.0000
  0
INSERT
  8
21
  2
RECT
 10
8.4080
 20
46.0925
 30
0.0000
 41
0.1219
 42
0.0305
 43
1.0000
 50
0.0000
  0
INSERT
  8
21
  2
RECT
 10
8.7890
 20
46.0925
 30
0.0000
 41
0.1524
 42
0.0305
 43
1.0000
 50
0.0000
  0
INSERT
  8
21
  2
RECT
 10
9.1547
 20
46.0925
 30
0.0000
 41
0.1524
 42
0.0305
 43
1.0000
 50
0.0000
  0
INSERT
  8
21
  2
RECT
 10
10.0539
 20
46.0925
 30
0.0000
 41
0.1219
 42
0.0305
 43
1.0000
 50
0.0000
  0
INSERT
  8
21
  2
RECT
 10
6.8230
 20
46.1230
 30
0.0000
 41
0.1219
 42
0.0305
 43
1.0000
 50
0.0000
  0
INSERT
  8
21
  2
RECT
 10
8.0422
 20
46.1230
 30
0.0000
 41
0.8534
 42
0.0305
 43
1.0000
 50
0.0000
  0
INSERT
  8
21
  2
RECT
 10
8.7890
 20
46.1230
 30
0.0000
 41
0.1524
 42
0.0305
 43
1.0000
 50
0.0000
  0
INSERT
  8
21
  2
RECT
 10
9.1547
 20
46.1230
 30
0.0000
 41
0.1524
 42
0.0305
 43
1.0000
 50
0.0000
  0
INSERT
  8
21
  2
RECT
 10
10.0539
 20
46.1230
 30
0.0000
 41
0.1219
 42
0.0305
 43
1.0000
 50
0.0000
  0
INSERT
  8
21
  2
RECT
 10
6.8230
 20
46.1534
 30
0.0000
 41
0.1219
 42
0.0305
 43
1.0000
 50
0.0000
  0
INSERT
  8
21
  2
RECT
 10
8.0422
 20
46.1534
 30
0.0000
 41
0.8534
 42
0.0305
 43
1.0000
 50
0.0000
  0
INSERT
  8
21
  2
RECT
 10
8.7890
 20
46.1534
 30
0.0000
 41
0.1524
 42
0.0305
 43
1.0000
 50
0.0000
  0
INSERT
  8
21
  2
RECT
 10
9.1242
 20
46.1534
 30
0.0000
 41
0.0914
 42
0.0305
 43
1.0000
 50
0.0000
  0
INSERT
  8
21
  2
RECT
 10
10.0539
 20
46.1534
 30
0.0000
 41
0.1219
 42
0.0305
 43
1.0000
 50
0.0000
  0
INSERT
  8
21
  2
RECT
 10
6.8230
 20
46.1839
 30
0.0000
 41
0.1219
 42
0.0305
 43
1.0000
 50
0.0000
  0
INSERT
  8
21
  2
RECT
 10
8.0422
 20
46.1839
 30
0.0000
 41
0.8534
 42
0.0305
 43
1.0000
 50
0.0000
  0
INSERT
  8
21
  2
RECT
 10
8.7890
 20
46.1839
 30
0.0000
 41
0.1524
 42
0.0305
 43
1.0000
 50
0.0000
  0
INSERT
  8
21
  2
RECT
 10
10.0539
 20
46.1839
 30
0.0000
 41
0.1219
 42
0.0305
 43
1.0000
 50
0.0000
  0
INSERT
  8
21
  2
RECT
 10
6.8230
 20
46.2144
 30
0.0000
 41
0.1219
 42
0.0305
 43
1.0000
 50
0.0000
  0
INSERT
  8
21
  2
RECT
 10
8.0422
 20
46.2144
 30
0.0000
 41
0.8534
 42
0.0305
 43
1.0000
 50
0.0000
  0
INSERT
  8
21
  2
RECT
 10
8.7890
 20
46.2144
 30
0.0000
 41
0.1524
 42
0.0305
 43
1.0000
 50
0.0000
  0
INSERT
  8
21
  2
RECT
 10
10.0539
 20
46.2144
 30
0.0000
 41
0.1219
 42
0.0305
 43
1.0000
 50
0.0000
  0
INSERT
  8
21
  2
RECT
 10
6.8230
 20
46.2449
 30
0.0000
 41
0.1219
 42
0.0305
 43
1.0000
 50
0.0000
  0
INSERT
  8
21
  2
RECT
 10
7.6917
 20
46.2449
 30
0.0000
 41
0.1524
 42
0.0305
 43
1.0000
 50
0.0000
  0
INSERT
  8
21
  2
RECT
 10
8.0422
 20
46.2449
 30
0.0000
 41
0.1219
 42
0.0305
 43
1.0000
 50
0.0000
  0
INSERT
  8
21
  2
RECT
 10
8.4080
 20
46.2449
 30
0.0000
 41
0.1219
 42
0.0305
 43
1.0000
 50
0.0000
  0
INSERT
  8
21
  2
RECT
 10
8.7890
 20
46.2449
 30
0.0000
 41
0.1524
 42
0.0305
 43
1.0000
 50
0.0000
  0
INSERT
  8
21
  2
RECT
 10
10.0539
 20
46.2449
 30
0.0000
 41
0.1219
 42
0.0305
 43
1.0000
 50
0.0000
  0
INSERT
  8
21
  2
RECT
 10
6.8230
 20
46.2754
 30
0.0000
 41
0.1219
 42
0.0305
 43
1.0000
 50
0.0000
  0
INSERT
  8
21
  2
RECT
 10
7.6764
 20
46.2754
 30
0.0000
 41
0.1219
 42
0.0305
 43
1.0000
 50
0.0000
  0
INSERT
  8
21
  2
RECT
 10
8.0422
 20
46.2754
 30
0.0000
 41
0.1219
 42
0.0305
 43
1.0000
 50
0.0000
  0
INSERT
  8
21
  2
RECT
 10
8.4080
 20
46.2754
 30
0.0000
 41
0.1219
 42
0.0305
 43
1.0000
 50
0.0000
  0
INSERT
  8
21
  2
RECT
 10
8.7128
 20
46.2754
 30
0.0000
 41
0.3048
 42
0.0305
 43
1.0000
 50
0.0000
  0
INSERT
  8
21
  2
RECT
 10
10.0539
 20
46.2754
 30
0.0000
 41
0.1219
 42
0.0305
 43
1.0000
 50
0.0000
  0
INSERT
  8
21
  2
RECT
 10
6.8230
 20
46.3058
 30
0.0000
 41
0.1219
 42
0.0305
 43
1.0000
 50
0.0000
  0
INSERT
  8
21
  2
RECT
 10
7.6764
 20
46.3058
 30
0.0000
 41
0.1219
 42
0.0305
 43
1.0000
 50
0.0000
  0
INSERT
  8
21
  2
RECT
 10
8.0422
 20
46.3058
 30
0.0000
 41
0.1219
 42
0.0305
 43
1.0000
 50
0.0000
  0
INSERT
  8
21
  2
RECT
 10
8.4080
 20
46.3058
 30
0.0000
 41
0.1219
 42
0.0305
 43
1.0000
 50
0.0000
  0
INSERT
  8
21
  2
RECT
 10
8.8804
 20
46.3058
 30
0.0000
 41
0.6401
 42
0.0305
 43
1.0000
 50
0.0000
  0
INSERT
  8
21
  2
RECT
 10
10.0539
 20
46.3058
 30
0.0000
 41
0.1219
 42
0.0305
 43
1.0000
 50
0.0000
  0
INSERT
  8
21
  2
RECT
 10
6.8230
 20
46.3363
 30
0.0000
 41
0.1219
 42
0.0305
 43
1.0000
 50
0.0000
  0
INSERT
  8
21
  2
RECT
 10
7.6764
 20
46.3363
 30
0.0000
 41
0.1219
 42
0.0305
 43
1.0000
 50
0.0000
  0
INSERT
  8
21
  2
RECT
 10
8.0422
 20
46.3363
 30
0.0000
 41
0.1219
 42
0.0305
 43
1.0000
 50
0.0000
  0
INSERT
  8
21
  2
RECT
 10
8.4080
 20
46.3363
 30
0.0000
 41
0.1219
 42
0.0305
 43
1.0000
 50
0.0000
  0
INSERT
  8
21
  2
RECT
 10
8.9261
 20
46.3363
 30
0.0000
 41
0.7315
 42
0.0305
 43
1.0000
 50
0.0000
  0
INSERT
  8
21
  2
RECT
 10
10.0539
 20
46.3363
 30
0.0000
 41
0.1219
 42
0.0305
 43
1.0000
 50
0.0000
  0
INSERT
  8
21
  2
RECT
 10
6.8230
 20
46.3668
 30
0.0000
 41
0.1219
 42
0.0305
 43
1.0000
 50
0.0000
  0
INSERT
  8
21
  2
RECT
 10
7.6764
 20
46.3668
 30
0.0000
 41
0.1219
 42
0.0305
 43
1.0000
 50
0.0000
  0
INSERT
  8
21
  2
RECT
 10
8.0422
 20
46.3668
 30
0.0000
 41
0.1219
 42
0.0305
 43
1.0000
 50
0.0000
  0
INSERT
  8
21
  2
RECT
 10
8.4080
 20
46.3668
 30
0.0000
 41
0.1219
 42
0.0305
 43
1.0000
 50
0.0000
  0
INSERT
  8
21
  2
RECT
 10
8.9261
 20
46.3668
 30
0.0000
 41
0.7315
 42
0.0305
 43
1.0000
 50
0.0000
  0
INSERT
  8
21
  2
RECT
 10
10.0539
 20
46.3668
 30
0.0000
 41
0.1219
 42
0.0305
 43
1.0000
 50
0.0000
  0
INSERT
  8
21
  2
RECT
 10
6.8230
 20
46.3973
 30
0.0000
 41
0.1219
 42
0.0305
 43
1.0000
 50
0.0000
  0
INSERT
  8
21
  2
RECT
 10
8.0422
 20
46.3973
 30
0.0000
 41
0.8534
 42
0.0305
 43
1.0000
 50
0.0000
  0
INSERT
  8
21
  2
RECT
 10
8.9261
 20
46.3973
 30
0.0000
 41
0.7315
 42
0.0305
 43
1.0000
 50
0.0000
  0
INSERT
  8
21
  2
RECT
 10
10.0539
 20
46.3973
 30
0.0000
 41
0.1219
 42
0.0305
 43
1.0000
 50
0.0000
  0
INSERT
  8
21
  2
RECT
 10
6.8230
 20
46.4278
 30
0.0000
 41
0.1219
 42
0.0305
 43
1.0000
 50
0.0000
  0
INSERT
  8
21
  2
RECT
 10
8.0422
 20
46.4278
 30
0.0000
 41
0.8534
 42
0.0305
 43
1.0000
 50
0.0000
  0
INSERT
  8
21
  2
RECT
 10
8.9871
 20
46.4278
 30
0.0000
 41
0.6096
 42
0.0305
 43
1.0000
 50
0.0000
  0
INSERT
  8
21
  2
RECT
 10
10.0539
 20
46.4278
 30
0.0000
 41
0.1219
 42
0.0305
 43
1.0000
 50
0.0000
  0
INSERT
  8
21
  2
RECT
 10
6.8230
 20
46.4582
 30
0.0000
 41
0.1219
 42
0.0305
 43
1.0000
 50
0.0000
  0
INSERT
  8
21
  2
RECT
 10
8.0422
 20
46.4582
 30
0.0000
 41
0.8534
 42
0.0305
 43
1.0000
 50
0.0000
  0
INSERT
  8
21
  2
RECT
 10
8.7890
 20
46.4582
 30
0.0000
 41
0.1524
 42
0.0305
 43
1.0000
 50
0.0000
  0
INSERT
  8
21
  2
RECT
 10
10.0539
 20
46.4582
 30
0.0000
 41
0.1219
 42
0.0305
 43
1.0000
 50
0.0000
  0
INSERT
  8
21
  2
RECT
 10
6.8230
 20
46.4887
 30
0.0000
 41
0.1219
 42
0.0305
 43
1.0000
 50
0.0000
  0
INSERT
  8
21
  2
RECT
 10
8.0422
 20
46.4887
 30
0.0000
 41
0.8534
 42
0.0305
 43
1.0000
 50
0.0000
  0
INSERT
  8
21
  2
RECT
 10
8.7890
 20
46.4887
 30
0.0000
 41
0.1524
 42
0.0305
 43
1.0000
 50
0.0000
  0
INSERT
  8
21
  2
RECT
 10
10.0539
 20
46.4887
 30
0.0000
 41
0.1219
 42
0.0305
 43
1.0000
 50
0.0000
  0
INSERT
  8
21
  2
RECT
 10
6.8230
 20
46.5192
 30
0.0000
 41
0.1219
 42
0.0305
 43
1.0000
 50
0.0000
  0
INSERT
  8
21
  2
RECT
 10
8.7890
 20
46.5192
 30
0.0000
 41
0.1524
 42
0.0305
 43
1.0000
 50
0.0000
  0
INSERT
  8
21
  2
RECT
 10
10.0539
 20
46.5192
 30
0.0000
 41
0.1219
 42
0.0305
 43
1.0000
 50
0.0000
  0
INSERT
  8
21
  2
RECT
 10
6.8230
 20
46.5497
 30
0.0000
 41
0.1219
 42
0.0305
 43
1.0000
 50
0.0000
  0
INSERT
  8
21
  2
RECT
 10
8.7890
 20
46.5497
 30
0.0000
 41
0.1524
 42
0.0305
 43
1.0000
 50
0.0000
  0
INSERT
  8
21
  2
RECT
 10
9.0785
 20
46.5497
 30
0.0000
 41
0.0610
 42
0.0305
 43
1.0000
 50
0.0000
  0
INSERT
  8
21
  2
RECT
 10
10.0539
 20
46.5497
 30
0.0000
 41
0.1219
 42
0.0305
 43
1.0000
 50
0.0000
  0
INSERT
  8
21
  2
RECT
 10
6.8230
 20
46.5802
 30
0.0000
 41
0.1219
 42
0.0305
 43
1.0000
 50
0.0000
  0
INSERT
  8
21
  2
RECT
 10
7.7222
 20
46.5802
 30
0.0000
 41
0.0305
 42
0.0305
 43
1.0000
 50
0.0000
  0
INSERT
  8
21
  2
RECT
 10
8.3470
 20
46.5802
 30
0.0000
 41
0.0610
 42
0.0305
 43
1.0000
 50
0.0000
  0
INSERT
  8
21
  2
RECT
 10
8.7890
 20
46.5802
 30
0.0000
 41
0.1524
 42
0.0305
 43
1.0000
 50
0.0000
  0
INSERT
  8
21
  2
RECT
 10
9.1090
 20
46.5802
 30
0.0000
 41
0.1219
 42
0.0305
 43
1.0000
 50
0.0000
  0
INSERT
  8
21
  2
RECT
 10
10.0539
 20
46.5802
 30
0.0000
 41
0.1219
 42
0.0305
 43
1.0000
 50
0.0000
  0
INSERT
  8
21
  2
RECT
 10
6.8230
 20
46.6106
 30
0.0000
 41
0.1219
 42
0.0305
 43
1.0000
 50
0.0000
  0
INSERT
  8
21
  2
RECT
 10
7.7374
 20
46.6106
 30
0.0000
 41
0.1219
 42
0.0305
 43
1.0000
 50
0.0000
  0
INSERT
  8
21
  2
RECT
 10
8.0422
 20
46.6106
 30
0.0000
 41
0.0610
 42
0.0305
 43
1.0000
 50
0.0000
  0
INSERT
  8
21
  2
RECT
 10
8.3318
 20
46.6106
 30
0.0000
 41
0.1524
 42
0.0305
 43
1.0000
 50
0.0000
  0
INSERT
  8
21
  2
RECT
 10
8.7890
 20
46.6106
 30
0.0000
 41
0.1524
 42
0.0305
 43
1.0000
 50
0.0000
  0
INSERT
  8
21
  2
RECT
 10
9.1090
 20
46.6106
 30
0.0000
 41
0.1829
 42
0.0305
 43
1.0000
 50
0.0000
  0
INSERT
  8
21
  2
RECT
 10
10.0539
 20
46.6106
 30
0.0000
 41
0.1219
 42
0.0305
 43
1.0000
 50
0.0000
  0
INSERT
  8
21
  2
RECT
 10
6.8230
 20
46.6411
 30
0.0000
 41
0.1219
 42
0.0305
 43
1.0000
 50
0.0000
  0
INSERT
  8
21
  2
RECT
 10
7.7527
 20
46.6411
 30
0.0000
 41
0.2134
 42
0.0305
 43
1.0000
 50
0.0000
  0
INSERT
  8
21
  2
RECT
 10
8.0422
 20
46.6411
 30
0.0000
 41
0.1219
 42
0.0305
 43
1.0000
 50
0.0000
  0
INSERT
  8
21
  2
RECT
 10
8.3165
 20
46.6411
 30
0.0000
 41
0.1829
 42
0.0305
 43
1.0000
 50
0.0000
  0
INSERT
  8
21
  2
RECT
 10
8.7890
 20
46.6411
 30
0.0000
 41
0.1524
 42
0.0305
 43
1.0000
 50
0.0000
  0
INSERT
  8
21
  2
RECT
 10
9.1090
 20
46.6411
 30
0.0000
 41
0.1829
 42
0.0305
 43
1.0000
 50
0.0000
  0
INSERT
  8
21
  2
RECT
 10
10.0539
 20
46.6411
 30
0.0000
 41
0.1219
 42
0.0305
 43
1.0000
 50
0.0000
  0
INSERT
  8
21
  2
RECT
 10
6.8230
 20
46.6716
 30
0.0000
 41
0.1219
 42
0.0305
 43
1.0000
 50
0.0000
  0
INSERT
  8
21
  2
RECT
 10
7.7374
 20
46.6716
 30
0.0000
 41
0.1829
 42
0.0305
 43
1.0000
 50
0.0000
  0
INSERT
  8
21
  2
RECT
 10
8.0727
 20
46.6716
 30
0.0000
 41
0.1829
 42
0.0305
 43
1.0000
 50
0.0000
  0
INSERT
  8
21
  2
RECT
 10
8.3470
 20
46.6716
 30
0.0000
 41
0.1829
 42
0.0305
 43
1.0000
 50
0.0000
  0
INSERT
  8
21
  2
RECT
 10
8.7890
 20
46.6716
 30
0.0000
 41
0.1524
 42
0.0305
 43
1.0000
 50
0.0000
  0
INSERT
  8
21
  2
RECT
 10
9.0785
 20
46.6716
 30
0.0000
 41
0.1829
 42
0.0305
 43
1.0000
 50
0.0000
  0
INSERT
  8
21
  2
RECT
 10
10.0539
 20
46.6716
 30
0.0000
 41
0.1219
 42
0.0305
 43
1.0000
 50
0.0000
  0
INSERT
  8
21
  2
RECT
 10
6.8230
 20
46.7021
 30
0.0000
 41
0.1219
 42
0.0305
 43
1.0000
 50
0.0000
  0
INSERT
  8
21
  2
RECT
 10
7.7069
 20
46.7021
 30
0.0000
 41
0.1829
 42
0.0305
 43
1.0000
 50
0.0000
  0
INSERT
  8
21
  2
RECT
 10
8.0422
 20
46.7021
 30
0.0000
 41
0.1829
 42
0.0305
 43
1.0000
 50
0.0000
  0
INSERT
  8
21
  2
RECT
 10
8.3470
 20
46.7021
 30
0.0000
 41
0.1829
 42
0.0305
 43
1.0000
 50
0.0000
  0
INSERT
  8
21
  2
RECT
 10
8.7890
 20
46.7021
 30
0.0000
 41
0.1524
 42
0.0305
 43
1.0000
 50
0.0000
  0
INSERT
  8
21
  2
RECT
 10
9.0480
 20
46.7021
 30
0.0000
 41
0.1829
 42
0.0305
 43
1.0000
 50
0.0000
  0
INSERT
  8
21
  2
RECT
 10
10.0539
 20
46.7021
 30
0.0000
 41
0.1219
 42
0.0305
 43
1.0000
 50
0.0000
  0
INSERT
  8
21
  2
RECT
 10
6.8230
 20
46.7326
 30
0.0000
 41
0.1219
 42
0.0305
 43
1.0000
 50
0.0000
  0
INSERT
  8
21
  2
RECT
 10
7.7069
 20
46.7326
 30
0.0000
 41
0.1829
 42
0.0305
 43
1.0000
 50
0.0000
  0
INSERT
  8
21
  2
RECT
 10
8.0422
 20
46.7326
 30
0.0000
 41
0.1829
 42
0.0305
 43
1.0000
 50
0.0000
  0
INSERT
  8
21
  2
RECT
 10
8.3775
 20
46.7326
 30
0.0000
 41
0.1829
 42
0.0305
 43
1.0000
 50
0.0000
  0
INSERT
  8
21
  2
RECT
 10
8.7890
 20
46.7326
 30
0.0000
 41
0.1524
 42
0.0305
 43
1.0000
 50
0.0000
  0
INSERT
  8
21
  2
RECT
 10
9.0480
 20
46.7326
 30
0.0000
 41
0.1829
 42
0.0305
 43
1.0000
 50
0.0000
  0
INSERT
  8
21
  2
RECT
 10
10.0539
 20
46.7326
 30
0.0000
 41
0.1219
 42
0.0305
 43
1.0000
 50
0.0000
  0
INSERT
  8
21
  2
RECT
 10
6.8230
 20
46.7630
 30
0.0000
 41
0.1219
 42
0.0305
 43
1.0000
 50
0.0000
  0
INSERT
  8
21
  2
RECT
 10
7.6764
 20
46.7630
 30
0.0000
 41
0.1829
 42
0.0305
 43
1.0000
 50
0.0000
  0
INSERT
  8
21
  2
RECT
 10
8.0117
 20
46.7630
 30
0.0000
 41
0.1829
 42
0.0305
 43
1.0000
 50
0.0000
  0
INSERT
  8
21
  2
RECT
 10
8.3775
 20
46.7630
 30
0.0000
 41
0.1829
 42
0.0305
 43
1.0000
 50
0.0000
  0
INSERT
  8
21
  2
RECT
 10
8.7890
 20
46.7630
 30
0.0000
 41
0.1524
 42
0.0305
 43
1.0000
 50
0.0000
  0
INSERT
  8
21
  2
RECT
 10
9.0176
 20
46.7630
 30
0.0000
 41
0.1829
 42
0.0305
 43
1.0000
 50
0.0000
  0
INSERT
  8
21
  2
RECT
 10
10.0539
 20
46.7630
 30
0.0000
 41
0.1219
 42
0.0305
 43
1.0000
 50
0.0000
  0
INSERT
  8
21
  2
RECT
 10
6.8230
 20
46.7935
 30
0.0000
 41
0.1219
 42
0.0305
 43
1.0000
 50
0.0000
  0
INSERT
  8
21
  2
RECT
 10
7.6460
 20
46.7935
 30
0.0000
 41
0.1829
 42
0.0305
 43
1.0000
 50
0.0000
  0
INSERT
  8
21
  2
RECT
 10
7.9965
 20
46.7935
 30
0.0000
 41
0.2134
 42
0.0305
 43
1.0000
 50
0.0000
  0
INSERT
  8
21
  2
RECT
 10
8.4080
 20
46.7935
 30
0.0000
 41
0.1829
 42
0.0305
 43
1.0000
 50
0.0000
  0
INSERT
  8
21
  2
RECT
 10
8.7890
 20
46.7935
 30
0.0000
 41
0.1524
 42
0.0305
 43
1.0000
 50
0.0000
  0
INSERT
  8
21
  2
RECT
 10
9.0023
 20
46.7935
 30
0.0000
 41
0.1524
 42
0.0305
 43
1.0000
 50
0.0000
  0
INSERT
  8
21
  2
RECT
 10
10.0539
 20
46.7935
 30
0.0000
 41
0.1219
 42
0.0305
 43
1.0000
 50
0.0000
  0
INSERT
  8
21
  2
RECT
 10
6.8230
 20
46.8240
 30
0.0000
 41
0.1219
 42
0.0305
 43
1.0000
 50
0.0000
  0
INSERT
  8
21
  2
RECT
 10
7.6460
 20
46.8240
 30
0.0000
 41
0.1829
 42
0.0305
 43
1.0000
 50
0.0000
  0
INSERT
  8
21
  2
RECT
 10
7.9813
 20
46.8240
 30
0.0000
 41
0.1829
 42
0.0305
 43
1.0000
 50
0.0000
  0
INSERT
  8
21
  2
RECT
 10
8.4232
 20
46.8240
 30
0.0000
 41
0.2134
 42
0.0305
 43
1.0000
 50
0.0000
  0
INSERT
  8
21
  2
RECT
 10
8.7890
 20
46.8240
 30
0.0000
 41
0.1524
 42
0.0305
 43
1.0000
 50
0.0000
  0
INSERT
  8
21
  2
RECT
 10
9.0328
 20
46.8240
 30
0.0000
 41
0.0914
 42
0.0305
 43
1.0000
 50
0.0000
  0
INSERT
  8
21
  2
RECT
 10
10.0539
 20
46.8240
 30
0.0000
 41
0.1219
 42
0.0305
 43
1.0000
 50
0.0000
  0
INSERT
  8
21
  2
RECT
 10
6.8230
 20
46.8545
 30
0.0000
 41
0.1219
 42
0.0305
 43
1.0000
 50
0.0000
  0
INSERT
  8
21
  2
RECT
 10
7.6612
 20
46.8545
 30
0.0000
 41
0.0914
 42
0.0305
 43
1.0000
 50
0.0000
  0
INSERT
  8
21
  2
RECT
 10
7.9508
 20
46.8545
 30
0.0000
 41
0.1829
 42
0.0305
 43
1.0000
 50
0.0000
  0
INSERT
  8
21
  2
RECT
 10
8.4384
 20
46.8545
 30
0.0000
 41
0.1829
 42
0.0305
 43
1.0000
 50
0.0000
  0
INSERT
  8
21
  2
RECT
 10
8.7890
 20
46.8545
 30
0.0000
 41
0.1524
 42
0.0305
 43
1.0000
 50
0.0000
  0
INSERT
  8
21
  2
RECT
 10
9.0328
 20
46.8545
 30
0.0000
 41
0.0305
 42
0.0305
 43
1.0000
 50
0.0000
  0
INSERT
  8
21
  2
RECT
 10
10.0539
 20
46.8545
 30
0.0000
 41
0.1219
 42
0.0305
 43
1.0000
 50
0.0000
  0
INSERT
  8
21
  2
RECT
 10
6.8230
 20
46.8850
 30
0.0000
 41
0.1219
 42
0.0305
 43
1.0000
 50
0.0000
  0
INSERT
  8
21
  2
RECT
 10
7.9660
 20
46.8850
 30
0.0000
 41
0.0914
 42
0.0305
 43
1.0000
 50
0.0000
  0
INSERT
  8
21
  2
RECT
 10
8.4080
 20
46.8850
 30
0.0000
 41
0.1219
 42
0.0305
 43
1.0000
 50
0.0000
  0
INSERT
  8
21
  2
RECT
 10
8.7890
 20
46.8850
 30
0.0000
 41
0.1524
 42
0.0305
 43
1.0000
 50
0.0000
  0
INSERT
  8
21
  2
RECT
 10
10.0539
 20
46.8850
 30
0.0000
 41
0.1219
 42
0.0305
 43
1.0000
 50
0.0000
  0
INSERT
  8
21
  2
RECT
 10
6.8230
 20
46.9154
 30
0.0000
 41
0.1219
 42
0.0305
 43
1.0000
 50
0.0000
  0
INSERT
  8
21
  2
RECT
 10
7.9813
 20
46.9154
 30
0.0000
 41
0.0610
 42
0.0305
 43
1.0000
 50
0.0000
  0
INSERT
  8
21
  2
RECT
 10
8.3927
 20
46.9154
 30
0.0000
 41
0.0305
 42
0.0305
 43
1.0000
 50
0.0000
  0
INSERT
  8
21
  2
RECT
 10
8.7890
 20
46.9154
 30
0.0000
 41
0.1524
 42
0.0305
 43
1.0000
 50
0.0000
  0
INSERT
  8
21
  2
RECT
 10
10.0539
 20
46.9154
 30
0.0000
 41
0.1219
 42
0.0305
 43
1.0000
 50
0.0000
  0
INSERT
  8
21
  2
RECT
 10
6.8230
 20
46.9459
 30
0.0000
 41
0.1219
 42
0.0305
 43
1.0000
 50
0.0000
  0
INSERT
  8
21
  2
RECT
 10
10.0539
 20
46.9459
 30
0.0000
 41
0.1219
 42
0.0305
 43
1.0000
 50
0.0000
  0
INSERT
  8
21
  2
RECT
 10
6.8230
 20
46.9764
 30
0.0000
 41
0.1219
 42
0.0305
 43
1.0000
 50
0.0000
  0
INSERT
  8
21
  2
RECT
 10
10.0539
 20
46.9764
 30
0.0000
 41
0.1219
 42
0.0305
 43
1.0000
 50
0.0000
  0
INSERT
  8
21
  2
RECT
 10
6.8230
 20
47.0069
 30
0.0000
 41
0.1219
 42
0.0305
 43
1.0000
 50
0.0000
  0
INSERT
  8
21
  2
RECT
 10
10.0539
 20
47.0069
 30
0.0000
 41
0.1219
 42
0.0305
 43
1.0000
 50
0.0000
  0
INSERT
  8
21
  2
RECT
 10
6.8230
 20
47.0374
 30
0.0000
 41
0.1219
 42
0.0305
 43
1.0000
 50
0.0000
  0
INSERT
  8
21
  2
RECT
 10
10.0539
 20
47.0374
 30
0.0000
 41
0.1219
 42
0.0305
 43
1.0000
 50
0.0000
  0
INSERT
  8
21
  2
RECT
 10
6.8230
 20
47.0678
 30
0.0000
 41
0.1219
 42
0.0305
 43
1.0000
 50
0.0000
  0
INSERT
  8
21
  2
RECT
 10
10.0539
 20
47.0678
 30
0.0000
 41
0.1219
 42
0.0305
 43
1.0000
 50
0.0000
  0
INSERT
  8
21
  2
RECT
 10
6.8230
 20
47.0983
 30
0.0000
 41
0.1219
 42
0.0305
 43
1.0000
 50
0.0000
  0
INSERT
  8
21
  2
RECT
 10
10.0539
 20
47.0983
 30
0.0000
 41
0.1219
 42
0.0305
 43
1.0000
 50
0.0000
  0
INSERT
  8
21
  2
RECT
 10
6.8230
 20
47.1288
 30
0.0000
 41
0.1219
 42
0.0305
 43
1.0000
 50
0.0000
  0
INSERT
  8
21
  2
RECT
 10
10.0539
 20
47.1288
 30
0.0000
 41
0.1219
 42
0.0305
 43
1.0000
 50
0.0000
  0
INSERT
  8
21
  2
RECT
 10
6.8230
 20
47.1593
 30
0.0000
 41
0.1219
 42
0.0305
 43
1.0000
 50
0.0000
  0
INSERT
  8
21
  2
RECT
 10
10.0539
 20
47.1593
 30
0.0000
 41
0.1219
 42
0.0305
 43
1.0000
 50
0.0000
  0
INSERT
  8
21
  2
RECT
 10
6.8230
 20
47.1898
 30
0.0000
 41
0.1219
 42
0.0305
 43
1.0000
 50
0.0000
  0
INSERT
  8
21
  2
RECT
 10
10.0539
 20
47.1898
 30
0.0000
 41
0.1219
 42
0.0305
 43
1.0000
 50
0.0000
  0
INSERT
  8
21
  2
RECT
 10
6.8230
 20
47.2203
 30
0.0000
 41
0.1219
 42
0.0305
 43
1.0000
 50
0.0000
  0
INSERT
  8
21
  2
RECT
 10
10.0539
 20
47.2203
 30
0.0000
 41
0.1219
 42
0.0305
 43
1.0000
 50
0.0000
  0
INSERT
  8
21
  2
RECT
 10
6.8230
 20
47.2507
 30
0.0000
 41
0.1219
 42
0.0305
 43
1.0000
 50
0.0000
  0
INSERT
  8
21
  2
RECT
 10
10.0539
 20
47.2507
 30
0.0000
 41
0.1219
 42
0.0305
 43
1.0000
 50
0.0000
  0
INSERT
  8
21
  2
RECT
 10
6.8230
 20
47.2812
 30
0.0000
 41
0.1219
 42
0.0305
 43
1.0000
 50
0.0000
  0
INSERT
  8
21
  2
RECT
 10
10.0539
 20
47.2812
 30
0.0000
 41
0.1219
 42
0.0305
 43
1.0000
 50
0.0000
  0
INSERT
  8
21
  2
RECT
 10
6.8230
 20
47.3117
 30
0.0000
 41
0.1219
 42
0.0305
 43
1.0000
 50
0.0000
  0
INSERT
  8
21
  2
RECT
 10
10.0539
 20
47.3117
 30
0.0000
 41
0.1219
 42
0.0305
 43
1.0000
 50
0.0000
  0
INSERT
  8
21
  2
RECT
 10
6.8230
 20
47.3422
 30
0.0000
 41
0.1219
 42
0.0305
 43
1.0000
 50
0.0000
  0
INSERT
  8
21
  2
RECT
 10
10.0539
 20
47.3422
 30
0.0000
 41
0.1219
 42
0.0305
 43
1.0000
 50
0.0000
  0
INSERT
  8
21
  2
RECT
 10
6.8230
 20
47.3727
 30
0.0000
 41
0.1219
 42
0.0305
 43
1.0000
 50
0.0000
  0
INSERT
  8
21
  2
RECT
 10
10.0539
 20
47.3727
 30
0.0000
 41
0.1219
 42
0.0305
 43
1.0000
 50
0.0000
  0
INSERT
  8
21
  2
RECT
 10
6.8230
 20
47.4031
 30
0.0000
 41
0.1219
 42
0.0305
 43
1.0000
 50
0.0000
  0
INSERT
  8
21
  2
RECT
 10
10.0539
 20
47.4031
 30
0.0000
 41
0.1219
 42
0.0305
 43
1.0000
 50
0.0000
  0
INSERT
  8
21
  2
RECT
 10
6.8230
 20
47.4336
 30
0.0000
 41
0.1219
 42
0.0305
 43
1.0000
 50
0.0000
  0
INSERT
  8
21
  2
RECT
 10
10.0539
 20
47.4336
 30
0.0000
 41
0.1219
 42
0.0305
 43
1.0000
 50
0.0000
  0
INSERT
  8
21
  2
RECT
 10
6.8230
 20
47.4641
 30
0.0000
 41
0.1219
 42
0.0305
 43
1.0000
 50
0.0000
  0
INSERT
  8
21
  2
RECT
 10
10.0539
 20
47.4641
 30
0.0000
 41
0.1219
 42
0.0305
 43
1.0000
 50
0.0000
  0
INSERT
  8
21
  2
RECT
 10
6.8230
 20
47.4946
 30
0.0000
 41
0.1219
 42
0.0305
 43
1.0000
 50
0.0000
  0
INSERT
  8
21
  2
RECT
 10
10.0539
 20
47.4946
 30
0.0000
 41
0.1219
 42
0.0305
 43
1.0000
 50
0.0000
  0
INSERT
  8
21
  2
RECT
 10
6.8230
 20
47.5251
 30
0.0000
 41
0.1219
 42
0.0305
 43
1.0000
 50
0.0000
  0
INSERT
  8
21
  2
RECT
 10
10.0539
 20
47.5251
 30
0.0000
 41
0.1219
 42
0.0305
 43
1.0000
 50
0.0000
  0
INSERT
  8
21
  2
RECT
 10
6.8230
 20
47.5555
 30
0.0000
 41
0.1219
 42
0.0305
 43
1.0000
 50
0.0000
  0
INSERT
  8
21
  2
RECT
 10
10.0539
 20
47.5555
 30
0.0000
 41
0.1219
 42
0.0305
 43
1.0000
 50
0.0000
  0
INSERT
  8
21
  2
RECT
 10
6.8230
 20
47.5860
 30
0.0000
 41
0.1219
 42
0.0305
 43
1.0000
 50
0.0000
  0
INSERT
  8
21
  2
RECT
 10
10.0539
 20
47.5860
 30
0.0000
 41
0.1219
 42
0.0305
 43
1.0000
 50
0.0000
  0
INSERT
  8
21
  2
RECT
 10
6.8230
 20
47.6165
 30
0.0000
 41
0.1219
 42
0.0305
 43
1.0000
 50
0.0000
  0
INSERT
  8
21
  2
RECT
 10
10.0539
 20
47.6165
 30
0.0000
 41
0.1219
 42
0.0305
 43
1.0000
 50
0.0000
  0
INSERT
  8
21
  2
RECT
 10
6.8230
 20
47.6470
 30
0.0000
 41
0.1219
 42
0.0305
 43
1.0000
 50
0.0000
  0
INSERT
  8
21
  2
RECT
 10
10.0539
 20
47.6470
 30
0.0000
 41
0.1219
 42
0.0305
 43
1.0000
 50
0.0000
  0
INSERT
  8
21
  2
RECT
 10
6.8230
 20
47.6775
 30
0.0000
 41
0.1219
 42
0.0305
 43
1.0000
 50
0.0000
  0
INSERT
  8
21
  2
RECT
 10
10.0539
 20
47.6775
 30
0.0000
 41
0.1219
 42
0.0305
 43
1.0000
 50
0.0000
  0
INSERT
  8
21
  2
RECT
 10
6.8230
 20
47.7079
 30
0.0000
 41
0.1219
 42
0.0305
 43
1.0000
 50
0.0000
  0
INSERT
  8
21
  2
RECT
 10
10.0539
 20
47.7079
 30
0.0000
 41
0.1219
 42
0.0305
 43
1.0000
 50
0.0000
  0
INSERT
  8
21
  2
RECT
 10
6.8230
 20
47.7384
 30
0.0000
 41
0.1219
 42
0.0305
 43
1.0000
 50
0.0000
  0
INSERT
  8
21
  2
RECT
 10
10.0539
 20
47.7384
 30
0.0000
 41
0.1219
 42
0.0305
 43
1.0000
 50
0.0000
  0
INSERT
  8
21
  2
RECT
 10
6.8230
 20
47.7689
 30
0.0000
 41
0.1219
 42
0.0305
 43
1.0000
 50
0.0000
  0
INSERT
  8
21
  2
RECT
 10
10.0539
 20
47.7689
 30
0.0000
 41
0.1219
 42
0.0305
 43
1.0000
 50
0.0000
  0
INSERT
  8
21
  2
RECT
 10
6.8230
 20
47.7994
 30
0.0000
 41
0.1219
 42
0.0305
 43
1.0000
 50
0.0000
  0
INSERT
  8
21
  2
RECT
 10
10.0539
 20
47.7994
 30
0.0000
 41
0.1219
 42
0.0305
 43
1.0000
 50
0.0000
  0
INSERT
  8
21
  2
RECT
 10
6.8230
 20
47.8299
 30
0.0000
 41
0.1219
 42
0.0305
 43
1.0000
 50
0.0000
  0
INSERT
  8
21
  2
RECT
 10
10.0539
 20
47.8299
 30
0.0000
 41
0.1219
 42
0.0305
 43
1.0000
 50
0.0000
  0
INSERT
  8
21
  2
RECT
 10
6.8230
 20
47.8603
 30
0.0000
 41
0.1219
 42
0.0305
 43
1.0000
 50
0.0000
  0
INSERT
  8
21
  2
RECT
 10
8.0270
 20
47.8603
 30
0.0000
 41
0.2134
 42
0.0305
 43
1.0000
 50
0.0000
  0
INSERT
  8
21
  2
RECT
 10
10.0539
 20
47.8603
 30
0.0000
 41
0.1219
 42
0.0305
 43
1.0000
 50
0.0000
  0
INSERT
  8
21
  2
RECT
 10
6.8230
 20
47.8908
 30
0.0000
 41
0.1219
 42
0.0305
 43
1.0000
 50
0.0000
  0
INSERT
  8
21
  2
RECT
 10
8.0422
 20
47.8908
 30
0.0000
 41
0.3048
 42
0.0305
 43
1.0000
 50
0.0000
  0
INSERT
  8
21
  2
RECT
 10
10.0539
 20
47.8908
 30
0.0000
 41
0.1219
 42
0.0305
 43
1.0000
 50
0.0000
  0
INSERT
  8
21
  2
RECT
 10
6.8230
 20
47.9213
 30
0.0000
 41
0.1219
 42
0.0305
 43
1.0000
 50
0.0000
  0
INSERT
  8
21
  2
RECT
 10
8.0270
 20
47.9213
 30
0.0000
 41
0.3962
 42
0.0305
 43
1.0000
 50
0.0000
  0
INSERT
  8
21
  2
RECT
 10
10.0539
 20
47.9213
 30
0.0000
 41
0.1219
 42
0.0305
 43
1.0000
 50
0.0000
  0
INSERT
  8
21
  2
RECT
 10
6.8230
 20
47.9518
 30
0.0000
 41
0.1219
 42
0.0305
 43
1.0000
 50
0.0000
  0
INSERT
  8
21
  2
RECT
 10
8.0422
 20
47.9518
 30
0.0000
 41
0.4267
 42
0.0305
 43
1.0000
 50
0.0000
  0
INSERT
  8
21
  2
RECT
 10
10.0539
 20
47.9518
 30
0.0000
 41
0.1219
 42
0.0305
 43
1.0000
 50
0.0000
  0
INSERT
  8
21
  2
RECT
 10
6.8230
 20
47.9823
 30
0.0000
 41
0.1219
 42
0.0305
 43
1.0000
 50
0.0000
  0
INSERT
  8
21
  2
RECT
 10
8.0422
 20
47.9823
 30
0.0000
 41
0.4877
 42
0.0305
 43
1.0000
 50
0.0000
  0
INSERT
  8
21
  2
RECT
 10
10.0539
 20
47.9823
 30
0.0000
 41
0.1219
 42
0.0305
 43
1.0000
 50
0.0000
  0
INSERT
  8
21
  2
RECT
 10
6.8230
 20
48.0127
 30
0.0000
 41
0.1219
 42
0.0305
 43
1.0000
 50
0.0000
  0
INSERT
  8
21
  2
RECT
 10
8.0270
 20
48.0127
 30
0.0000
 41
0.5182
 42
0.0305
 43
1.0000
 50
0.0000
  0
INSERT
  8
21
  2
RECT
 10
10.0539
 20
48.0127
 30
0.0000
 41
0.1219
 42
0.0305
 43
1.0000
 50
0.0000
  0
INSERT
  8
21
  2
RECT
 10
6.8230
 20
48.0432
 30
0.0000
 41
0.1219
 42
0.0305
 43
1.0000
 50
0.0000
  0
INSERT
  8
21
  2
RECT
 10
7.8746
 20
48.0432
 30
0.0000
 41
0.2134
 42
0.0305
 43
1.0000
 50
0.0000
  0
INSERT
  8
21
  2
RECT
 10
8.1946
 20
48.0432
 30
0.0000
 41
0.2438
 42
0.0305
 43
1.0000
 50
0.0000
  0
INSERT
  8
21
  2
RECT
 10
10.0539
 20
48.0432
 30
0.0000
 41
0.1219
 42
0.0305
 43
1.0000
 50
0.0000
  0
INSERT
  8
21
  2
RECT
 10
6.8230
 20
48.0737
 30
0.0000
 41
0.1219
 42
0.0305
 43
1.0000
 50
0.0000
  0
INSERT
  8
21
  2
RECT
 10
7.8441
 20
48.0737
 30
0.0000
 41
0.2134
 42
0.0305
 43
1.0000
 50
0.0000
  0
INSERT
  8
21
  2
RECT
 10
8.2403
 20
48.0737
 30
0.0000
 41
0.2134
 42
0.0305
 43
1.0000
 50
0.0000
  0
INSERT
  8
21
  2
RECT
 10
10.0539
 20
48.0737
 30
0.0000
 41
0.1219
 42
0.0305
 43
1.0000
 50
0.0000
  0
INSERT
  8
21
  2
RECT
 10
6.8230
 20
48.1042
 30
0.0000
 41
0.1219
 42
0.0305
 43
1.0000
 50
0.0000
  0
INSERT
  8
21
  2
RECT
 10
7.8289
 20
48.1042
 30
0.0000
 41
0.1829
 42
0.0305
 43
1.0000
 50
0.0000
  0
INSERT
  8
21
  2
RECT
 10
8.2403
 20
48.1042
 30
0.0000
 41
0.2134
 42
0.0305
 43
1.0000
 50
0.0000
  0
INSERT
  8
21
  2
RECT
 10
10.0539
 20
48.1042
 30
0.0000
 41
0.1219
 42
0.0305
 43
1.0000
 50
0.0000
  0
INSERT
  8
21
  2
RECT
 10
6.8230
 20
48.1347
 30
0.0000
 41
0.1219
 42
0.0305
 43
1.0000
 50
0.0000
  0
INSERT
  8
21
  2
RECT
 10
7.8289
 20
48.1347
 30
0.0000
 41
0.1829
 42
0.0305
 43
1.0000
 50
0.0000
  0
INSERT
  8
21
  2
RECT
 10
8.2708
 20
48.1347
 30
0.0000
 41
0.2134
 42
0.0305
 43
1.0000
 50
0.0000
  0
INSERT
  8
21
  2
RECT
 10
10.0539
 20
48.1347
 30
0.0000
 41
0.1219
 42
0.0305
 43
1.0000
 50
0.0000
  0
INSERT
  8
21
  2
RECT
 10
6.8230
 20
48.1651
 30
0.0000
 41
0.1219
 42
0.0305
 43
1.0000
 50
0.0000
  0
INSERT
  8
21
  2
RECT
 10
7.8289
 20
48.1651
 30
0.0000
 41
0.1829
 42
0.0305
 43
1.0000
 50
0.0000
  0
INSERT
  8
21
  2
RECT
 10
8.2861
 20
48.1651
 30
0.0000
 41
0.1829
 42
0.0305
 43
1.0000
 50
0.0000
  0
INSERT
  8
21
  2
RECT
 10
10.0539
 20
48.1651
 30
0.0000
 41
0.1219
 42
0.0305
 43
1.0000
 50
0.0000
  0
INSERT
  8
21
  2
RECT
 10
6.8230
 20
48.1956
 30
0.0000
 41
0.1219
 42
0.0305
 43
1.0000
 50
0.0000
  0
INSERT
  8
21
  2
RECT
 10
7.8136
 20
48.1956
 30
0.0000
 41
0.1524
 42
0.0305
 43
1.0000
 50
0.0000
  0
INSERT
  8
21
  2
RECT
 10
8.2861
 20
48.1956
 30
0.0000
 41
0.1829
 42
0.0305
 43
1.0000
 50
0.0000
  0
INSERT
  8
21
  2
RECT
 10
10.0539
 20
48.1956
 30
0.0000
 41
0.1219
 42
0.0305
 43
1.0000
 50
0.0000
  0
INSERT
  8
21
  2
RECT
 10
6.8230
 20
48.2261
 30
0.0000
 41
0.1219
 42
0.0305
 43
1.0000
 50
0.0000
  0
INSERT
  8
21
  2
RECT
 10
7.7984
 20
48.2261
 30
0.0000
 41
0.1829
 42
0.0305
 43
1.0000
 50
0.0000
  0
INSERT
  8
21
  2
RECT
 10
8.3165
 20
48.2261
 30
0.0000
 41
0.1829
 42
0.0305
 43
1.0000
 50
0.0000
  0
INSERT
  8
21
  2
RECT
 10
9.1242
 20
48.2261
 30
0.0000
 41
0.0305
 42
0.0305
 43
1.0000
 50
0.0000
  0
INSERT
  8
21
  2
RECT
 10
10.0539
 20
48.2261
 30
0.0000
 41
0.1219
 42
0.0305
 43
1.0000
 50
0.0000
  0
INSERT
  8
21
  2
RECT
 10
6.8230
 20
48.2566
 30
0.0000
 41
0.1219
 42
0.0305
 43
1.0000
 50
0.0000
  0
INSERT
  8
21
  2
RECT
 10
7.7984
 20
48.2566
 30
0.0000
 41
0.1829
 42
0.0305
 43
1.0000
 50
0.0000
  0
INSERT
  8
21
  2
RECT
 10
8.3013
 20
48.2566
 30
0.0000
 41
0.1524
 42
0.0305
 43
1.0000
 50
0.0000
  0
INSERT
  8
21
  2
RECT
 10
9.1852
 20
48.2566
 30
0.0000
 41
0.1524
 42
0.0305
 43
1.0000
 50
0.0000
  0
INSERT
  8
21
  2
RECT
 10
10.0539
 20
48.2566
 30
0.0000
 41
0.1219
 42
0.0305
 43
1.0000
 50
0.0000
  0
INSERT
  8
21
  2
RECT
 10
6.8230
 20
48.2871
 30
0.0000
 41
0.1219
 42
0.0305
 43
1.0000
 50
0.0000
  0
INSERT
  8
21
  2
RECT
 10
7.7984
 20
48.2871
 30
0.0000
 41
0.1829
 42
0.0305
 43
1.0000
 50
0.0000
  0
INSERT
  8
21
  2
RECT
 10
8.2861
 20
48.2871
 30
0.0000
 41
0.1219
 42
0.0305
 43
1.0000
 50
0.0000
  0
INSERT
  8
21
  2
RECT
 10
9.2157
 20
48.2871
 30
0.0000
 41
0.2134
 42
0.0305
 43
1.0000
 50
0.0000
  0
INSERT
  8
21
  2
RECT
 10
10.0539
 20
48.2871
 30
0.0000
 41
0.1219
 42
0.0305
 43
1.0000
 50
0.0000
  0
INSERT
  8
21
  2
RECT
 10
6.8230
 20
48.3175
 30
0.0000
 41
0.1219
 42
0.0305
 43
1.0000
 50
0.0000
  0
INSERT
  8
21
  2
RECT
 10
7.7984
 20
48.3175
 30
0.0000
 41
0.1829
 42
0.0305
 43
1.0000
 50
0.0000
  0
INSERT
  8
21
  2
RECT
 10
8.2861
 20
48.3175
 30
0.0000
 41
0.0610
 42
0.0305
 43
1.0000
 50
0.0000
  0
INSERT
  8
21
  2
RECT
 10
9.2157
 20
48.3175
 30
0.0000
 41
0.2134
 42
0.0305
 43
1.0000
 50
0.0000
  0
INSERT
  8
21
  2
RECT
 10
10.0539
 20
48.3175
 30
0.0000
 41
0.1219
 42
0.0305
 43
1.0000
 50
0.0000
  0
INSERT
  8
21
  2
RECT
 10
6.8230
 20
48.3480
 30
0.0000
 41
0.1219
 42
0.0305
 43
1.0000
 50
0.0000
  0
INSERT
  8
21
  2
RECT
 10
7.7984
 20
48.3480
 30
0.0000
 41
0.1829
 42
0.0305
 43
1.0000
 50
0.0000
  0
INSERT
  8
21
  2
RECT
 10
9.1852
 20
48.3480
 30
0.0000
 41
0.2134
 42
0.0305
 43
1.0000
 50
0.0000
  0
INSERT
  8
21
  2
RECT
 10
10.0539
 20
48.3480
 30
0.0000
 41
0.1219
 42
0.0305
 43
1.0000
 50
0.0000
  0
INSERT
  8
21
  2
RECT
 10
6.8230
 20
48.3785
 30
0.0000
 41
0.1219
 42
0.0305
 43
1.0000
 50
0.0000
  0
INSERT
  8
21
  2
RECT
 10
7.7831
 20
48.3785
 30
0.0000
 41
0.1524
 42
0.0305
 43
1.0000
 50
0.0000
  0
INSERT
  8
21
  2
RECT
 10
9.1852
 20
48.3785
 30
0.0000
 41
0.2134
 42
0.0305
 43
1.0000
 50
0.0000
  0
INSERT
  8
21
  2
RECT
 10
10.0539
 20
48.3785
 30
0.0000
 41
0.1219
 42
0.0305
 43
1.0000
 50
0.0000
  0
INSERT
  8
21
  2
RECT
 10
6.8230
 20
48.4090
 30
0.0000
 41
0.1219
 42
0.0305
 43
1.0000
 50
0.0000
  0
INSERT
  8
21
  2
RECT
 10
7.7831
 20
48.4090
 30
0.0000
 41
0.1524
 42
0.0305
 43
1.0000
 50
0.0000
  0
INSERT
  8
21
  2
RECT
 10
9.1852
 20
48.4090
 30
0.0000
 41
0.2134
 42
0.0305
 43
1.0000
 50
0.0000
  0
INSERT
  8
21
  2
RECT
 10
10.0539
 20
48.4090
 30
0.0000
 41
0.1219
 42
0.0305
 43
1.0000
 50
0.0000
  0
INSERT
  8
21
  2
RECT
 10
6.8230
 20
48.4395
 30
0.0000
 41
0.1219
 42
0.0305
 43
1.0000
 50
0.0000
  0
INSERT
  8
21
  2
RECT
 10
7.7831
 20
48.4395
 30
0.0000
 41
0.1524
 42
0.0305
 43
1.0000
 50
0.0000
  0
INSERT
  8
21
  2
RECT
 10
9.1852
 20
48.4395
 30
0.0000
 41
0.2134
 42
0.0305
 43
1.0000
 50
0.0000
  0
INSERT
  8
21
  2
RECT
 10
10.0539
 20
48.4395
 30
0.0000
 41
0.1219
 42
0.0305
 43
1.0000
 50
0.0000
  0
INSERT
  8
21
  2
RECT
 10
6.8230
 20
48.4699
 30
0.0000
 41
0.1219
 42
0.0305
 43
1.0000
 50
0.0000
  0
INSERT
  8
21
  2
RECT
 10
7.7831
 20
48.4699
 30
0.0000
 41
0.1524
 42
0.0305
 43
1.0000
 50
0.0000
  0
INSERT
  8
21
  2
RECT
 10
9.1547
 20
48.4699
 30
0.0000
 41
0.2134
 42
0.0305
 43
1.0000
 50
0.0000
  0
INSERT
  8
21
  2
RECT
 10
10.0539
 20
48.4699
 30
0.0000
 41
0.1219
 42
0.0305
 43
1.0000
 50
0.0000
  0
INSERT
  8
21
  2
RECT
 10
6.8230
 20
48.5004
 30
0.0000
 41
0.1219
 42
0.0305
 43
1.0000
 50
0.0000
  0
INSERT
  8
21
  2
RECT
 10
7.7831
 20
48.5004
 30
0.0000
 41
0.1524
 42
0.0305
 43
1.0000
 50
0.0000
  0
INSERT
  8
21
  2
RECT
 10
9.1547
 20
48.5004
 30
0.0000
 41
0.2134
 42
0.0305
 43
1.0000
 50
0.0000
  0
INSERT
  8
21
  2
RECT
 10
10.0539
 20
48.5004
 30
0.0000
 41
0.1219
 42
0.0305
 43
1.0000
 50
0.0000
  0
INSERT
  8
21
  2
RECT
 10
6.8230
 20
48.5309
 30
0.0000
 41
0.1219
 42
0.0305
 43
1.0000
 50
0.0000
  0
INSERT
  8
21
  2
RECT
 10
7.7831
 20
48.5309
 30
0.0000
 41
0.1524
 42
0.0305
 43
1.0000
 50
0.0000
  0
INSERT
  8
21
  2
RECT
 10
9.1547
 20
48.5309
 30
0.0000
 41
0.2134
 42
0.0305
 43
1.0000
 50
0.0000
  0
INSERT
  8
21
  2
RECT
 10
10.0539
 20
48.5309
 30
0.0000
 41
0.1219
 42
0.0305
 43
1.0000
 50
0.0000
  0
INSERT
  8
21
  2
RECT
 10
6.8230
 20
48.5614
 30
0.0000
 41
0.1219
 42
0.0305
 43
1.0000
 50
0.0000
  0
INSERT
  8
21
  2
RECT
 10
7.7831
 20
48.5614
 30
0.0000
 41
0.1524
 42
0.0305
 43
1.0000
 50
0.0000
  0
INSERT
  8
21
  2
RECT
 10
9.1395
 20
48.5614
 30
0.0000
 41
0.2438
 42
0.0305
 43
1.0000
 50
0.0000
  0
INSERT
  8
21
  2
RECT
 10
10.0539
 20
48.5614
 30
0.0000
 41
0.1219
 42
0.0305
 43
1.0000
 50
0.0000
  0
INSERT
  8
21
  2
RECT
 10
6.8230
 20
48.5919
 30
0.0000
 41
0.1219
 42
0.0305
 43
1.0000
 50
0.0000
  0
INSERT
  8
21
  2
RECT
 10
7.7831
 20
48.5919
 30
0.0000
 41
0.1524
 42
0.0305
 43
1.0000
 50
0.0000
  0
INSERT
  8
21
  2
RECT
 10
9.1242
 20
48.5919
 30
0.0000
 41
0.2134
 42
0.0305
 43
1.0000
 50
0.0000
  0
INSERT
  8
21
  2
RECT
 10
10.0539
 20
48.5919
 30
0.0000
 41
0.1219
 42
0.0305
 43
1.0000
 50
0.0000
  0
INSERT
  8
21
  2
RECT
 10
6.8230
 20
48.6223
 30
0.0000
 41
0.1219
 42
0.0305
 43
1.0000
 50
0.0000
  0
INSERT
  8
21
  2
RECT
 10
7.7831
 20
48.6223
 30
0.0000
 41
0.1524
 42
0.0305
 43
1.0000
 50
0.0000
  0
INSERT
  8
21
  2
RECT
 10
9.1242
 20
48.6223
 30
0.0000
 41
0.2134
 42
0.0305
 43
1.0000
 50
0.0000
  0
INSERT
  8
21
  2
RECT
 10
10.0539
 20
48.6223
 30
0.0000
 41
0.1219
 42
0.0305
 43
1.0000
 50
0.0000
  0
INSERT
  8
21
  2
RECT
 10
6.8230
 20
48.6528
 30
0.0000
 41
0.1219
 42
0.0305
 43
1.0000
 50
0.0000
  0
INSERT
  8
21
  2
RECT
 10
7.7831
 20
48.6528
 30
0.0000
 41
0.1524
 42
0.0305
 43
1.0000
 50
0.0000
  0
INSERT
  8
21
  2
RECT
 10
9.1090
 20
48.6528
 30
0.0000
 41
0.2438
 42
0.0305
 43
1.0000
 50
0.0000
  0
INSERT
  8
21
  2
RECT
 10
10.0539
 20
48.6528
 30
0.0000
 41
0.1219
 42
0.0305
 43
1.0000
 50
0.0000
  0
INSERT
  8
21
  2
RECT
 10
6.8230
 20
48.6833
 30
0.0000
 41
0.1219
 42
0.0305
 43
1.0000
 50
0.0000
  0
INSERT
  8
21
  2
RECT
 10
7.7831
 20
48.6833
 30
0.0000
 41
0.1524
 42
0.0305
 43
1.0000
 50
0.0000
  0
INSERT
  8
21
  2
RECT
 10
9.0938
 20
48.6833
 30
0.0000
 41
0.2134
 42
0.0305
 43
1.0000
 50
0.0000
  0
INSERT
  8
21
  2
RECT
 10
10.0539
 20
48.6833
 30
0.0000
 41
0.1219
 42
0.0305
 43
1.0000
 50
0.0000
  0
INSERT
  8
21
  2
RECT
 10
6.8230
 20
48.7138
 30
0.0000
 41
0.1219
 42
0.0305
 43
1.0000
 50
0.0000
  0
INSERT
  8
21
  2
RECT
 10
7.7831
 20
48.7138
 30
0.0000
 41
0.1524
 42
0.0305
 43
1.0000
 50
0.0000
  0
INSERT
  8
21
  2
RECT
 10
9.0785
 20
48.7138
 30
0.0000
 41
0.2438
 42
0.0305
 43
1.0000
 50
0.0000
  0
INSERT
  8
21
  2
RECT
 10
10.0539
 20
48.7138
 30
0.0000
 41
0.1219
 42
0.0305
 43
1.0000
 50
0.0000
  0
INSERT
  8
21
  2
RECT
 10
6.8230
 20
48.7443
 30
0.0000
 41
0.1219
 42
0.0305
 43
1.0000
 50
0.0000
  0
INSERT
  8
21
  2
RECT
 10
7.7831
 20
48.7443
 30
0.0000
 41
0.1524
 42
0.0305
 43
1.0000
 50
0.0000
  0
INSERT
  8
21
  2
RECT
 10
9.0633
 20
48.7443
 30
0.0000
 41
0.2134
 42
0.0305
 43
1.0000
 50
0.0000
  0
INSERT
  8
21
  2
RECT
 10
10.0539
 20
48.7443
 30
0.0000
 41
0.1219
 42
0.0305
 43
1.0000
 50
0.0000
  0
INSERT
  8
21
  2
RECT
 10
6.8230
 20
48.7747
 30
0.0000
 41
0.1219
 42
0.0305
 43
1.0000
 50
0.0000
  0
INSERT
  8
21
  2
RECT
 10
7.7831
 20
48.7747
 30
0.0000
 41
0.1524
 42
0.0305
 43
1.0000
 50
0.0000
  0
INSERT
  8
21
  2
RECT
 10
9.0480
 20
48.7747
 30
0.0000
 41
0.2438
 42
0.0305
 43
1.0000
 50
0.0000
  0
INSERT
  8
21
  2
RECT
 10
10.0539
 20
48.7747
 30
0.0000
 41
0.1219
 42
0.0305
 43
1.0000
 50
0.0000
  0
INSERT
  8
21
  2
RECT
 10
6.8230
 20
48.8052
 30
0.0000
 41
0.1219
 42
0.0305
 43
1.0000
 50
0.0000
  0
INSERT
  8
21
  2
RECT
 10
7.7831
 20
48.8052
 30
0.0000
 41
0.1524
 42
0.0305
 43
1.0000
 50
0.0000
  0
INSERT
  8
21
  2
RECT
 10
9.0328
 20
48.8052
 30
0.0000
 41
0.2134
 42
0.0305
 43
1.0000
 50
0.0000
  0
INSERT
  8
21
  2
RECT
 10
10.0539
 20
48.8052
 30
0.0000
 41
0.1219
 42
0.0305
 43
1.0000
 50
0.0000
  0
INSERT
  8
21
  2
RECT
 10
6.8230
 20
48.8357
 30
0.0000
 41
0.1219
 42
0.0305
 43
1.0000
 50
0.0000
  0
INSERT
  8
21
  2
RECT
 10
7.7831
 20
48.8357
 30
0.0000
 41
0.1524
 42
0.0305
 43
1.0000
 50
0.0000
  0
INSERT
  8
21
  2
RECT
 10
9.0176
 20
48.8357
 30
0.0000
 41
0.2438
 42
0.0305
 43
1.0000
 50
0.0000
  0
INSERT
  8
21
  2
RECT
 10
10.0539
 20
48.8357
 30
0.0000
 41
0.1219
 42
0.0305
 43
1.0000
 50
0.0000
  0
INSERT
  8
21
  2
RECT
 10
6.8230
 20
48.8662
 30
0.0000
 41
0.1219
 42
0.0305
 43
1.0000
 50
0.0000
  0
INSERT
  8
21
  2
RECT
 10
7.7831
 20
48.8662
 30
0.0000
 41
0.1524
 42
0.0305
 43
1.0000
 50
0.0000
  0
INSERT
  8
21
  2
RECT
 10
9.0023
 20
48.8662
 30
0.0000
 41
0.2134
 42
0.0305
 43
1.0000
 50
0.0000
  0
INSERT
  8
21
  2
RECT
 10
10.0539
 20
48.8662
 30
0.0000
 41
0.1219
 42
0.0305
 43
1.0000
 50
0.0000
  0
INSERT
  8
21
  2
RECT
 10
6.8230
 20
48.8967
 30
0.0000
 41
0.1219
 42
0.0305
 43
1.0000
 50
0.0000
  0
INSERT
  8
21
  2
RECT
 10
7.7831
 20
48.8967
 30
0.0000
 41
0.1524
 42
0.0305
 43
1.0000
 50
0.0000
  0
INSERT
  8
21
  2
RECT
 10
8.9871
 20
48.8967
 30
0.0000
 41
0.2438
 42
0.0305
 43
1.0000
 50
0.0000
  0
INSERT
  8
21
  2
RECT
 10
10.0539
 20
48.8967
 30
0.0000
 41
0.1219
 42
0.0305
 43
1.0000
 50
0.0000
  0
INSERT
  8
21
  2
RECT
 10
6.8230
 20
48.9271
 30
0.0000
 41
0.1219
 42
0.0305
 43
1.0000
 50
0.0000
  0
INSERT
  8
21
  2
RECT
 10
7.7984
 20
48.9271
 30
0.0000
 41
0.1829
 42
0.0305
 43
1.0000
 50
0.0000
  0
INSERT
  8
21
  2
RECT
 10
8.9566
 20
48.9271
 30
0.0000
 41
0.2438
 42
0.0305
 43
1.0000
 50
0.0000
  0
INSERT
  8
21
  2
RECT
 10
10.0539
 20
48.9271
 30
0.0000
 41
0.1219
 42
0.0305
 43
1.0000
 50
0.0000
  0
INSERT
  8
21
  2
RECT
 10
6.8230
 20
48.9576
 30
0.0000
 41
0.1219
 42
0.0305
 43
1.0000
 50
0.0000
  0
INSERT
  8
21
  2
RECT
 10
7.7984
 20
48.9576
 30
0.0000
 41
0.1829
 42
0.0305
 43
1.0000
 50
0.0000
  0
INSERT
  8
21
  2
RECT
 10
8.9414
 20
48.9576
 30
0.0000
 41
0.2134
 42
0.0305
 43
1.0000
 50
0.0000
  0
INSERT
  8
21
  2
RECT
 10
10.0539
 20
48.9576
 30
0.0000
 41
0.1219
 42
0.0305
 43
1.0000
 50
0.0000
  0
INSERT
  8
21
  2
RECT
 10
6.8230
 20
48.9881
 30
0.0000
 41
0.1219
 42
0.0305
 43
1.0000
 50
0.0000
  0
INSERT
  8
21
  2
RECT
 10
7.7984
 20
48.9881
 30
0.0000
 41
0.1829
 42
0.0305
 43
1.0000
 50
0.0000
  0
INSERT
  8
21
  2
RECT
 10
8.9261
 20
48.9881
 30
0.0000
 41
0.2438
 42
0.0305
 43
1.0000
 50
0.0000
  0
INSERT
  8
21
  2
RECT
 10
10.0539
 20
48.9881
 30
0.0000
 41
0.1219
 42
0.0305
 43
1.0000
 50
0.0000
  0
INSERT
  8
21
  2
RECT
 10
6.8230
 20
49.0186
 30
0.0000
 41
0.1219
 42
0.0305
 43
1.0000
 50
0.0000
  0
INSERT
  8
21
  2
RECT
 10
7.7984
 20
49.0186
 30
0.0000
 41
0.1829
 42
0.0305
 43
1.0000
 50
0.0000
  0
INSERT
  8
21
  2
RECT
 10
8.8956
 20
49.0186
 30
0.0000
 41
0.2438
 42
0.0305
 43
1.0000
 50
0.0000
  0
INSERT
  8
21
  2
RECT
 10
10.0539
 20
49.0186
 30
0.0000
 41
0.1219
 42
0.0305
 43
1.0000
 50
0.0000
  0
INSERT
  8
21
  2
RECT
 10
6.8230
 20
49.0491
 30
0.0000
 41
0.1219
 42
0.0305
 43
1.0000
 50
0.0000
  0
INSERT
  8
21
  2
RECT
 10
7.7984
 20
49.0491
 30
0.0000
 41
0.1829
 42
0.0305
 43
1.0000
 50
0.0000
  0
INSERT
  8
21
  2
RECT
 10
8.8652
 20
49.0491
 30
0.0000
 41
0.2438
 42
0.0305
 43
1.0000
 50
0.0000
  0
INSERT
  8
21
  2
RECT
 10
10.0539
 20
49.0491
 30
0.0000
 41
0.1219
 42
0.0305
 43
1.0000
 50
0.0000
  0
INSERT
  8
21
  2
RECT
 10
6.8230
 20
49.0795
 30
0.0000
 41
0.1219
 42
0.0305
 43
1.0000
 50
0.0000
  0
INSERT
  8
21
  2
RECT
 10
7.7984
 20
49.0795
 30
0.0000
 41
0.1829
 42
0.0305
 43
1.0000
 50
0.0000
  0
INSERT
  8
21
  2
RECT
 10
8.8499
 20
49.0795
 30
0.0000
 41
0.2134
 42
0.0305
 43
1.0000
 50
0.0000
  0
INSERT
  8
21
  2
RECT
 10
10.0539
 20
49.0795
 30
0.0000
 41
0.1219
 42
0.0305
 43
1.0000
 50
0.0000
  0
INSERT
  8
21
  2
RECT
 10
6.8230
 20
49.1100
 30
0.0000
 41
0.1219
 42
0.0305
 43
1.0000
 50
0.0000
  0
INSERT
  8
21
  2
RECT
 10
7.7984
 20
49.1100
 30
0.0000
 41
0.1829
 42
0.0305
 43
1.0000
 50
0.0000
  0
INSERT
  8
21
  2
RECT
 10
8.8652
 20
49.1100
 30
0.0000
 41
0.1219
 42
0.0305
 43
1.0000
 50
0.0000
  0
INSERT
  8
21
  2
RECT
 10
10.0539
 20
49.1100
 30
0.0000
 41
0.1219
 42
0.0305
 43
1.0000
 50
0.0000
  0
INSERT
  8
21
  2
RECT
 10
6.8230
 20
49.1405
 30
0.0000
 41
0.1219
 42
0.0305
 43
1.0000
 50
0.0000
  0
INSERT
  8
21
  2
RECT
 10
7.7984
 20
49.1405
 30
0.0000
 41
0.1829
 42
0.0305
 43
1.0000
 50
0.0000
  0
INSERT
  8
21
  2
RECT
 10
8.8652
 20
49.1405
 30
0.0000
 41
0.0610
 42
0.0305
 43
1.0000
 50
0.0000
  0
INSERT
  8
21
  2
RECT
 10
10.0539
 20
49.1405
 30
0.0000
 41
0.1219
 42
0.0305
 43
1.0000
 50
0.0000
  0
INSERT
  8
21
  2
RECT
 10
6.8230
 20
49.1710
 30
0.0000
 41
0.1219
 42
0.0305
 43
1.0000
 50
0.0000
  0
INSERT
  8
21
  2
RECT
 10
7.8289
 20
49.1710
 30
0.0000
 41
0.1829
 42
0.0305
 43
1.0000
 50
0.0000
  0
INSERT
  8
21
  2
RECT
 10
10.0539
 20
49.1710
 30
0.0000
 41
0.1219
 42
0.0305
 43
1.0000
 50
0.0000
  0
INSERT
  8
21
  2
RECT
 10
6.8230
 20
49.2015
 30
0.0000
 41
0.1219
 42
0.0305
 43
1.0000
 50
0.0000
  0
INSERT
  8
21
  2
RECT
 10
7.8289
 20
49.2015
 30
0.0000
 41
0.1829
 42
0.0305
 43
1.0000
 50
0.0000
  0
INSERT
  8
21
  2
RECT
 10
10.0539
 20
49.2015
 30
0.0000
 41
0.1219
 42
0.0305
 43
1.0000
 50
0.0000
  0
INSERT
  8
21
  2
RECT
 10
6.8230
 20
49.2319
 30
0.0000
 41
0.1219
 42
0.0305
 43
1.0000
 50
0.0000
  0
INSERT
  8
21
  2
RECT
 10
7.8289
 20
49.2319
 30
0.0000
 41
0.1829
 42
0.0305
 43
1.0000
 50
0.0000
  0
INSERT
  8
21
  2
RECT
 10
10.0539
 20
49.2319
 30
0.0000
 41
0.1219
 42
0.0305
 43
1.0000
 50
0.0000
  0
INSERT
  8
21
  2
RECT
 10
6.8230
 20
49.2624
 30
0.0000
 41
0.1219
 42
0.0305
 43
1.0000
 50
0.0000
  0
INSERT
  8
21
  2
RECT
 10
7.7679
 20
49.2624
 30
0.0000
 41
0.0610
 42
0.0305
 43
1.0000
 50
0.0000
  0
INSERT
  8
21
  2
RECT
 10
10.0539
 20
49.2624
 30
0.0000
 41
0.1219
 42
0.0305
 43
1.0000
 50
0.0000
  0
INSERT
  8
21
  2
RECT
 10
6.8230
 20
49.2929
 30
0.0000
 41
0.1219
 42
0.0305
 43
1.0000
 50
0.0000
  0
INSERT
  8
21
  2
RECT
 10
10.0539
 20
49.2929
 30
0.0000
 41
0.1219
 42
0.0305
 43
1.0000
 50
0.0000
  0
INSERT
  8
21
  2
RECT
 10
6.8230
 20
49.3234
 30
0.0000
 41
0.1219
 42
0.0305
 43
1.0000
 50
0.0000
  0
INSERT
  8
21
  2
RECT
 10
10.0539
 20
49.3234
 30
0.0000
 41
0.1219
 42
0.0305
 43
1.0000
 50
0.0000
  0
INSERT
  8
21
  2
RECT
 10
6.8230
 20
49.3539
 30
0.0000
 41
0.1219
 42
0.0305
 43
1.0000
 50
0.0000
  0
INSERT
  8
21
  2
RECT
 10
10.0539
 20
49.3539
 30
0.0000
 41
0.1219
 42
0.0305
 43
1.0000
 50
0.0000
  0
INSERT
  8
21
  2
RECT
 10
6.8230
 20
49.3843
 30
0.0000
 41
0.1219
 42
0.0305
 43
1.0000
 50
0.0000
  0
INSERT
  8
21
  2
RECT
 10
10.0539
 20
49.3843
 30
0.0000
 41
0.1219
 42
0.0305
 43
1.0000
 50
0.0000
  0
INSERT
  8
21
  2
RECT
 10
6.8230
 20
49.4148
 30
0.0000
 41
0.1219
 42
0.0305
 43
1.0000
 50
0.0000
  0
INSERT
  8
21
  2
RECT
 10
10.0539
 20
49.4148
 30
0.0000
 41
0.1219
 42
0.0305
 43
1.0000
 50
0.0000
  0
INSERT
  8
21
  2
RECT
 10
6.8230
 20
49.4453
 30
0.0000
 41
0.1219
 42
0.0305
 43
1.0000
 50
0.0000
  0
INSERT
  8
21
  2
RECT
 10
10.0539
 20
49.4453
 30
0.0000
 41
0.1219
 42
0.0305
 43
1.0000
 50
0.0000
  0
INSERT
  8
21
  2
RECT
 10
6.8230
 20
49.4758
 30
0.0000
 41
0.1219
 42
0.0305
 43
1.0000
 50
0.0000
  0
INSERT
  8
21
  2
RECT
 10
10.0539
 20
49.4758
 30
0.0000
 41
0.1219
 42
0.0305
 43
1.0000
 50
0.0000
  0
INSERT
  8
21
  2
RECT
 10
6.8230
 20
49.5063
 30
0.0000
 41
0.1219
 42
0.0305
 43
1.0000
 50
0.0000
  0
INSERT
  8
21
  2
RECT
 10
10.0539
 20
49.5063
 30
0.0000
 41
0.1219
 42
0.0305
 43
1.0000
 50
0.0000
  0
INSERT
  8
21
  2
RECT
 10
6.8230
 20
49.5367
 30
0.0000
 41
0.1219
 42
0.0305
 43
1.0000
 50
0.0000
  0
INSERT
  8
21
  2
RECT
 10
10.0539
 20
49.5367
 30
0.0000
 41
0.1219
 42
0.0305
 43
1.0000
 50
0.0000
  0
INSERT
  8
21
  2
RECT
 10
6.8230
 20
49.5672
 30
0.0000
 41
0.1219
 42
0.0305
 43
1.0000
 50
0.0000
  0
INSERT
  8
21
  2
RECT
 10
10.0539
 20
49.5672
 30
0.0000
 41
0.1219
 42
0.0305
 43
1.0000
 50
0.0000
  0
INSERT
  8
21
  2
RECT
 10
6.8230
 20
49.5977
 30
0.0000
 41
0.1219
 42
0.0305
 43
1.0000
 50
0.0000
  0
INSERT
  8
21
  2
RECT
 10
10.0539
 20
49.5977
 30
0.0000
 41
0.1219
 42
0.0305
 43
1.0000
 50
0.0000
  0
INSERT
  8
21
  2
RECT
 10
6.8230
 20
49.6282
 30
0.0000
 41
0.1219
 42
0.0305
 43
1.0000
 50
0.0000
  0
INSERT
  8
21
  2
RECT
 10
10.0539
 20
49.6282
 30
0.0000
 41
0.1219
 42
0.0305
 43
1.0000
 50
0.0000
  0
INSERT
  8
21
  2
RECT
 10
6.8230
 20
49.6587
 30
0.0000
 41
0.1219
 42
0.0305
 43
1.0000
 50
0.0000
  0
INSERT
  8
21
  2
RECT
 10
10.0539
 20
49.6587
 30
0.0000
 41
0.1219
 42
0.0305
 43
1.0000
 50
0.0000
  0
INSERT
  8
21
  2
RECT
 10
6.8230
 20
49.6891
 30
0.0000
 41
0.1219
 42
0.0305
 43
1.0000
 50
0.0000
  0
INSERT
  8
21
  2
RECT
 10
10.0539
 20
49.6891
 30
0.0000
 41
0.1219
 42
0.0305
 43
1.0000
 50
0.0000
  0
INSERT
  8
21
  2
RECT
 10
6.8230
 20
49.7196
 30
0.0000
 41
0.1219
 42
0.0305
 43
1.0000
 50
0.0000
  0
INSERT
  8
21
  2
RECT
 10
10.0539
 20
49.7196
 30
0.0000
 41
0.1219
 42
0.0305
 43
1.0000
 50
0.0000
  0
INSERT
  8
21
  2
RECT
 10
6.8230
 20
49.7501
 30
0.0000
 41
0.1219
 42
0.0305
 43
1.0000
 50
0.0000
  0
INSERT
  8
21
  2
RECT
 10
10.0539
 20
49.7501
 30
0.0000
 41
0.1219
 42
0.0305
 43
1.0000
 50
0.0000
  0
INSERT
  8
21
  2
RECT
 10
6.8230
 20
49.7806
 30
0.0000
 41
0.1219
 42
0.0305
 43
1.0000
 50
0.0000
  0
INSERT
  8
21
  2
RECT
 10
10.0539
 20
49.7806
 30
0.0000
 41
0.1219
 42
0.0305
 43
1.0000
 50
0.0000
  0
INSERT
  8
21
  2
RECT
 10
6.8230
 20
49.8111
 30
0.0000
 41
0.1219
 42
0.0305
 43
1.0000
 50
0.0000
  0
INSERT
  8
21
  2
RECT
 10
10.0539
 20
49.8111
 30
0.0000
 41
0.1219
 42
0.0305
 43
1.0000
 50
0.0000
  0
INSERT
  8
21
  2
RECT
 10
6.8230
 20
49.8415
 30
0.0000
 41
0.1219
 42
0.0305
 43
1.0000
 50
0.0000
  0
INSERT
  8
21
  2
RECT
 10
10.0539
 20
49.8415
 30
0.0000
 41
0.1219
 42
0.0305
 43
1.0000
 50
0.0000
  0
INSERT
  8
21
  2
RECT
 10
6.8230
 20
49.8720
 30
0.0000
 41
0.1219
 42
0.0305
 43
1.0000
 50
0.0000
  0
INSERT
  8
21
  2
RECT
 10
10.0539
 20
49.8720
 30
0.0000
 41
0.1219
 42
0.0305
 43
1.0000
 50
0.0000
  0
INSERT
  8
21
  2
RECT
 10
6.8230
 20
49.9025
 30
0.0000
 41
0.1219
 42
0.0305
 43
1.0000
 50
0.0000
  0
INSERT
  8
21
  2
RECT
 10
10.0539
 20
49.9025
 30
0.0000
 41
0.1219
 42
0.0305
 43
1.0000
 50
0.0000
  0
INSERT
  8
21
  2
RECT
 10
6.8230
 20
49.9330
 30
0.0000
 41
0.1219
 42
0.0305
 43
1.0000
 50
0.0000
  0
INSERT
  8
21
  2
RECT
 10
10.0539
 20
49.9330
 30
0.0000
 41
0.1219
 42
0.0305
 43
1.0000
 50
0.0000
  0
INSERT
  8
21
  2
RECT
 10
6.8230
 20
49.9635
 30
0.0000
 41
0.1219
 42
0.0305
 43
1.0000
 50
0.0000
  0
INSERT
  8
21
  2
RECT
 10
10.0539
 20
49.9635
 30
0.0000
 41
0.1219
 42
0.0305
 43
1.0000
 50
0.0000
  0
INSERT
  8
21
  2
RECT
 10
6.8230
 20
49.9939
 30
0.0000
 41
0.1219
 42
0.0305
 43
1.0000
 50
0.0000
  0
INSERT
  8
21
  2
RECT
 10
10.0539
 20
49.9939
 30
0.0000
 41
0.1219
 42
0.0305
 43
1.0000
 50
0.0000
  0
INSERT
  8
21
  2
RECT
 10
6.8230
 20
50.0244
 30
0.0000
 41
0.1219
 42
0.0305
 43
1.0000
 50
0.0000
  0
INSERT
  8
21
  2
RECT
 10
10.0539
 20
50.0244
 30
0.0000
 41
0.1219
 42
0.0305
 43
1.0000
 50
0.0000
  0
INSERT
  8
21
  2
RECT
 10
6.8230
 20
50.0549
 30
0.0000
 41
0.1219
 42
0.0305
 43
1.0000
 50
0.0000
  0
INSERT
  8
21
  2
RECT
 10
10.0539
 20
50.0549
 30
0.0000
 41
0.1219
 42
0.0305
 43
1.0000
 50
0.0000
  0
INSERT
  8
21
  2
RECT
 10
6.8230
 20
50.0854
 30
0.0000
 41
0.1219
 42
0.0305
 43
1.0000
 50
0.0000
  0
INSERT
  8
21
  2
RECT
 10
10.0539
 20
50.0854
 30
0.0000
 41
0.1219
 42
0.0305
 43
1.0000
 50
0.0000
  0
INSERT
  8
21
  2
RECT
 10
6.8230
 20
50.1159
 30
0.0000
 41
0.1219
 42
0.0305
 43
1.0000
 50
0.0000
  0
INSERT
  8
21
  2
RECT
 10
10.0539
 20
50.1159
 30
0.0000
 41
0.1219
 42
0.0305
 43
1.0000
 50
0.0000
  0
INSERT
  8
21
  2
RECT
 10
6.8230
 20
50.1463
 30
0.0000
 41
0.1219
 42
0.0305
 43
1.0000
 50
0.0000
  0
INSERT
  8
21
  2
RECT
 10
10.0539
 20
50.1463
 30
0.0000
 41
0.1219
 42
0.0305
 43
1.0000
 50
0.0000
  0
INSERT
  8
21
  2
RECT
 10
6.8230
 20
50.1768
 30
0.0000
 41
0.1219
 42
0.0305
 43
1.0000
 50
0.0000
  0
INSERT
  8
21
  2
RECT
 10
10.0539
 20
50.1768
 30
0.0000
 41
0.1219
 42
0.0305
 43
1.0000
 50
0.0000
  0
INSERT
  8
21
  2
RECT
 10
6.8230
 20
50.2073
 30
0.0000
 41
0.1219
 42
0.0305
 43
1.0000
 50
0.0000
  0
INSERT
  8
21
  2
RECT
 10
10.0539
 20
50.2073
 30
0.0000
 41
0.1219
 42
0.0305
 43
1.0000
 50
0.0000
  0
INSERT
  8
21
  2
RECT
 10
6.8230
 20
50.2378
 30
0.0000
 41
0.1219
 42
0.0305
 43
1.0000
 50
0.0000
  0
INSERT
  8
21
  2
RECT
 10
8.0879
 20
50.2378
 30
0.0000
 41
0.1524
 42
0.0305
 43
1.0000
 50
0.0000
  0
INSERT
  8
21
  2
RECT
 10
10.0539
 20
50.2378
 30
0.0000
 41
0.1219
 42
0.0305
 43
1.0000
 50
0.0000
  0
INSERT
  8
21
  2
RECT
 10
6.8230
 20
50.2683
 30
0.0000
 41
0.1219
 42
0.0305
 43
1.0000
 50
0.0000
  0
INSERT
  8
21
  2
RECT
 10
8.0879
 20
50.2683
 30
0.0000
 41
0.1524
 42
0.0305
 43
1.0000
 50
0.0000
  0
INSERT
  8
21
  2
RECT
 10
8.9718
 20
50.2683
 30
0.0000
 41
0.1524
 42
0.0305
 43
1.0000
 50
0.0000
  0
INSERT
  8
21
  2
RECT
 10
10.0539
 20
50.2683
 30
0.0000
 41
0.1219
 42
0.0305
 43
1.0000
 50
0.0000
  0
INSERT
  8
21
  2
RECT
 10
6.8230
 20
50.2987
 30
0.0000
 41
0.1219
 42
0.0305
 43
1.0000
 50
0.0000
  0
INSERT
  8
21
  2
RECT
 10
8.0879
 20
50.2987
 30
0.0000
 41
0.1524
 42
0.0305
 43
1.0000
 50
0.0000
  0
INSERT
  8
21
  2
RECT
 10
8.9718
 20
50.2987
 30
0.0000
 41
0.1524
 42
0.0305
 43
1.0000
 50
0.0000
  0
INSERT
  8
21
  2
RECT
 10
10.0539
 20
50.2987
 30
0.0000
 41
0.1219
 42
0.0305
 43
1.0000
 50
0.0000
  0
INSERT
  8
21
  2
RECT
 10
6.8230
 20
50.3292
 30
0.0000
 41
0.1219
 42
0.0305
 43
1.0000
 50
0.0000
  0
INSERT
  8
21
  2
RECT
 10
8.5299
 20
50.3292
 30
0.0000
 41
1.0363
 42
0.0305
 43
1.0000
 50
0.0000
  0
INSERT
  8
21
  2
RECT
 10
10.0539
 20
50.3292
 30
0.0000
 41
0.1219
 42
0.0305
 43
1.0000
 50
0.0000
  0
INSERT
  8
21
  2
RECT
 10
6.8230
 20
50.3597
 30
0.0000
 41
0.1219
 42
0.0305
 43
1.0000
 50
0.0000
  0
INSERT
  8
21
  2
RECT
 10
8.5299
 20
50.3597
 30
0.0000
 41
1.0363
 42
0.0305
 43
1.0000
 50
0.0000
  0
INSERT
  8
21
  2
RECT
 10
10.0539
 20
50.3597
 30
0.0000
 41
0.1219
 42
0.0305
 43
1.0000
 50
0.0000
  0
INSERT
  8
21
  2
RECT
 10
6.8230
 20
50.3902
 30
0.0000
 41
0.1219
 42
0.0305
 43
1.0000
 50
0.0000
  0
INSERT
  8
21
  2
RECT
 10
8.5299
 20
50.3902
 30
0.0000
 41
1.0363
 42
0.0305
 43
1.0000
 50
0.0000
  0
INSERT
  8
21
  2
RECT
 10
10.0539
 20
50.3902
 30
0.0000
 41
0.1219
 42
0.0305
 43
1.0000
 50
0.0000
  0
INSERT
  8
21
  2
RECT
 10
6.8230
 20
50.4207
 30
0.0000
 41
0.1219
 42
0.0305
 43
1.0000
 50
0.0000
  0
INSERT
  8
21
  2
RECT
 10
8.5299
 20
50.4207
 30
0.0000
 41
1.0363
 42
0.0305
 43
1.0000
 50
0.0000
  0
INSERT
  8
21
  2
RECT
 10
10.0539
 20
50.4207
 30
0.0000
 41
0.1219
 42
0.0305
 43
1.0000
 50
0.0000
  0
INSERT
  8
21
  2
RECT
 10
6.8230
 20
50.4511
 30
0.0000
 41
0.1219
 42
0.0305
 43
1.0000
 50
0.0000
  0
INSERT
  8
21
  2
RECT
 10
8.5299
 20
50.4511
 30
0.0000
 41
1.0363
 42
0.0305
 43
1.0000
 50
0.0000
  0
INSERT
  8
21
  2
RECT
 10
10.0539
 20
50.4511
 30
0.0000
 41
0.1219
 42
0.0305
 43
1.0000
 50
0.0000
  0
INSERT
  8
21
  2
RECT
 10
6.8230
 20
50.4816
 30
0.0000
 41
0.1219
 42
0.0305
 43
1.0000
 50
0.0000
  0
INSERT
  8
21
  2
RECT
 10
8.0879
 20
50.4816
 30
0.0000
 41
0.1524
 42
0.0305
 43
1.0000
 50
0.0000
  0
INSERT
  8
21
  2
RECT
 10
8.9718
 20
50.4816
 30
0.0000
 41
0.1524
 42
0.0305
 43
1.0000
 50
0.0000
  0
INSERT
  8
21
  2
RECT
 10
10.0539
 20
50.4816
 30
0.0000
 41
0.1219
 42
0.0305
 43
1.0000
 50
0.0000
  0
INSERT
  8
21
  2
RECT
 10
6.8230
 20
50.5121
 30
0.0000
 41
0.1219
 42
0.0305
 43
1.0000
 50
0.0000
  0
INSERT
  8
21
  2
RECT
 10
7.6307
 20
50.5121
 30
0.0000
 41
0.0914
 42
0.0305
 43
1.0000
 50
0.0000
  0
INSERT
  8
21
  2
RECT
 10
8.0879
 20
50.5121
 30
0.0000
 41
0.1524
 42
0.0305
 43
1.0000
 50
0.0000
  0
INSERT
  8
21
  2
RECT
 10
8.9718
 20
50.5121
 30
0.0000
 41
0.1524
 42
0.0305
 43
1.0000
 50
0.0000
  0
INSERT
  8
21
  2
RECT
 10
10.0539
 20
50.5121
 30
0.0000
 41
0.1219
 42
0.0305
 43
1.0000
 50
0.0000
  0
INSERT
  8
21
  2
RECT
 10
6.8230
 20
50.5426
 30
0.0000
 41
0.1219
 42
0.0305
 43
1.0000
 50
0.0000
  0
INSERT
  8
21
  2
RECT
 10
7.6612
 20
50.5426
 30
0.0000
 41
0.1524
 42
0.0305
 43
1.0000
 50
0.0000
  0
INSERT
  8
21
  2
RECT
 10
8.0879
 20
50.5426
 30
0.0000
 41
0.1524
 42
0.0305
 43
1.0000
 50
0.0000
  0
INSERT
  8
21
  2
RECT
 10
8.9718
 20
50.5426
 30
0.0000
 41
0.1524
 42
0.0305
 43
1.0000
 50
0.0000
  0
INSERT
  8
21
  2
RECT
 10
10.0539
 20
50.5426
 30
0.0000
 41
0.1219
 42
0.0305
 43
1.0000
 50
0.0000
  0
INSERT
  8
21
  2
RECT
 10
6.8230
 20
50.5731
 30
0.0000
 41
0.1219
 42
0.0305
 43
1.0000
 50
0.0000
  0
INSERT
  8
21
  2
RECT
 10
7.6917
 20
50.5731
 30
0.0000
 41
0.2134
 42
0.0305
 43
1.0000
 50
0.0000
  0
INSERT
  8
21
  2
RECT
 10
8.0879
 20
50.5731
 30
0.0000
 41
0.1524
 42
0.0305
 43
1.0000
 50
0.0000
  0
INSERT
  8
21
  2
RECT
 10
8.9718
 20
50.5731
 30
0.0000
 41
0.1524
 42
0.0305
 43
1.0000
 50
0.0000
  0
INSERT
  8
21
  2
RECT
 10
10.0539
 20
50.5731
 30
0.0000
 41
0.1219
 42
0.0305
 43
1.0000
 50
0.0000
  0
INSERT
  8
21
  2
RECT
 10
6.8230
 20
50.6035
 30
0.0000
 41
0.1219
 42
0.0305
 43
1.0000
 50
0.0000
  0
INSERT
  8
21
  2
RECT
 10
7.6917
 20
50.6035
 30
0.0000
 41
0.2743
 42
0.0305
 43
1.0000
 50
0.0000
  0
INSERT
  8
21
  2
RECT
 10
8.0879
 20
50.6035
 30
0.0000
 41
0.1524
 42
0.0305
 43
1.0000
 50
0.0000
  0
INSERT
  8
21
  2
RECT
 10
8.9718
 20
50.6035
 30
0.0000
 41
0.1524
 42
0.0305
 43
1.0000
 50
0.0000
  0
INSERT
  8
21
  2
RECT
 10
10.0539
 20
50.6035
 30
0.0000
 41
0.1219
 42
0.0305
 43
1.0000
 50
0.0000
  0
INSERT
  8
21
  2
RECT
 10
6.8230
 20
50.6340
 30
0.0000
 41
0.1219
 42
0.0305
 43
1.0000
 50
0.0000
  0
INSERT
  8
21
  2
RECT
 10
7.7222
 20
50.6340
 30
0.0000
 41
0.3353
 42
0.0305
 43
1.0000
 50
0.0000
  0
INSERT
  8
21
  2
RECT
 10
8.0879
 20
50.6340
 30
0.0000
 41
0.1524
 42
0.0305
 43
1.0000
 50
0.0000
  0
INSERT
  8
21
  2
RECT
 10
8.9718
 20
50.6340
 30
0.0000
 41
0.1524
 42
0.0305
 43
1.0000
 50
0.0000
  0
INSERT
  8
21
  2
RECT
 10
10.0539
 20
50.6340
 30
0.0000
 41
0.1219
 42
0.0305
 43
1.0000
 50
0.0000
  0
INSERT
  8
21
  2
RECT
 10
6.8230
 20
50.6645
 30
0.0000
 41
0.1219
 42
0.0305
 43
1.0000
 50
0.0000
  0
INSERT
  8
21
  2
RECT
 10
7.7679
 20
50.6645
 30
0.0000
 41
0.3048
 42
0.0305
 43
1.0000
 50
0.0000
  0
INSERT
  8
21
  2
RECT
 10
8.0879
 20
50.6645
 30
0.0000
 41
0.1524
 42
0.0305
 43
1.0000
 50
0.0000
  0
INSERT
  8
21
  2
RECT
 10
8.9718
 20
50.6645
 30
0.0000
 41
0.1524
 42
0.0305
 43
1.0000
 50
0.0000
  0
INSERT
  8
21
  2
RECT
 10
10.0539
 20
50.6645
 30
0.0000
 41
0.1219
 42
0.0305
 43
1.0000
 50
0.0000
  0
INSERT
  8
21
  2
RECT
 10
6.8230
 20
50.6950
 30
0.0000
 41
0.1219
 42
0.0305
 43
1.0000
 50
0.0000
  0
INSERT
  8
21
  2
RECT
 10
7.8136
 20
50.6950
 30
0.0000
 41
0.2743
 42
0.0305
 43
1.0000
 50
0.0000
  0
INSERT
  8
21
  2
RECT
 10
8.0879
 20
50.6950
 30
0.0000
 41
0.1524
 42
0.0305
 43
1.0000
 50
0.0000
  0
INSERT
  8
21
  2
RECT
 10
8.9718
 20
50.6950
 30
0.0000
 41
0.1524
 42
0.0305
 43
1.0000
 50
0.0000
  0
INSERT
  8
21
  2
RECT
 10
10.0539
 20
50.6950
 30
0.0000
 41
0.1219
 42
0.0305
 43
1.0000
 50
0.0000
  0
INSERT
  8
21
  2
RECT
 10
6.8230
 20
50.7255
 30
0.0000
 41
0.1219
 42
0.0305
 43
1.0000
 50
0.0000
  0
INSERT
  8
21
  2
RECT
 10
7.9508
 20
50.7255
 30
0.0000
 41
0.4267
 42
0.0305
 43
1.0000
 50
0.0000
  0
INSERT
  8
21
  2
RECT
 10
8.9718
 20
50.7255
 30
0.0000
 41
0.1524
 42
0.0305
 43
1.0000
 50
0.0000
  0
INSERT
  8
21
  2
RECT
 10
10.0539
 20
50.7255
 30
0.0000
 41
0.1219
 42
0.0305
 43
1.0000
 50
0.0000
  0
INSERT
  8
21
  2
RECT
 10
6.8230
 20
50.7559
 30
0.0000
 41
0.1219
 42
0.0305
 43
1.0000
 50
0.0000
  0
INSERT
  8
21
  2
RECT
 10
7.9660
 20
50.7559
 30
0.0000
 41
0.3962
 42
0.0305
 43
1.0000
 50
0.0000
  0
INSERT
  8
21
  2
RECT
 10
8.9718
 20
50.7559
 30
0.0000
 41
0.1524
 42
0.0305
 43
1.0000
 50
0.0000
  0
INSERT
  8
21
  2
RECT
 10
10.0539
 20
50.7559
 30
0.0000
 41
0.1219
 42
0.0305
 43
1.0000
 50
0.0000
  0
INSERT
  8
21
  2
RECT
 10
6.8230
 20
50.7864
 30
0.0000
 41
0.1219
 42
0.0305
 43
1.0000
 50
0.0000
  0
INSERT
  8
21
  2
RECT
 10
7.9965
 20
50.7864
 30
0.0000
 41
0.3353
 42
0.0305
 43
1.0000
 50
0.0000
  0
INSERT
  8
21
  2
RECT
 10
8.9718
 20
50.7864
 30
0.0000
 41
0.1524
 42
0.0305
 43
1.0000
 50
0.0000
  0
INSERT
  8
21
  2
RECT
 10
10.0539
 20
50.7864
 30
0.0000
 41
0.1219
 42
0.0305
 43
1.0000
 50
0.0000
  0
INSERT
  8
21
  2
RECT
 10
6.8230
 20
50.8169
 30
0.0000
 41
0.1219
 42
0.0305
 43
1.0000
 50
0.0000
  0
INSERT
  8
21
  2
RECT
 10
8.4537
 20
50.8169
 30
0.0000
 41
1.1887
 42
0.0305
 43
1.0000
 50
0.0000
  0
INSERT
  8
21
  2
RECT
 10
10.0539
 20
50.8169
 30
0.0000
 41
0.1219
 42
0.0305
 43
1.0000
 50
0.0000
  0
INSERT
  8
21
  2
RECT
 10
6.8230
 20
50.8474
 30
0.0000
 41
0.1219
 42
0.0305
 43
1.0000
 50
0.0000
  0
INSERT
  8
21
  2
RECT
 10
8.4689
 20
50.8474
 30
0.0000
 41
1.1582
 42
0.0305
 43
1.0000
 50
0.0000
  0
INSERT
  8
21
  2
RECT
 10
10.0539
 20
50.8474
 30
0.0000
 41
0.1219
 42
0.0305
 43
1.0000
 50
0.0000
  0
INSERT
  8
21
  2
RECT
 10
6.8230
 20
50.8779
 30
0.0000
 41
0.1219
 42
0.0305
 43
1.0000
 50
0.0000
  0
INSERT
  8
21
  2
RECT
 10
8.4842
 20
50.8779
 30
0.0000
 41
1.1278
 42
0.0305
 43
1.0000
 50
0.0000
  0
INSERT
  8
21
  2
RECT
 10
10.0539
 20
50.8779
 30
0.0000
 41
0.1219
 42
0.0305
 43
1.0000
 50
0.0000
  0
INSERT
  8
21
  2
RECT
 10
6.8230
 20
50.9083
 30
0.0000
 41
0.1219
 42
0.0305
 43
1.0000
 50
0.0000
  0
INSERT
  8
21
  2
RECT
 10
8.4994
 20
50.9083
 30
0.0000
 41
1.0973
 42
0.0305
 43
1.0000
 50
0.0000
  0
INSERT
  8
21
  2
RECT
 10
10.0539
 20
50.9083
 30
0.0000
 41
0.1219
 42
0.0305
 43
1.0000
 50
0.0000
  0
INSERT
  8
21
  2
RECT
 10
6.8230
 20
50.9388
 30
0.0000
 41
0.1219
 42
0.0305
 43
1.0000
 50
0.0000
  0
INSERT
  8
21
  2
RECT
 10
8.5146
 20
50.9388
 30
0.0000
 41
1.0668
 42
0.0305
 43
1.0000
 50
0.0000
  0
INSERT
  8
21
  2
RECT
 10
10.0539
 20
50.9388
 30
0.0000
 41
0.1219
 42
0.0305
 43
1.0000
 50
0.0000
  0
INSERT
  8
21
  2
RECT
 10
6.8230
 20
50.9693
 30
0.0000
 41
0.1219
 42
0.0305
 43
1.0000
 50
0.0000
  0
INSERT
  8
21
  2
RECT
 10
8.1032
 20
50.9693
 30
0.0000
 41
0.1829
 42
0.0305
 43
1.0000
 50
0.0000
  0
INSERT
  8
21
  2
RECT
 10
10.0539
 20
50.9693
 30
0.0000
 41
0.1219
 42
0.0305
 43
1.0000
 50
0.0000
  0
INSERT
  8
21
  2
RECT
 10
6.8230
 20
50.9998
 30
0.0000
 41
0.1219
 42
0.0305
 43
1.0000
 50
0.0000
  0
INSERT
  8
21
  2
RECT
 10
8.1337
 20
50.9998
 30
0.0000
 41
0.1829
 42
0.0305
 43
1.0000
 50
0.0000
  0
INSERT
  8
21
  2
RECT
 10
10.0539
 20
50.9998
 30
0.0000
 41
0.1219
 42
0.0305
 43
1.0000
 50
0.0000
  0
INSERT
  8
21
  2
RECT
 10
6.8230
 20
51.0303
 30
0.0000
 41
0.1219
 42
0.0305
 43
1.0000
 50
0.0000
  0
INSERT
  8
21
  2
RECT
 10
8.1641
 20
51.0303
 30
0.0000
 41
0.1829
 42
0.0305
 43
1.0000
 50
0.0000
  0
INSERT
  8
21
  2
RECT
 10
10.0539
 20
51.0303
 30
0.0000
 41
0.1219
 42
0.0305
 43
1.0000
 50
0.0000
  0
INSERT
  8
21
  2
RECT
 10
6.8230
 20
51.0607
 30
0.0000
 41
0.1219
 42
0.0305
 43
1.0000
 50
0.0000
  0
INSERT
  8
21
  2
RECT
 10
8.1794
 20
51.0607
 30
0.0000
 41
0.1524
 42
0.0305
 43
1.0000
 50
0.0000
  0
INSERT
  8
21
  2
RECT
 10
10.0539
 20
51.0607
 30
0.0000
 41
0.1219
 42
0.0305
 43
1.0000
 50
0.0000
  0
INSERT
  8
21
  2
RECT
 10
6.8230
 20
51.0912
 30
0.0000
 41
0.1219
 42
0.0305
 43
1.0000
 50
0.0000
  0
INSERT
  8
21
  2
RECT
 10
8.1946
 20
51.0912
 30
0.0000
 41
0.1829
 42
0.0305
 43
1.0000
 50
0.0000
  0
INSERT
  8
21
  2
RECT
 10
10.0539
 20
51.0912
 30
0.0000
 41
0.1219
 42
0.0305
 43
1.0000
 50
0.0000
  0
INSERT
  8
21
  2
RECT
 10
6.8230
 20
51.1217
 30
0.0000
 41
0.1219
 42
0.0305
 43
1.0000
 50
0.0000
  0
INSERT
  8
21
  2
RECT
 10
8.2251
 20
51.1217
 30
0.0000
 41
0.1829
 42
0.0305
 43
1.0000
 50
0.0000
  0
INSERT
  8
21
  2
RECT
 10
10.0539
 20
51.1217
 30
0.0000
 41
0.1219
 42
0.0305
 43
1.0000
 50
0.0000
  0
INSERT
  8
21
  2
RECT
 10
6.8230
 20
51.1522
 30
0.0000
 41
0.1219
 42
0.0305
 43
1.0000
 50
0.0000
  0
INSERT
  8
21
  2
RECT
 10
8.2403
 20
51.1522
 30
0.0000
 41
0.1524
 42
0.0305
 43
1.0000
 50
0.0000
  0
INSERT
  8
21
  2
RECT
 10
10.0539
 20
51.1522
 30
0.0000
 41
0.1219
 42
0.0305
 43
1.0000
 50
0.0000
  0
INSERT
  8
21
  2
RECT
 10
6.8230
 20
51.1827
 30
0.0000
 41
0.1219
 42
0.0305
 43
1.0000
 50
0.0000
  0
INSERT
  8
21
  2
RECT
 10
8.4384
 20
51.1827
 30
0.0000
 41
1.7069
 42
0.0305
 43
1.0000
 50
0.0000
  0
INSERT
  8
21
  2
RECT
 10
10.0539
 20
51.1827
 30
0.0000
 41
0.1219
 42
0.0305
 43
1.0000
 50
0.0000
  0
INSERT
  8
21
  2
RECT
 10
6.8230
 20
51.2131
 30
0.0000
 41
0.1219
 42
0.0305
 43
1.0000
 50
0.0000
  0
INSERT
  8
21
  2
RECT
 10
8.4384
 20
51.2131
 30
0.0000
 41
1.7069
 42
0.0305
 43
1.0000
 50
0.0000
  0
INSERT
  8
21
  2
RECT
 10
10.0539
 20
51.2131
 30
0.0000
 41
0.1219
 42
0.0305
 43
1.0000
 50
0.0000
  0
INSERT
  8
21
  2
RECT
 10
6.8230
 20
51.2436
 30
0.0000
 41
0.1219
 42
0.0305
 43
1.0000
 50
0.0000
  0
INSERT
  8
21
  2
RECT
 10
8.4384
 20
51.2436
 30
0.0000
 41
1.7069
 42
0.0305
 43
1.0000
 50
0.0000
  0
INSERT
  8
21
  2
RECT
 10
10.0539
 20
51.2436
 30
0.0000
 41
0.1219
 42
0.0305
 43
1.0000
 50
0.0000
  0
INSERT
  8
21
  2
RECT
 10
6.8230
 20
51.2741
 30
0.0000
 41
0.1219
 42
0.0305
 43
1.0000
 50
0.0000
  0
INSERT
  8
21
  2
RECT
 10
8.4384
 20
51.2741
 30
0.0000
 41
1.7069
 42
0.0305
 43
1.0000
 50
0.0000
  0
INSERT
  8
21
  2
RECT
 10
10.0539
 20
51.2741
 30
0.0000
 41
0.1219
 42
0.0305
 43
1.0000
 50
0.0000
  0
INSERT
  8
21
  2
RECT
 10
6.8230
 20
51.3046
 30
0.0000
 41
0.1219
 42
0.0305
 43
1.0000
 50
0.0000
  0
INSERT
  8
21
  2
RECT
 10
8.4384
 20
51.3046
 30
0.0000
 41
1.7069
 42
0.0305
 43
1.0000
 50
0.0000
  0
INSERT
  8
21
  2
RECT
 10
10.0539
 20
51.3046
 30
0.0000
 41
0.1219
 42
0.0305
 43
1.0000
 50
0.0000
  0
INSERT
  8
21
  2
RECT
 10
6.8230
 20
51.3351
 30
0.0000
 41
0.1219
 42
0.0305
 43
1.0000
 50
0.0000
  0
INSERT
  8
21
  2
RECT
 10
8.3165
 20
51.3351
 30
0.0000
 41
0.1829
 42
0.0305
 43
1.0000
 50
0.0000
  0
INSERT
  8
21
  2
RECT
 10
10.0539
 20
51.3351
 30
0.0000
 41
0.1219
 42
0.0305
 43
1.0000
 50
0.0000
  0
INSERT
  8
21
  2
RECT
 10
6.8230
 20
51.3655
 30
0.0000
 41
0.1219
 42
0.0305
 43
1.0000
 50
0.0000
  0
INSERT
  8
21
  2
RECT
 10
8.3318
 20
51.3655
 30
0.0000
 41
0.1524
 42
0.0305
 43
1.0000
 50
0.0000
  0
INSERT
  8
21
  2
RECT
 10
10.0539
 20
51.3655
 30
0.0000
 41
0.1219
 42
0.0305
 43
1.0000
 50
0.0000
  0
INSERT
  8
21
  2
RECT
 10
6.8230
 20
51.3960
 30
0.0000
 41
0.1219
 42
0.0305
 43
1.0000
 50
0.0000
  0
INSERT
  8
21
  2
RECT
 10
8.3318
 20
51.3960
 30
0.0000
 41
0.1524
 42
0.0305
 43
1.0000
 50
0.0000
  0
INSERT
  8
21
  2
RECT
 10
10.0539
 20
51.3960
 30
0.0000
 41
0.1219
 42
0.0305
 43
1.0000
 50
0.0000
  0
INSERT
  8
21
  2
RECT
 10
6.8230
 20
51.4265
 30
0.0000
 41
0.1219
 42
0.0305
 43
1.0000
 50
0.0000
  0
INSERT
  8
21
  2
RECT
 10
8.3470
 20
51.4265
 30
0.0000
 41
0.1829
 42
0.0305
 43
1.0000
 50
0.0000
  0
INSERT
  8
21
  2
RECT
 10
10.0539
 20
51.4265
 30
0.0000
 41
0.1219
 42
0.0305
 43
1.0000
 50
0.0000
  0
INSERT
  8
21
  2
RECT
 10
6.8230
 20
51.4570
 30
0.0000
 41
0.1219
 42
0.0305
 43
1.0000
 50
0.0000
  0
INSERT
  8
21
  2
RECT
 10
8.3622
 20
51.4570
 30
0.0000
 41
0.1524
 42
0.0305
 43
1.0000
 50
0.0000
  0
INSERT
  8
21
  2
RECT
 10
10.0539
 20
51.4570
 30
0.0000
 41
0.1219
 42
0.0305
 43
1.0000
 50
0.0000
  0
INSERT
  8
21
  2
RECT
 10
6.8230
 20
51.4875
 30
0.0000
 41
0.1219
 42
0.0305
 43
1.0000
 50
0.0000
  0
INSERT
  8
21
  2
RECT
 10
8.1184
 20
51.4875
 30
0.0000
 41
0.1524
 42
0.0305
 43
1.0000
 50
0.0000
  0
INSERT
  8
21
  2
RECT
 10
8.3775
 20
51.4875
 30
0.0000
 41
0.1829
 42
0.0305
 43
1.0000
 50
0.0000
  0
INSERT
  8
21
  2
RECT
 10
8.7280
 20
51.4875
 30
0.0000
 41
0.1524
 42
0.0305
 43
1.0000
 50
0.0000
  0
INSERT
  8
21
  2
RECT
 10
10.0539
 20
51.4875
 30
0.0000
 41
0.1219
 42
0.0305
 43
1.0000
 50
0.0000
  0
INSERT
  8
21
  2
RECT
 10
6.8230
 20
51.5179
 30
0.0000
 41
0.1219
 42
0.0305
 43
1.0000
 50
0.0000
  0
INSERT
  8
21
  2
RECT
 10
8.1184
 20
51.5179
 30
0.0000
 41
0.1524
 42
0.0305
 43
1.0000
 50
0.0000
  0
INSERT
  8
21
  2
RECT
 10
8.3470
 20
51.5179
 30
0.0000
 41
0.1219
 42
0.0305
 43
1.0000
 50
0.0000
  0
INSERT
  8
21
  2
RECT
 10
8.7280
 20
51.5179
 30
0.0000
 41
0.1524
 42
0.0305
 43
1.0000
 50
0.0000
  0
INSERT
  8
21
  2
RECT
 10
10.0539
 20
51.5179
 30
0.0000
 41
0.1219
 42
0.0305
 43
1.0000
 50
0.0000
  0
INSERT
  8
21
  2
RECT
 10
6.8230
 20
51.5484
 30
0.0000
 41
0.1219
 42
0.0305
 43
1.0000
 50
0.0000
  0
INSERT
  8
21
  2
RECT
 10
8.1184
 20
51.5484
 30
0.0000
 41
0.1524
 42
0.0305
 43
1.0000
 50
0.0000
  0
INSERT
  8
21
  2
RECT
 10
8.7280
 20
51.5484
 30
0.0000
 41
0.1524
 42
0.0305
 43
1.0000
 50
0.0000
  0
INSERT
  8
21
  2
RECT
 10
10.0539
 20
51.5484
 30
0.0000
 41
0.1219
 42
0.0305
 43
1.0000
 50
0.0000
  0
INSERT
  8
21
  2
RECT
 10
6.8230
 20
51.5789
 30
0.0000
 41
0.1219
 42
0.0305
 43
1.0000
 50
0.0000
  0
INSERT
  8
21
  2
RECT
 10
8.1184
 20
51.5789
 30
0.0000
 41
0.1524
 42
0.0305
 43
1.0000
 50
0.0000
  0
INSERT
  8
21
  2
RECT
 10
8.7280
 20
51.5789
 30
0.0000
 41
0.1524
 42
0.0305
 43
1.0000
 50
0.0000
  0
INSERT
  8
21
  2
RECT
 10
10.0539
 20
51.5789
 30
0.0000
 41
0.1219
 42
0.0305
 43
1.0000
 50
0.0000
  0
INSERT
  8
21
  2
RECT
 10
6.8230
 20
51.6094
 30
0.0000
 41
0.1219
 42
0.0305
 43
1.0000
 50
0.0000
  0
INSERT
  8
21
  2
RECT
 10
8.1184
 20
51.6094
 30
0.0000
 41
0.1524
 42
0.0305
 43
1.0000
 50
0.0000
  0
INSERT
  8
21
  2
RECT
 10
8.7280
 20
51.6094
 30
0.0000
 41
0.1524
 42
0.0305
 43
1.0000
 50
0.0000
  0
INSERT
  8
21
  2
RECT
 10
10.0539
 20
51.6094
 30
0.0000
 41
0.1219
 42
0.0305
 43
1.0000
 50
0.0000
  0
INSERT
  8
21
  2
RECT
 10
6.8230
 20
51.6399
 30
0.0000
 41
0.1219
 42
0.0305
 43
1.0000
 50
0.0000
  0
INSERT
  8
21
  2
RECT
 10
8.1184
 20
51.6399
 30
0.0000
 41
0.1524
 42
0.0305
 43
1.0000
 50
0.0000
  0
INSERT
  8
21
  2
RECT
 10
8.7280
 20
51.6399
 30
0.0000
 41
0.1524
 42
0.0305
 43
1.0000
 50
0.0000
  0
INSERT
  8
21
  2
RECT
 10
10.0539
 20
51.6399
 30
0.0000
 41
0.1219
 42
0.0305
 43
1.0000
 50
0.0000
  0
INSERT
  8
21
  2
RECT
 10
6.8383
 20
51.6703
 30
0.0000
 41
0.0914
 42
0.0305
 43
1.0000
 50
0.0000
  0
INSERT
  8
21
  2
RECT
 10
8.4080
 20
51.6703
 30
0.0000
 41
1.7069
 42
0.0305
 43
1.0000
 50
0.0000
  0
INSERT
  8
21
  2
RECT
 10
10.0539
 20
51.6703
 30
0.0000
 41
0.1219
 42
0.0305
 43
1.0000
 50
0.0000
  0
INSERT
  8
21
  2
RECT
 10
6.8383
 20
51.7008
 30
0.0000
 41
0.0914
 42
0.0305
 43
1.0000
 50
0.0000
  0
INSERT
  8
21
  2
RECT
 10
8.4080
 20
51.7008
 30
0.0000
 41
1.7069
 42
0.0305
 43
1.0000
 50
0.0000
  0
INSERT
  8
21
  2
RECT
 10
10.0539
 20
51.7008
 30
0.0000
 41
0.1219
 42
0.0305
 43
1.0000
 50
0.0000
  0
INSERT
  8
21
  2
RECT
 10
6.8383
 20
51.7313
 30
0.0000
 41
0.0914
 42
0.0305
 43
1.0000
 50
0.0000
  0
INSERT
  8
21
  2
RECT
 10
8.4080
 20
51.7313
 30
0.0000
 41
1.7069
 42
0.0305
 43
1.0000
 50
0.0000
  0
INSERT
  8
21
  2
RECT
 10
10.0539
 20
51.7313
 30
0.0000
 41
0.1219
 42
0.0305
 43
1.0000
 50
0.0000
  0
INSERT
  8
21
  2
RECT
 10
6.8383
 20
51.7618
 30
0.0000
 41
0.0914
 42
0.0305
 43
1.0000
 50
0.0000
  0
INSERT
  8
21
  2
RECT
 10
8.4080
 20
51.7618
 30
0.0000
 41
1.7069
 42
0.0305
 43
1.0000
 50
0.0000
  0
INSERT
  8
21
  2
RECT
 10
10.0387
 20
51.7618
 30
0.0000
 41
0.0914
 42
0.0305
 43
1.0000
 50
0.0000
  0
INSERT
  8
21
  2
RECT
 10
6.8383
 20
51.7923
 30
0.0000
 41
0.0914
 42
0.0305
 43
1.0000
 50
0.0000
  0
INSERT
  8
21
  2
RECT
 10
8.4080
 20
51.7923
 30
0.0000
 41
1.7069
 42
0.0305
 43
1.0000
 50
0.0000
  0
INSERT
  8
21
  2
RECT
 10
10.0387
 20
51.7923
 30
0.0000
 41
0.0914
 42
0.0305
 43
1.0000
 50
0.0000
  0
INSERT
  8
21
  2
RECT
 10
6.8535
 20
51.8227
 30
0.0000
 41
0.1219
 42
0.0305
 43
1.0000
 50
0.0000
  0
INSERT
  8
21
  2
RECT
 10
8.1184
 20
51.8227
 30
0.0000
 41
0.1524
 42
0.0305
 43
1.0000
 50
0.0000
  0
INSERT
  8
21
  2
RECT
 10
8.7280
 20
51.8227
 30
0.0000
 41
0.1524
 42
0.0305
 43
1.0000
 50
0.0000
  0
INSERT
  8
21
  2
RECT
 10
10.0387
 20
51.8227
 30
0.0000
 41
0.0914
 42
0.0305
 43
1.0000
 50
0.0000
  0
INSERT
  8
21
  2
RECT
 10
6.8535
 20
51.8532
 30
0.0000
 41
0.1219
 42
0.0305
 43
1.0000
 50
0.0000
  0
INSERT
  8
21
  2
RECT
 10
8.1184
 20
51.8532
 30
0.0000
 41
0.1524
 42
0.0305
 43
1.0000
 50
0.0000
  0
INSERT
  8
21
  2
RECT
 10
8.7280
 20
51.8532
 30
0.0000
 41
0.1524
 42
0.0305
 43
1.0000
 50
0.0000
  0
INSERT
  8
21
  2
RECT
 10
10.0234
 20
51.8532
 30
0.0000
 41
0.1219
 42
0.0305
 43
1.0000
 50
0.0000
  0
INSERT
  8
21
  2
RECT
 10
6.8535
 20
51.8837
 30
0.0000
 41
0.1219
 42
0.0305
 43
1.0000
 50
0.0000
  0
INSERT
  8
21
  2
RECT
 10
8.1184
 20
51.8837
 30
0.0000
 41
0.1524
 42
0.0305
 43
1.0000
 50
0.0000
  0
INSERT
  8
21
  2
RECT
 10
8.7280
 20
51.8837
 30
0.0000
 41
0.1524
 42
0.0305
 43
1.0000
 50
0.0000
  0
INSERT
  8
21
  2
RECT
 10
10.0234
 20
51.8837
 30
0.0000
 41
0.1219
 42
0.0305
 43
1.0000
 50
0.0000
  0
INSERT
  8
21
  2
RECT
 10
6.8535
 20
51.9142
 30
0.0000
 41
0.1219
 42
0.0305
 43
1.0000
 50
0.0000
  0
INSERT
  8
21
  2
RECT
 10
8.1184
 20
51.9142
 30
0.0000
 41
0.1524
 42
0.0305
 43
1.0000
 50
0.0000
  0
INSERT
  8
21
  2
RECT
 10
8.7280
 20
51.9142
 30
0.0000
 41
0.1524
 42
0.0305
 43
1.0000
 50
0.0000
  0
INSERT
  8
21
  2
RECT
 10
10.0234
 20
51.9142
 30
0.0000
 41
0.1219
 42
0.0305
 43
1.0000
 50
0.0000
  0
INSERT
  8
21
  2
RECT
 10
6.8687
 20
51.9447
 30
0.0000
 41
0.0914
 42
0.0305
 43
1.0000
 50
0.0000
  0
INSERT
  8
21
  2
RECT
 10
8.1184
 20
51.9447
 30
0.0000
 41
0.1524
 42
0.0305
 43
1.0000
 50
0.0000
  0
INSERT
  8
21
  2
RECT
 10
8.7280
 20
51.9447
 30
0.0000
 41
0.1524
 42
0.0305
 43
1.0000
 50
0.0000
  0
INSERT
  8
21
  2
RECT
 10
10.0234
 20
51.9447
 30
0.0000
 41
0.1219
 42
0.0305
 43
1.0000
 50
0.0000
  0
INSERT
  8
21
  2
RECT
 10
6.8840
 20
51.9751
 30
0.0000
 41
0.1219
 42
0.0305
 43
1.0000
 50
0.0000
  0
INSERT
  8
21
  2
RECT
 10
8.1184
 20
51.9751
 30
0.0000
 41
0.1524
 42
0.0305
 43
1.0000
 50
0.0000
  0
INSERT
  8
21
  2
RECT
 10
8.7280
 20
51.9751
 30
0.0000
 41
0.1524
 42
0.0305
 43
1.0000
 50
0.0000
  0
INSERT
  8
21
  2
RECT
 10
10.0082
 20
51.9751
 30
0.0000
 41
0.0914
 42
0.0305
 43
1.0000
 50
0.0000
  0
INSERT
  8
21
  2
RECT
 10
6.8840
 20
52.0056
 30
0.0000
 41
0.1219
 42
0.0305
 43
1.0000
 50
0.0000
  0
INSERT
  8
21
  2
RECT
 10
8.1184
 20
52.0056
 30
0.0000
 41
0.1524
 42
0.0305
 43
1.0000
 50
0.0000
  0
INSERT
  8
21
  2
RECT
 10
8.7280
 20
52.0056
 30
0.0000
 41
0.1524
 42
0.0305
 43
1.0000
 50
0.0000
  0
INSERT
  8
21
  2
RECT
 10
9.9929
 20
52.0056
 30
0.0000
 41
0.1219
 42
0.0305
 43
1.0000
 50
0.0000
  0
INSERT
  8
21
  2
RECT
 10
6.8840
 20
52.0361
 30
0.0000
 41
0.1219
 42
0.0305
 43
1.0000
 50
0.0000
  0
INSERT
  8
21
  2
RECT
 10
9.9929
 20
52.0361
 30
0.0000
 41
0.1219
 42
0.0305
 43
1.0000
 50
0.0000
  0
INSERT
  8
21
  2
RECT
 10
6.9145
 20
52.0666
 30
0.0000
 41
0.1219
 42
0.0305
 43
1.0000
 50
0.0000
  0
INSERT
  8
21
  2
RECT
 10
9.9929
 20
52.0666
 30
0.0000
 41
0.1219
 42
0.0305
 43
1.0000
 50
0.0000
  0
INSERT
  8
21
  2
RECT
 10
6.9145
 20
52.0971
 30
0.0000
 41
0.1219
 42
0.0305
 43
1.0000
 50
0.0000
  0
INSERT
  8
21
  2
RECT
 10
9.9625
 20
52.0971
 30
0.0000
 41
0.1219
 42
0.0305
 43
1.0000
 50
0.0000
  0
INSERT
  8
21
  2
RECT
 10
6.9145
 20
52.1275
 30
0.0000
 41
0.1219
 42
0.0305
 43
1.0000
 50
0.0000
  0
INSERT
  8
21
  2
RECT
 10
9.9625
 20
52.1275
 30
0.0000
 41
0.1219
 42
0.0305
 43
1.0000
 50
0.0000
  0
INSERT
  8
21
  2
RECT
 10
6.9449
 20
52.1580
 30
0.0000
 41
0.1219
 42
0.0305
 43
1.0000
 50
0.0000
  0
INSERT
  8
21
  2
RECT
 10
9.9625
 20
52.1580
 30
0.0000
 41
0.1219
 42
0.0305
 43
1.0000
 50
0.0000
  0
INSERT
  8
21
  2
RECT
 10
6.9449
 20
52.1885
 30
0.0000
 41
0.1219
 42
0.0305
 43
1.0000
 50
0.0000
  0
INSERT
  8
21
  2
RECT
 10
9.9320
 20
52.1885
 30
0.0000
 41
0.1219
 42
0.0305
 43
1.0000
 50
0.0000
  0
INSERT
  8
21
  2
RECT
 10
6.9602
 20
52.2190
 30
0.0000
 41
0.1524
 42
0.0305
 43
1.0000
 50
0.0000
  0
INSERT
  8
21
  2
RECT
 10
9.9320
 20
52.2190
 30
0.0000
 41
0.1219
 42
0.0305
 43
1.0000
 50
0.0000
  0
INSERT
  8
21
  2
RECT
 10
6.9754
 20
52.2495
 30
0.0000
 41
0.1219
 42
0.0305
 43
1.0000
 50
0.0000
  0
INSERT
  8
21
  2
RECT
 10
9.9167
 20
52.2495
 30
0.0000
 41
0.1524
 42
0.0305
 43
1.0000
 50
0.0000
  0
INSERT
  8
21
  2
RECT
 10
6.9907
 20
52.2799
 30
0.0000
 41
0.1524
 42
0.0305
 43
1.0000
 50
0.0000
  0
INSERT
  8
21
  2
RECT
 10
9.9015
 20
52.2799
 30
0.0000
 41
0.1219
 42
0.0305
 43
1.0000
 50
0.0000
  0
INSERT
  8
21
  2
RECT
 10
6.9907
 20
52.3104
 30
0.0000
 41
0.1524
 42
0.0305
 43
1.0000
 50
0.0000
  0
INSERT
  8
21
  2
RECT
 10
9.8863
 20
52.3104
 30
0.0000
 41
0.1524
 42
0.0305
 43
1.0000
 50
0.0000
  0
INSERT
  8
21
  2
RECT
 10
7.0211
 20
52.3409
 30
0.0000
 41
0.1524
 42
0.0305
 43
1.0000
 50
0.0000
  0
INSERT
  8
21
  2
RECT
 10
9.8558
 20
52.3409
 30
0.0000
 41
0.1524
 42
0.0305
 43
1.0000
 50
0.0000
  0
INSERT
  8
21
  2
RECT
 10
7.0211
 20
52.3714
 30
0.0000
 41
0.1524
 42
0.0305
 43
1.0000
 50
0.0000
  0
INSERT
  8
21
  2
RECT
 10
9.8558
 20
52.3714
 30
0.0000
 41
0.1524
 42
0.0305
 43
1.0000
 50
0.0000
  0
INSERT
  8
21
  2
RECT
 10
7.0516
 20
52.4019
 30
0.0000
 41
0.1524
 42
0.0305
 43
1.0000
 50
0.0000
  0
INSERT
  8
21
  2
RECT
 10
9.8253
 20
52.4019
 30
0.0000
 41
0.1524
 42
0.0305
 43
1.0000
 50
0.0000
  0
INSERT
  8
21
  2
RECT
 10
7.0821
 20
52.4323
 30
0.0000
 41
0.1524
 42
0.0305
 43
1.0000
 50
0.0000
  0
INSERT
  8
21
  2
RECT
 10
9.8101
 20
52.4323
 30
0.0000
 41
0.1829
 42
0.0305
 43
1.0000
 50
0.0000
  0
INSERT
  8
21
  2
RECT
 10
7.0973
 20
52.4628
 30
0.0000
 41
0.1829
 42
0.0305
 43
1.0000
 50
0.0000
  0
INSERT
  8
21
  2
RECT
 10
9.7948
 20
52.4628
 30
0.0000
 41
0.1524
 42
0.0305
 43
1.0000
 50
0.0000
  0
INSERT
  8
21
  2
RECT
 10
7.1278
 20
52.4933
 30
0.0000
 41
0.1829
 42
0.0305
 43
1.0000
 50
0.0000
  0
INSERT
  8
21
  2
RECT
 10
9.7643
 20
52.4933
 30
0.0000
 41
0.1524
 42
0.0305
 43
1.0000
 50
0.0000
  0
INSERT
  8
21
  2
RECT
 10
7.1583
 20
52.5238
 30
0.0000
 41
0.1829
 42
0.0305
 43
1.0000
 50
0.0000
  0
INSERT
  8
21
  2
RECT
 10
9.7491
 20
52.5238
 30
0.0000
 41
0.1829
 42
0.0305
 43
1.0000
 50
0.0000
  0
INSERT
  8
21
  2
RECT
 10
7.1735
 20
52.5543
 30
0.0000
 41
0.2134
 42
0.0305
 43
1.0000
 50
0.0000
  0
INSERT
  8
21
  2
RECT
 10
9.7186
 20
52.5543
 30
0.0000
 41
0.1829
 42
0.0305
 43
1.0000
 50
0.0000
  0
INSERT
  8
21
  2
RECT
 10
7.2040
 20
52.5847
 30
0.0000
 41
0.2134
 42
0.0305
 43
1.0000
 50
0.0000
  0
INSERT
  8
21
  2
RECT
 10
9.6729
 20
52.5847
 30
0.0000
 41
0.2134
 42
0.0305
 43
1.0000
 50
0.0000
  0
INSERT
  8
21
  2
RECT
 10
7.2497
 20
52.6152
 30
0.0000
 41
0.2438
 42
0.0305
 43
1.0000
 50
0.0000
  0
INSERT
  8
21
  2
RECT
 10
9.6424
 20
52.6152
 30
0.0000
 41
0.2134
 42
0.0305
 43
1.0000
 50
0.0000
  0
INSERT
  8
21
  2
RECT
 10
7.2802
 20
52.6457
 30
0.0000
 41
0.2438
 42
0.0305
 43
1.0000
 50
0.0000
  0
INSERT
  8
21
  2
RECT
 10
9.5967
 20
52.6457
 30
0.0000
 41
0.2438
 42
0.0305
 43
1.0000
 50
0.0000
  0
INSERT
  8
21
  2
RECT
 10
7.3412
 20
52.6762
 30
0.0000
 41
0.3048
 42
0.0305
 43
1.0000
 50
0.0000
  0
INSERT
  8
21
  2
RECT
 10
9.5357
 20
52.6762
 30
0.0000
 41
0.3048
 42
0.0305
 43
1.0000
 50
0.0000
  0
INSERT
  8
21
  2
RECT
 10
8.4384
 20
52.7067
 30
0.0000
 41
2.4384
 42
0.0305
 43
1.0000
 50
0.0000
  0
INSERT
  8
21
  2
RECT
 10
8.4384
 20
52.7371
 30
0.0000
 41
2.3774
 42
0.0305
 43
1.0000
 50
0.0000
  0
INSERT
  8
21
  2
RECT
 10
8.4384
 20
52.7676
 30
0.0000
 41
2.2555
 42
0.0305
 43
1.0000
 50
0.0000
  0
INSERT
  8
21
  2
RECT
 10
8.4537
 20
52.7981
 30
0.0000
 41
2.1641
 42
0.0305
 43
1.0000
 50
0.0000
  0
INSERT
  8
21
  2
RECT
 10
8.4384
 20
52.8286
 30
0.0000
 41
2.0117
 42
0.0305
 43
1.0000
 50
0.0000
  0
INSERT
  8
21
  2
RECT
 10
8.4384
 20
52.8591
 30
0.0000
 41
1.7678
 42
0.0305
 43
1.0000
 50
0.0000
  0
ENDSEC
  0
EOF
